gene	region	logFC_DEG	logCPM_DEG	LR	PValue_DEG	padj	logFC_DTR	logCPM_DTR	F	PValue_DTR	FDR	DTR_direction
HELPU_000044	jcf7180000417096_406501_406600	0.771292709327129	5.28769030334114	9.01283173188258	0.00268090736948638	0.0295476737582463	-5.30156351303888	0.223035381654417	10.3159957878192	0.00482574038284076	0.0488521361644141	DTR_Mdw
HELPU_000126	jcf7180000420409_225101_225200	1.73259807745031	5.83860150800923	8.78852165318798	0.00303131802912099	0.0322389819463101	6.14314645815003	-0.750369123056915	15.6824501818088	0.00222012623128314	0.0307422816556797	DTR_Mup
HELPU_000177	jcf7180000420409_651901_652000	1.43825234278001	6.17733654247685	15.890479054947	6.7115499808742e-05	0.00202943897853408	4.65018441211158	0.307600921671084	11.83601072642	0.00258369851990507	0.0336703678948473	DTR_Mup
HELPU_000179	jcf7180000420409_684101_684200	-1.73941557749888	3.48421478395693	8.97557865787113	0.00273611916233087	0.0298948379676271	7.65317919123419	4.13355570085985	16.3076661679924	0.000641405646319317	0.0149814349914498	DTR_Mup
HELPU_000184	jcf7180000420409_725201_725500	1.91823850286532	4.74707370392576	11.7260866744985	0.000616300512022365	0.0104560549601807	1.66372462188021	1.60508526975268	14.7559526909134	0.00101662400729019	0.0195730701442568	DTR_Mup
HELPU_000227	jcf7180000417097_174601_174900	3.66868325506586	0.718298714203904	7.64084913649607	0.00570610494369239	0.0498631148093994	2.11455784886967	1.28259870748942	22.9474878745134	0.000110857525318679	0.005539075341209	DTR_Mup
HELPU_000248	jcf7180000417097_348901_349000	-3.61848394297345	2.98250560634904	52.7657625772554	3.75795268031262e-13	2.28107727694976e-10	7.33943569832541	0.769424518556836	81.3779407684067	2.6517061780704e-08	6.49162602962538e-05	DTR_Mup
HELPU_000263	jcf7180000417097_492401_492800	4.05683860618475	3.70754102110936	31.7937674811265	1.71442001221238e-08	2.36114534286964e-06	1.70575705066999	1.97079112051465	13.9871047338291	0.00128820207969757	0.0224494690137762	DTR_Mup
HELPU_000263	jcf7180000417097_491901_492000	4.05683860618475	3.70754102110936	31.7937674811265	1.71442001221238e-08	2.36114534286964e-06	1.72293985908289	0.855437959907821	12.4180753332021	0.00212814857682827	0.0299957637033022	DTR_Mup
HELPU_000263	jcf7180000417097_491201_491300	4.05683860618475	3.70754102110936	31.7937674811265	1.71442001221238e-08	2.36114534286964e-06	1.71074220273435	0.43241704267133	10.1077847210683	0.00470653610371742	0.0481011904861629	DTR_Mup
HELPU_000274	jcf7180000417097_718001_718100	-1.15702915290884	5.89276933396972	15.4389762224187	8.52125375155358e-05	0.00244151796738132	2.94480345157967	0.349198685034191	16.4054254360213	0.000828328768142263	0.0173445225581317	DTR_Mup
HELPU_000325	jcf7180000347063_327101_327200	-0.641072772560638	5.92544258262875	8.43788791852551	0.00367482811651997	0.0371311701613106	6.47351223038685	-0.224305366851346	24.4197190714583	0.000267293159650171	0.00913494545270487	DTR_Mup
HELPU_000470	jcf7180000420429_228201_228700	1.84228227330226	8.12806903946121	13.0406035299957	0.000304809853814006	0.00636373082058311	2.42802972048701	1.56050213983827	13.0637083327246	0.0017257945789402	0.0265674601667261	DTR_Mup
HELPU_000528	jcf7180000417094_318201_318400	1.60474813356748	9.74698523121475	10.5898606423405	0.00113709547991877	0.0162544357404834	3.5393872613526	1.28290765213863	15.8451691464567	0.000734087482064168	0.0162440107559636	DTR_Mup
HELPU_000532	jcf7180000417094_393501_393700	-0.921545635646218	7.63663158066886	10.7258062667293	0.00105651623264219	0.0153776594465123	6.97397285963851	0.369838747931758	18.1956823771692	0.000463433015927942	0.0123882254195395	DTR_Mup
HELPU_000606	jcf7180000422200_263001_263500	-3.30730407601743	2.36925072537927	18.6175495657787	1.59743228279628e-05	0.00063791879296445	5.57446039523793	4.84047808433465	11.8082474227739	0.00260792075463772	0.0338689148940656	DTR_Mup
HELPU_000611	jcf7180000422200_332701_332800	0.796079355979311	7.47412652608652	8.11631131966694	0.00438687285785382	0.0418860701633899	-5.05690298266666	-0.0294846452092317	10.6802518465037	0.00426348725096984	0.0454046756829528	DTR_Mdw
HELPU_000841	jcf7180000420431_99601_100100	0.873717020466739	7.43106343629187	9.43085110701829	0.00213365243030192	0.025376218926138	1.37937252620415	2.28395894986684	14.4215545168287	0.00112467423295939	0.0207398828761722	DTR_Mup
HELPU_000841	jcf7180000420431_98601_98800	0.873717020466739	7.43106343629187	9.43085110701829	0.00213365243030192	0.025376218926138	2.06778294479438	1.06312270843603	10.6006848615791	0.00395055098642817	0.0433375897123578	DTR_Mup
HELPU_000841	jcf7180000420431_97301_97600	0.873717020466739	7.43106343629187	9.43085110701829	0.00213365243030192	0.025376218926138	4.78179277765218	0.81624418000866	21.3227706924899	0.000165695396959261	0.00696501841280455	DTR_Mup
HELPU_000845	jcf7180000420431_136201_136600	0.879368874767804	5.26166036590096	18.8987320898982	1.37844254714907e-05	0.000569050249501919	1.44758175306929	1.48770819973005	11.6583114507801	0.00274316055456494	0.0348757267593934	DTR_Mup
HELPU_000919	jcf7180000347162_548201_548300	1.14483113659772	6.16302287658325	16.4439400524221	5.0110109087894e-05	0.00161346675410903	2.67394752541755	0.00273951641232307	11.4927911329285	0.00289954625059087	0.0360548235931122	DTR_Mup
HELPU_000975	jcf7180000347071_741401_741800	4.2820400289472	2.47112704111998	7.866716950111	0.00503529915229032	0.0456569211272294	2.10335195701046	0.830417994883304	18.882264929989	0.000312425427684326	0.00993417828323028	DTR_Mup
HELPU_000975	jcf7180000347071_734301_735100	4.2820400289472	2.47112704111998	7.866716950111	0.00503529915229032	0.0456569211272294	-3.40757139376939	0.502677731105973	20.3280662617548	0.000213573633390724	0.00803009386862759	DTR_Mdw
HELPU_000997	jcf7180000421689_365601_365800	1.25582473798461	6.06113362331036	8.24603437512889	0.00408411286425737	0.0399266920250592	1.14820590161989	2.93176376001123	13.9043207097719	0.00132012821869409	0.0227716531425528	DTR_Mup
HELPU_001034	jcf7180000347144_94501_94600	1.92630320255138	1.9698768315625	10.0879085242594	0.00149245403844654	0.0198269413532201	-3.77931080993076	0.146586947436476	13.9358014092894	0.0016496589156362	0.0259226942914273	DTR_Mdw
HELPU_001157	jcf7180000413244_500401_500700	3.04247933315527	6.9448037988152	35.836615807294	2.14577039227825e-09	4.04218746655727e-07	-2.49125139920845	3.40198295068966	13.6876585368717	0.00141494350379167	0.0236812480482842	DTR_Mdw
HELPU_001229	jcf7180000392477_330701_331200	-1.07015247387636	5.02352865567985	7.7441905450876	0.00538856088427283	0.0478921498548521	1.29327396694367	3.7886110330456	14.1622257688304	0.00121881901260344	0.0217317700308113	DTR_Mup
HELPU_001283	jcf7180000413248_348501_348700	-1.56165057663547	4.91144926010852	10.3438728213324	0.00129905168443478	0.0179361061973054	-1.51012011142723	2.0736028362929	10.2077663024834	0.00454105967290934	0.0471210411524981	DTR_Mdw
HELPU_001324	jcf7180000420478_387301_387600	-1.05629380625055	6.86137278937356	9.77902250679597	0.00176514128935856	0.022167739916703	-1.18261293311754	3.26582867559868	16.0821296352031	0.000683747369677891	0.0155567326916141	DTR_Mdw
HELPU_001359	jcf7180000347157_237201_237800	0.660670778224195	6.46155877384445	10.1099958752505	0.00147467293770858	0.0196651055948786	-2.52248055129153	1.33220649894106	18.1313151030696	0.000383470710674328	0.0111517074575654	DTR_Mdw
HELPU_001359	jcf7180000347157_236301_236500	0.660670778224195	6.46155877384445	10.1099958752505	0.00147467293770858	0.0196651055948786	-3.18048555083713	0.487463689394024	13.4983852943461	0.00150214062556193	0.0245806410057806	DTR_Mdw
HELPU_001625	jcf7180000348054_186301_186400	-4.7814125423211	6.58590332902427	22.4274737950337	2.18229927893111e-06	0.000130531762344533	1.72062206261436	0.278521518913212	11.8007135582637	0.00261166214710175	0.0338944519169874	DTR_Mup
HELPU_001697	jcf7180000417110_97201_97300	-1.64911358862322	4.97393238138828	10.8111455868744	0.00100890853220878	0.0147975966925707	3.03547404015409	0.380869169144553	10.3616145998434	0.00429890383787686	0.0456422245166879	DTR_Mup
HELPU_001716	jcf7180000417110_364901_365000	-3.13950894381989	0.866679732229225	9.83560378475666	0.00171166088351841	0.0216665432766853	3.02926692001022	-0.302768207616598	10.7238897052865	0.00397595582482498	0.0435222603959476	DTR_Mup
HELPU_001772	jcf7180000347187_55601_55800	-0.760441974296718	5.55364993710827	9.31477423640087	0.00227313386859757	0.0265936044241885	-2.02026753250234	2.20670522620047	11.5808815368035	0.00281603088367967	0.035441922748911	DTR_Mdw
HELPU_001961	jcf7180000421847_212101_212300	1.18542209603141	4.03321935402892	9.50278024229898	0.00205160798673713	0.0246508821808173	2.30464735293016	2.14029643800423	32.7348525497816	1.33032052270295e-05	0.00171023212009084	DTR_Mup
HELPU_001983	jcf7180000347170_236401_236700	-2.10660299025151	6.1496163527674	33.873446465428	5.88159830260743e-09	9.26860717129166e-07	2.53982275370166	0.685673079244262	16.4696053076077	0.000612073042171132	0.0145658229685901	DTR_Mup
HELPU_001984	jcf7180000347170_236401_236700	-1.72585806368579	5.66359686296935	10.3568548008449	0.0012899479167998	0.0178578129937155	2.53982275370166	0.685673079244262	16.4696053076077	0.000612073042171132	0.0145658229685901	DTR_Mup
HELPU_002109	jcf7180000417113_206401_206600	-3.85791353522635	2.6257783025257	9.72701025794676	0.00181579610700412	0.0225961141971834	1.87768247444581	1.02118279236884	11.1288785084779	0.00328669854173431	0.0389167531660075	DTR_Mup
HELPU_002111	jcf7180000417113_246701_247200	-0.653554677921299	5.48124036983178	8.47325252286817	0.00360406435527988	0.036687584297318	-2.02694775048815	1.55388493842223	11.3469112920665	0.00304958804624174	0.0371727106698818	DTR_Mdw
HELPU_002145	jcf7180000422221_277201_277300	-1.09537435823298	3.98050268698455	11.9751683312598	0.000539141961641237	0.00954211404896138	3.5640551671446	-0.143411308972646	10.7213044722031	0.00378677680127099	0.0422727850517439	DTR_Mup
HELPU_002146	jcf7180000422221_290001_290100	-1.87056666229201	1.57294889704753	10.2112438772875	0.00139586994643257	0.0188753403895078	-3.85251882298523	-0.0537036706612182	18.0743992894847	0.000389444607910541	0.0112560495166491	DTR_Mdw
HELPU_002147	jcf7180000422221_295401_296100	-1.6853483000618	6.00694417697035	45.6071227917415	1.44515110466636e-11	6.07296960368639e-09	-2.48667987055689	2.53602921234505	24.9970174476972	6.84402643472246e-05	0.00422939612270368	DTR_Mdw
HELPU_002147	jcf7180000422221_292801_293400	-1.6853483000618	6.00694417697035	45.6071227917415	1.44515110466636e-11	6.07296960368639e-09	-4.42113157630002	3.04398323060368	45.0520336023881	1.55285213191375e-06	0.000551150901595615	DTR_Mdw
HELPU_002207	jcf7180000347142_3701_3900	-1.14522750389757	5.1831530710479	12.9350353333271	0.000322489149864323	0.00663146132638192	-2.29133542984086	0.80621034513274	19.0708105256178	0.00029665372403371	0.00965673783541349	DTR_Mdw
HELPU_002265	jcf7180000347825_274901_275700	-1.43734942824451	5.91323695228975	8.24862923224964	0.00407827866208686	0.0399038262644427	-1.02931178954029	4.50738967827824	11.1186446711162	0.00329497420405161	0.0389598604743758	DTR_Mdw
HELPU_002268	jcf7180000422581_68401_68800	-3.77875169109317	2.27687552898792	9.60502510501379	0.00194045623901437	0.0236644301541828	-3.44107441391189	3.02007105059622	26.0168297298459	5.4275496061132e-05	0.00369877885089266	DTR_Mdw
HELPU_002301	jcf7180000347200_132701_132800	3.27407230971457	1.4414139788595	15.3840601251911	8.77251988408655e-05	0.00247884186862577	6.90666136994079	1.96178824351771	53.4375437183318	4.5125980112171e-07	0.000279689773790678	DTR_Mup
HELPU_002449	jcf7180000417117_116501_116700	-3.21109371186925	2.05968077756471	9.81993097507956	0.00172630820764535	0.0217634347808459	3.74639987940559	0.453135692690695	18.0989970500657	0.000386891332379638	0.0112116677114025	DTR_Mup
HELPU_002775	jcf7180000417141_209501_209600	0.621323734948752	7.28607775631486	8.05448638638567	0.00453911094113502	0.0426801429800699	8.43651758194398	0.148290113076164	47.6537597526889	0.000225515179099216	0.00831213951921903	DTR_Mup
HELPU_002803	jcf7180000348081_182901_183200	-2.47444132551434	4.88290111815931	13.4152450711007	0.000249587553394597	0.00547589077989833	1.61660992126297	3.89455499851241	14.6808460016157	0.00104014130733905	0.0198259502387172	DTR_Mup
HELPU_002935	jcf7180000347444_71601_72000	-3.30557746343864	5.2825348778221	16.3027914988684	5.3984366344275e-05	0.00170801115833267	-3.63089209071849	1.89554493223253	28.0306805476106	3.48701870889074e-05	0.00288406812945136	DTR_Mdw
HELPU_002935	jcf7180000347444_74801_74900	-3.30557746343864	5.2825348778221	16.3027914988684	5.3984366344275e-05	0.00170801115833267	-3.63462368491087	0.545587636412436	20.8243364853836	0.000188013586578657	0.0074742772467682	DTR_Mdw
HELPU_002936	jcf7180000347444_83201_83900	-6.2560082670718	3.40490677731311	21.6313506699563	3.30406892743612e-06	0.000185446526204625	-4.33817816360988	2.28662963534115	13.9250309176252	0.00131340621937203	0.0227184614527492	DTR_Mdw
HELPU_002939	jcf7180000347444_139501_139700	-3.66335987353352	0.605147134832362	11.1932476427611	0.000820955310184286	0.0127202570123737	3.33197354982952	2.32073783223943	13.5699361993885	0.00146849737159913	0.0242133407289777	DTR_Mup
HELPU_002944	jcf7180000347444_208101_208700	-3.78085765847714	4.70811452752637	8.03362249064158	0.00459169163247686	0.0430018480940933	-4.37035219856308	1.02722281149898	35.5515586934464	7.80923511574179e-06	0.00126946070779285	DTR_Mdw
HELPU_002944	jcf7180000347444_205501_205700	-3.78085765847714	4.70811452752637	8.03362249064158	0.00459169163247686	0.0430018480940933	4.80542460583535	0.688721457465168	14.1701853951083	0.00141583646530849	0.0236904890319496	DTR_Mup
HELPU_002944	jcf7180000347444_207601_208000	-3.78085765847714	4.70811452752637	8.03362249064158	0.00459169163247686	0.0430018480940933	-3.96573483902566	0.574907609028785	17.3507479274067	0.00047631377210573	0.0125822304530967	DTR_Mdw
HELPU_003121	jcf7180000348922_36301_36600	-1.48372184034499	4.46275804476549	27.7752477218875	1.36258306283424e-07	1.38465504092855e-05	1.33872609996538	1.42832708830786	13.6602625959902	0.00142530349464223	0.0237905461226651	DTR_Mup
HELPU_003157	jcf7180000392528_99601_100200	-1.30665694518093	4.37610591029373	8.38280102775565	0.00378788211088776	0.0379244153084791	1.11505229133329	3.1643150206814	10.2845134060351	0.00441579166709651	0.0463397920475493	DTR_Mup
HELPU_003261	jcf7180000347526_125701_125800	-1.84738065035023	9.04191072635101	11.0777712273939	0.000873687496964139	0.0133074947841499	-6.2586458567269	-0.649801304057466	12.2152672106403	0.00257899205069926	0.0336335180123679	DTR_Mdw
HELPU_003283	jcf7180000392412_60901_61100	0.492953633962678	6.4741067485934	9.77587975387911	0.00176816096986727	0.0221839658713667	1.22302432473916	0.569442613408695	10.5510170300897	0.00485095022291443	0.0490031482970066	DTR_Mup
HELPU_003287	jcf7180000392412_185001_185300	1.2459469631786	3.31066583819778	8.36723056254236	0.00382047393513908	0.0381094019007878	2.46431414238337	0.0465099362934682	11.0728533370796	0.00335087951108291	0.0393586707737645	DTR_Mup
HELPU_003287	jcf7180000392412_184201_184500	1.2459469631786	3.31066583819778	8.36723056254236	0.00382047393513908	0.0381094019007878	3.52020367931164	0.324149803226785	10.6065682128205	0.0039423828195495	0.0432861150709206	DTR_Mup
HELPU_003357	jcf7180000392949_182101_182600	0.729025221173265	5.81210851920909	9.87390102791422	0.00167639696164403	0.0213975621529471	-5.18417856561011	3.04212864611953	61.463037863205	1.57198819534388e-07	0.00015798591678167	DTR_Mdw
HELPU_003360	jcf7180000392949_210101_210700	2.63175589111971	1.22098216947283	11.7866720154912	0.000596562869497929	0.0102057086306906	1.68634257307132	1.79865090410376	22.9898152926598	0.000109562180520547	0.00549878512002082	DTR_Mup
HELPU_003360	jcf7180000392949_205401_205500	2.63175589111971	1.22098216947283	11.7866720154912	0.000596562869497929	0.0102057086306906	6.39564363877436	-0.283374266780371	21.3935243060208	0.000240461834379411	0.00863154707753665	DTR_Mup
HELPU_003360	jcf7180000392949_206101_206300	2.63175589111971	1.22098216947283	11.7866720154912	0.000596562869497929	0.0102057086306906	1.72770100777285	1.87884403484256	25.695258175762	5.81893215904336e-05	0.00384919002660119	DTR_Mup
HELPU_003360	jcf7180000392949_209601_210000	2.63175589111971	1.22098216947283	11.7866720154912	0.000596562869497929	0.0102057086306906	1.63574612172124	2.31289662369026	11.14385681198	0.00326977159457313	0.0387891380270958	DTR_Mup
HELPU_003373	jcf7180000420472_297201_297300	-1.38156128382461	4.68573429366566	16.5101282791098	4.83908899963675e-05	0.00157045207158508	3.32219879493792	0.567846609646044	19.6487098263453	0.000254992380040068	0.00889296268399686	DTR_Mup
HELPU_003575	jcf7180000417128_359801_359900	-1.50795096831903	4.57351946371811	22.0520410501634	2.65357369253752e-06	0.000153672859530026	1.67778498966726	0.670206297515334	10.6990686416379	0.00381639267750655	0.0424887777485708	DTR_Mup
HELPU_003851	jcf7180000347577_124101_124300	1.08667142209974	4.96323786734344	13.6504857004826	0.000220184357060483	0.00497052538273314	1.1666226570837	1.22084707308979	14.1409231563982	0.00122630359927724	0.021798930102991	DTR_Mup
HELPU_003937	jcf7180000347389_82001_82100	0.685196369065608	7.20050965857656	8.99777772939144	0.00270308101280622	0.0296922216614485	2.93347551697471	-0.194264432559535	10.2196046358499	0.00473988639097115	0.0483067821062005	DTR_Mup
HELPU_003954	jcf7180000392500_59201_59300	-1.61420889853116	4.38277999606416	15.6581858917553	7.58834120472707e-05	0.00224892086807002	5.80039397188181	-0.262436799367314	11.35376820105	0.00501118414871105	0.0499595698629607	DTR_Mup
HELPU_004102	jcf7180000417112_67101_67300	2.32532922907501	3.64984870046768	17.2210557505483	3.32728118065524e-05	0.00117083462874662	-8.44173920300874	3.86075685543087	12.6077100817704	0.00200078109151044	0.0289022133224283	DTR_Mdw
HELPU_004102	jcf7180000417112_68301_68600	2.32532922907501	3.64984870046768	17.2210557505483	3.32728118065524e-05	0.00117083462874662	1.66669839342794	2.1909323029358	10.4061350664589	0.00423152985122777	0.045178421820202	DTR_Mup
HELPU_004129	jcf7180000347322_162701_163000	-1.16646405898483	4.03234588516028	16.8484536365079	4.04863034330154e-05	0.00136739120881992	1.57799992252009	2.16628403949524	20.9428170552694	0.000182006091971867	0.00733522752626184	DTR_Mup
HELPU_004227	jcf7180000347339_65201_65300	1.49927736309606	5.7213219691868	11.4618752053933	0.000710385804056455	0.0114591662821666	1.81716397038347	0.0903228183424463	10.3142521611099	0.00436927918456633	0.0460752462375858	DTR_Mup
HELPU_004311	jcf7180000347548_206601_207000	-3.12089957564528	4.45141987098206	12.9046784716916	0.000327761833261843	0.00669786619118247	5.47082801249659	3.00043415608459	31.7204260230357	1.62682653402376e-05	0.00191482510869691	DTR_Mup
HELPU_004340	jcf7180000347490_104701_104800	-0.952396454177402	5.46265200778612	8.38310051889323	0.00378725800115919	0.0379244153084791	1.54051520065661	2.02991100489681	15.3506016780663	0.000849222408267496	0.0175643411891227	DTR_Mup
HELPU_004340	jcf7180000347490_104501_104600	-0.952396454177402	5.46265200778612	8.38310051889323	0.00378725800115919	0.0379244153084791	1.83532943864706	0.45589427988749	10.2962325613966	0.00439970524301348	0.0462511852830482	DTR_Mup
HELPU_004340	jcf7180000347490_93801_93900	-0.952396454177402	5.46265200778612	8.38310051889323	0.00378725800115919	0.0379244153084791	-6.49148919075927	0.0460080903727377	10.7321008125257	0.00418959582740758	0.0449291760850976	DTR_Mdw
HELPU_004356	jcf7180000417158_179901_180900	-5.09861301659648	8.60368067013553	24.294494404837	8.2675031821043e-07	5.9954030819251e-05	5.25083231586288	5.03553253322745	24.1914648786191	8.2523867843098e-05	0.00469247839077636	DTR_Mup
HELPU_004356	jcf7180000417158_181001_181300	-5.09861301659648	8.60368067013553	24.294494404837	8.2675031821043e-07	5.9954030819251e-05	2.92929420622332	2.34899489941668	31.4914977819614	1.70277480007175e-05	0.00195786926853529	DTR_Mup
HELPU_004370	jcf7180000347406_57901_58000	-1.41554278571246	7.44514996410011	10.9794511673658	0.000921277094778412	0.0138521195470857	-2.56305579063752	0.066787406952439	12.9261811251345	0.00180298497591591	0.0271737186164977	DTR_Mdw
HELPU_004502	jcf7180000347924_98801_99000	1.46148011578974	4.99277811682208	11.428615727333	0.000723215473237035	0.0115625607717231	-3.11285009197009	-0.0844393788339081	12.4644949943994	0.00209690039171648	0.0296992972604547	DTR_Mdw
HELPU_004737	jcf7180000347249_238701_238800	3.36455128168559	5.01624307461086	16.8633513110369	4.01697544222131e-05	0.00136021096121002	3.6075812706938	-0.238119611638549	10.9741172318993	0.00346740032857776	0.040151893022581	DTR_Mup
HELPU_004746	jcf7180000350109_24001_24600	-1.7334432258016	3.480724692226	13.5010560757292	0.000238429230905196	0.00531648525891871	-2.69422731978224	1.47209942931567	9.98074657047469	0.00492653220572354	0.0494391367139225	DTR_Mdw
HELPU_004804	jcf7180000350538_3901_4100	-6.21987431542625	1.10143563018414	35.6246910736791	2.39235923783301e-09	4.31832430840176e-07	3.10524571313233	0.206577711455909	10.3412517319327	0.00433011573287706	0.0458185399911624	DTR_Mup
HELPU_004809	jcf7180000350538_57901_58100	-3.16276100132298	5.24256899526594	14.5304944552748	0.0001379090495268	0.00344016957792195	3.68225731529694	0.117837581409435	18.6332332717731	0.000413847462811295	0.0116555641328073	DTR_Mup
HELPU_004809	jcf7180000350538_59701_60000	-3.16276100132298	5.24256899526594	14.5304944552748	0.0001379090495268	0.00344016957792195	0.849498087979307	3.88102720671388	9.93444086496339	0.00500519012600066	0.0499171863586348	DTR_Mup
HELPU_004862	jcf7180000417142_226101_226200	-3.58931083532968	1.92539833057289	8.1655683888141	0.0042693092511145	0.0410162167760636	2.56598923837613	0.620823568382288	15.221814075684	0.000883251699132516	0.0180100473003082	DTR_Mup
HELPU_004862	jcf7180000417142_229101_229400	-3.58931083532968	1.92539833057289	8.1655683888141	0.0042693092511145	0.0410162167760636	2.54736478140192	0.787977340905264	19.1895453038651	0.000287981821351283	0.00950077967567195	DTR_Mup
HELPU_004900	jcf7180000349758_10501_10600	-1.51098916747929	2.43341553438944	10.3601225580591	0.00128766655338925	0.0178541177186941	3.58335080833851	-0.0297780551148639	16.9700134955934	0.000530399955247345	0.0133674322905087	DTR_Mup
HELPU_004902	jcf7180000349758_18601_18700	-2.28194892026572	4.83388414194622	14.5094932990823	0.000139455000594515	0.00346817603147724	4.76620836576782	0.596587817126246	10.0225218965784	0.00485295270960659	0.049009826026179	DTR_Mup
HELPU_004946	jcf7180000417202_225901_226000	0.756221895364741	5.9202123179471	8.42866511159079	0.00369351396306348	0.037228167491173	7.75045163642832	0.847615896450778	35.9202498779289	6.20501124656948e-05	0.00399748708124417	DTR_Mup
HELPU_004946	jcf7180000417202_235201_235400	0.756221895364741	5.9202123179471	8.42866511159079	0.00369351396306348	0.037228167491173	3.48265137503818	1.87233739736934	52.3572735937447	5.24739844112762e-07	0.00029703489986104	DTR_Mup
HELPU_004954	jcf7180000349962_79701_80000	1.15641308162516	4.16143909896986	11.9474040125346	0.00054723575290157	0.00962405367056254	-3.36096530538811	1.47591672862662	21.1209646578246	0.000174358841142272	0.00716926210046764	DTR_Mdw
HELPU_005038	jcf7180000354452_134501_134700	1.32942025592279	1.14127093844342	8.96996102478547	0.00274454451593769	0.0299469640956743	5.14603552839864	1.12828208763091	31.7184813217115	1.62745577320484e-05	0.00191482510869691	DTR_Mup
HELPU_005291	jcf7180000392874_28701_29100	-8.3502661149019	1.74459275530861	14.2728552241896	0.0001581288974039	0.0038622570783197	-3.1499046929203	2.51473155684931	23.8991727758319	8.84006565978521e-05	0.00487056661948843	DTR_Mdw
HELPU_005331	jcf7180000347765_61501_61800	0.51327437602203	5.23443415252416	9.63303161562518	0.00191108904868443	0.0234437413315038	1.51782684794335	1.08762508868813	10.6025712253959	0.00394756316828451	0.0433164262959134	DTR_Mup
HELPU_005359	jcf7180000420469_189501_189800	0.562677919029932	6.48145379159111	10.6956262002402	0.00107389118091553	0.0155752235079864	2.17110905467362	3.09044863785271	23.2656396682425	0.000102787572004505	0.00532004623898345	DTR_Mup
HELPU_005387	jcf7180000347668_51201_51400	1.3195354004931	5.07489725606341	12.0329911336088	0.000522671342225213	0.00937205757957224	1.56866464170669	3.19457374069567	11.5221038839815	0.00287278029840781	0.0358443039959947	DTR_Mup
HELPU_005410	jcf7180000422503_59901_60000	-1.01088849355267	7.28141750272939	12.6870465880968	0.000368197370504013	0.00729671911147553	-3.99082108766188	0.361355639653916	18.2006710949745	0.00037624202171776	0.0110156264494074	DTR_Mdw
HELPU_005430	jcf7180000347923_118001_118300	9.86667047477241	4.01354227971421	28.9390335643777	7.46924814031541e-08	8.62066956138235e-06	1.58803628193635	0.658803612003461	11.7677113957431	0.00264222718702849	0.0341383961816297	DTR_Mup
HELPU_005451	jcf7180000347344_101101_101200	-1.06983023219954	3.45118423882397	12.9757077889218	0.000315558545533408	0.00653816561662076	6.82921541455801	1.23423417569561	44.2741623564949	1.55761848481443e-05	0.00187109359923635	DTR_Mup
HELPU_005456	jcf7180000347344_183001_183500	-3.58268058497123	4.28474942887387	25.556532552148	4.29609089604804e-07	3.45140361251624e-05	-5.90381440381075	-0.252763923087456	10.5949377486778	0.00438827107608536	0.0461780123997906	DTR_Mdw
HELPU_005583	jcf7180000347217_84401_84500	-0.862169643340046	6.73898331432704	10.9394291783435	0.000941391680988128	0.0141157074654295	1.82637393218949	0.567950184479331	10.1573178029782	0.00462373326592276	0.0475995416798497	DTR_Mup
HELPU_005583	jcf7180000347217_84001_84200	-0.862169643340046	6.73898331432704	10.9394291783435	0.000941391680988128	0.0141157074654295	2.16013234131204	0.749774331289154	10.3536738272323	0.00431104552561726	0.0457113181344529	DTR_Mup
HELPU_005613	jcf7180000352621_37501_37600	7.55273274289074	0.226635009951826	21.5333365165471	3.47731003818209e-06	0.000193185200731411	2.76748507855209	-0.436849539732713	15.3157685847603	0.00111241201546299	0.0206189630720906	DTR_Mup
HELPU_005637	jcf7180000348581_89301_89400	-3.00393996188867	0.89764647764871	15.0966780589522	0.000102142875644448	0.00277155561082261	-7.59534044175934	0.31582032547149	13.0406710304317	0.00315079196282418	0.0378836273943776	DTR_Mdw
HELPU_005672	jcf7180000367543_77301_77600	-3.84536017026878	0.99394336946054	10.2499488687787	0.00136688389307702	0.0185759801752079	-1.85372421674126	2.23095984434655	15.7112397195726	0.000763620070457181	0.0165567008870883	DTR_Mdw
HELPU_005674	jcf7180000367543_162201_162500	-7.75488549846816	3.42609404067033	12.0063479806413	0.000530196492044359	0.0094218670094326	2.90979699364034	1.68995042657209	32.7751859904413	1.32191976130289e-05	0.00170248881056971	DTR_Mup
HELPU_005678	jcf7180000367543_204401_204600	1.53389690047017	3.54094830295286	9.25199558940223	0.00235238942313226	0.027092979800221	-3.82625921084544	1.51765623519736	11.5691683756891	0.00282723997201424	0.0355157525300514	DTR_Mdw
HELPU_005882	jcf7180000349182_27201_27400	2.29022650120331	0.571065750358036	8.39405084951394	0.00376451028431227	0.037769911762985	3.35683780610845	0.390407079279227	12.8678649233422	0.00183840862111308	0.0275135706009889	DTR_Mup
HELPU_005901	jcf7180000347047_163701_163900	1.40076501057772	2.06161545351829	11.5678905577607	0.000671004976140796	0.0110634814426273	1.26438051722958	1.42095743418132	10.8856678175686	0.00357208354454181	0.0408374380702673	DTR_Mup
HELPU_005926	jcf7180000392934_123001_123500	-2.99307245991237	2.47081240880147	21.9889530972266	2.74224283547135e-06	0.000158248654332887	-1.43219807110807	4.57033270105347	10.8151026621809	0.00366462320194911	0.0414601662860796	DTR_Mdw
HELPU_005926	jcf7180000392934_124601_125000	-2.99307245991237	2.47081240880147	21.9889530972266	2.74224283547135e-06	0.000158248654332887	-1.36291288974418	2.60491537092233	10.0959299741684	0.00472659667870906	0.0482285955930533	DTR_Mdw
HELPU_005926	jcf7180000392934_122601_122700	-2.99307245991237	2.47081240880147	21.9889530972266	2.74224283547135e-06	0.000158248654332887	2.19929687051582	0.985615781886162	15.34154943799	0.000852180711821488	0.0176045845470532	DTR_Mup
HELPU_005934	jcf7180000349060_134901_135000	1.45594466881323	3.83328957157136	20.3518187937173	6.44318167809079e-06	0.000315215834394716	2.89398340220395	-0.122808428454478	10.6790549378772	0.00384326880158633	0.0426656312945997	DTR_Mup
HELPU_006002	jcf7180000347732_119701_119900	-1.25799708684559	7.21683952730349	11.8537180343597	0.000575463366990321	0.00999075118814022	6.61055199744037	-0.561344724861991	17.0790193781978	0.000693090250988171	0.0156865901994536	DTR_Mup
HELPU_006132	jcf7180000347850_58601_58900	-1.58477359414863	2.5855236386411	8.1814417990234	0.00423211091394457	0.0409203927838569	6.76239898336112	3.36715788234614	22.3109153918484	0.000129590835899729	0.00604114645201296	DTR_Mup
HELPU_006164	jcf7180000351621_49101_49200	0.905229834505829	4.21031385549248	11.4492998151048	0.000715209439639114	0.0114692441352695	-2.04887205010656	-0.225515294195187	11.2590295662665	0.00313955565340819	0.0378027177527341	DTR_Mdw
HELPU_006208	jcf7180000417300_15501_15800	-2.39468357569692	5.2894764349298	8.69270579069642	0.00319485992459391	0.0335644610924164	2.63953137460237	0.320658077555909	16.311545370699	0.000640685104123438	0.0149754784004214	DTR_Mup
HELPU_006272	jcf7180000350793_100001_100200	1.79686544006189	1.23342836083203	9.86871088773007	0.00168113256309009	0.0214246357515423	2.18843372384168	1.87598590481424	17.7466751386255	0.000426448811412756	0.0118267286702674	DTR_Mup
HELPU_006292	jcf7180000420545_62101_62500	-1.30404898831941	7.3444121575792	9.08463893019309	0.00257765369149076	0.0288559879438811	1.5195770709395	2.47492560074384	14.9316687159646	0.000963618447691264	0.0189849006612427	DTR_Mup
HELPU_006295	jcf7180000420545_101601_102100	-1.24655233813998	4.12993337603195	12.6229807163246	0.000381033262328127	0.0074608771042959	-3.65294287536678	0.111555305539481	10.9108115916697	0.00373172724565902	0.0418950119465518	DTR_Mdw
HELPU_006295	jcf7180000420545_100801_100900	-1.24655233813998	4.12993337603195	12.6229807163246	0.000381033262328127	0.0074608771042959	-4.0129016213228	-0.461589985481301	10.5690818597485	0.0041966212784352	0.0449658425134251	DTR_Mdw
HELPU_006295	jcf7180000420545_99401_99700	-1.24655233813998	4.12993337603195	12.6229807163246	0.000381033262328127	0.0074608771042959	-4.33937631003571	0.177390010753633	18.5153221308413	0.00034528276284311	0.0105338536804805	DTR_Mdw
HELPU_006295	jcf7180000420545_102201_102700	-1.24655233813998	4.12993337603195	12.6229807163246	0.000381033262328127	0.0074608771042959	-4.57568535986086	0.628868421940649	22.1915275681679	0.000133452949181603	0.0061584964010499	DTR_Mdw
HELPU_006351	jcf7180000348021_53801_54300	-1.36658688790176	4.74447593571142	8.33634907649443	0.00388596105570409	0.0385616266879481	5.14795177075977	0.973135849325665	35.5923811671571	7.75061830816094e-06	0.00126528306787965	DTR_Mup
HELPU_006351	jcf7180000348021_54401_54500	-1.36658688790176	4.74447593571142	8.33634907649443	0.00388596105570409	0.0385616266879481	6.13330841847893	-0.197451170138406	29.9893544115648	0.000105342650492761	0.00539973388912654	DTR_Mup
HELPU_006391	jcf7180000356508_32001_32200	0.744273045559193	7.33986932786042	8.13678019338525	0.00433762396423825	0.0415727012572518	1.2048951662077	2.64996294616664	11.7379614850945	0.00266793951751439	0.0343107898789105	DTR_Mup
HELPU_006426	jcf7180000351136_10801_11100	0.652323486192288	6.80695335555419	12.2274013875517	0.000470927423998722	0.00871109430238719	3.85257741690445	-0.17673557378372	24.5605616267248	7.56089564886118e-05	0.00448841992872681	DTR_Mup
HELPU_006435	jcf7180000417296_69901_70000	1.64705693619498	3.21839974518739	9.67331093460541	0.00186964074447276	0.02305608890983	5.87478839449251	-0.51103238582612	13.0980621947205	0.0022972095093952	0.0313273519746552	DTR_Mup
HELPU_006457	jcf7180000347884_144801_145000	2.49285346888886	8.56690404682175	14.4586238953931	0.000143272348162065	0.00355233058098047	3.89453678096492	0.319430585550486	22.4004595291202	0.00012677501128358	0.00595861275958682	DTR_Mup
HELPU_006457	jcf7180000347884_151201_151400	2.49285346888886	8.56690404682175	14.4586238953931	0.000143272348162065	0.00355233058098047	2.57222578751327	-0.00929340142049606	10.4213725567194	0.00420874048666807	0.0450366836543085	DTR_Mup
HELPU_006519	jcf7180000347763_166201_167200	-4.3193564807027	5.80563624271485	37.5716300330405	8.81168253182675e-10	1.95154952721768e-07	-1.75293755181254	4.04555378088626	33.6714512547723	1.10760143205261e-05	0.00154603779424236	DTR_Mdw
HELPU_006520	jcf7180000347763_200101_200400	-1.93739837355772	4.16133591861035	8.25453344586077	0.00406503538040381	0.0398217960845416	-1.38722944680655	2.51746398323622	12.4109955975118	0.00213295588383687	0.030031855192393	DTR_Mdw
HELPU_006533	jcf7180000417392_135201_135500	2.34801694068063	8.39600421951696	13.4760482334199	0.000241628163070602	0.00535141076292446	3.21655266080661	1.85838315568221	23.6251563381886	9.43312079367759e-05	0.00506192164395473	DTR_Mup
HELPU_006537	jcf7180000351937_39701_39800	1.15490222716346	6.57354964529237	14.815611759633	0.000118550031284359	0.00306453700744378	-4.50174016553601	0.891167636750014	23.8993377748841	8.83972117162784e-05	0.00487056661948843	DTR_Mdw
HELPU_006593	jcf7180000393637_78801_79200	6.86936542980791	1.22662246082261	11.8559625370272	0.000574770202182708	0.00998929887971623	-4.26958585268413	0.324437194570501	37.0732700874651	5.91951670306925e-06	0.0011057355066025	DTR_Mdw
HELPU_006593	jcf7180000393637_87801_88000	6.86936542980791	1.22662246082261	11.8559625370272	0.000574770202182708	0.00998929887971623	1.49607552757331	0.72194218361155	10.8662950805923	0.00359626529208766	0.0410291260433078	DTR_Mup
HELPU_006610	jcf7180000417588_11901_12100	-1.09260881935158	5.47826408521889	8.1679950673542	0.00426360100413143	0.0410162167760636	1.39688232943549	2.13824899487539	15.5334336900118	0.000803604666293298	0.0170259689142977	DTR_Mup
HELPU_006615	jcf7180000417588_60301_60500	1.11937996108114	6.33613037023437	13.3419096494415	0.000259539914034053	0.00563390682265442	1.90093691330449	1.06283415129787	16.3284864081086	0.000636695617375016	0.0149211925706001	DTR_Mup
HELPU_006619	jcf7180000417588_110501_110900	-2.94153643167205	3.21879618321443	8.1273976884296	0.00436012837498573	0.041763964896342	1.23940147021887	1.70297110706729	13.2827064160798	0.00160675103708611	0.0255491522400191	DTR_Mup
HELPU_006619	jcf7180000417588_108701_108800	-2.94153643167205	3.21879618321443	8.1273976884296	0.00436012837498573	0.041763964896342	3.58841561474503	0.420541473870527	13.0707717783425	0.00172187815494165	0.0265320528714786	DTR_Mup
HELPU_006639	jcf7180000417325_51101_51600	1.54109941702203	3.34873088768123	9.63000312541806	0.00191424282953348	0.0234648659186418	6.14262143936607	0.534102099440028	58.1794174426437	2.38790279915367e-07	0.000198249227551649	DTR_Mup
HELPU_006690	jcf7180000348517_103901_104200	-2.64142439914269	2.46275904349481	9.59549467909873	0.00195055368276069	0.0237677504139517	-2.27724742820963	1.87239081049488	17.6553918140491	0.00043741208498909	0.0119925941674328	DTR_Mdw
HELPU_006811	jcf7180000347791_140401_140600	1.05460012986492	6.34857819037044	9.27163122671283	0.00232730338905179	0.0269365644372668	-4.21772535747897	1.45444797983825	23.106287644464	0.000106800229732587	0.00542400863855567	DTR_Mdw
HELPU_006903	jcf7180000349750_63801_64100	4.22651702430453	0.15930042415959	23.493038497965	1.25366567877401e-06	8.15330428945525e-05	3.58701738731	1.57469450359186	26.0210715063574	5.42237874951386e-05	0.00369673062978487	DTR_Mup
HELPU_007042	jcf7180000352572_24101_24600	4.2241397436147	7.63760938828859	35.1543834946612	3.0457504587275e-09	5.36739830839623e-07	2.15697362695271	2.87234773206628	15.6658749045256	0.000773919109272464	0.0166795582175759	DTR_Mup
HELPU_007134	jcf7180000420440_149001_149100	-9.24116801355056	0.607648561120697	58.6909474892376	1.84488374642091e-14	1.43979998667106e-11	1.5278801358271	1.61472101678017	10.5832595624119	0.00397485385113688	0.0435175240432529	DTR_Mup
HELPU_007158	jcf7180000349422_45101_45300	-6.38068010166391	3.45226695567892	25.4527124234115	4.53359798851348e-07	3.60685133173531e-05	-6.35659731611969	0.249496924467722	16.3396960999367	0.000761841014270002	0.0165364293666561	DTR_Mdw
HELPU_007159	jcf7180000349422_47101_47400	4.42185740981306	4.1730969437853	12.8014668421087	0.000346347687144794	0.00698190927997051	-2.17786448349019	1.97127049727892	36.1215637355659	7.00369950528762e-06	0.00121352748058112	DTR_Mdw
HELPU_007159	jcf7180000349422_51201_51600	4.42185740981306	4.1730969437853	12.8014668421087	0.000346347687144794	0.00698190927997051	1.38606732369401	1.88447185791947	15.7910441408403	0.000744665193526402	0.0163517492629705	DTR_Mup
HELPU_007245	jcf7180000350534_24401_24500	2.44251668065377	6.12587825192615	33.9416799387433	5.67890107086986e-09	9.25758125995566e-07	6.29446564082929	-0.92777786761571	14.3924088505723	0.00222375266483879	0.030771670347929	DTR_Mup
HELPU_007251	jcf7180000350534_101501_101800	1.35046722701811	5.66324359931898	11.6492521255335	0.000642283515574702	0.0107412087109733	-5.36987168189298	1.24601508021679	14.6467475168974	0.00105101615192743	0.0199363843276899	DTR_Mdw
HELPU_007251	jcf7180000350534_100201_100400	1.35046722701811	5.66324359931898	11.6492521255335	0.000642283515574702	0.0107412087109733	-3.43477109952715	-0.494384899303411	15.9961776309529	0.000701141998811668	0.0158039963561542	DTR_Mdw
HELPU_007251	jcf7180000350534_100501_100900	1.35046722701811	5.66324359931898	11.6492521255335	0.000642283515574702	0.0107412087109733	-2.52767745762445	1.18312623673459	21.2825257412817	0.000167384468582326	0.00700247121285172	DTR_Mdw
HELPU_007251	jcf7180000350534_99601_100000	1.35046722701811	5.66324359931898	11.6492521255335	0.000642283515574702	0.0107412087109733	-3.44893940090498	1.34091792404775	26.4562692079858	4.91961685888289e-05	0.0035026571487883	DTR_Mdw
HELPU_007285	jcf7180000350331_24801_25100	-1.09382006202535	4.26130162245294	12.0200830545588	0.000526303568797058	0.00937564042284238	1.36309277858341	0.894093360473654	11.6074817891793	0.00278775690944188	0.0352424790705173	DTR_Mup
HELPU_007293	jcf7180000350331_124201_124500	-3.801147764365	3.75984329077813	14.0852842027157	0.000174705290907306	0.00417991972653991	1.51584121016426	1.39799230754726	11.954414640573	0.00248203789907905	0.0328461776621473	DTR_Mup
HELPU_007336	jcf7180000348494_44901_45000	-4.14908216453381	2.82622278613859	8.49703857528915	0.00355724988498432	0.0363691630474161	-2.95308827319116	0.633719708797833	12.6889310242643	0.00194844418947072	0.0284698233057748	DTR_Mdw
HELPU_007336	jcf7180000348494_45701_46100	-4.14908216453381	2.82622278613859	8.49703857528915	0.00355724988498432	0.0363691630474161	1.48310397619911	1.34386445385851	12.9392118496818	0.00179624868269387	0.0271200317030182	DTR_Mup
HELPU_007398	jcf7180000399903_42201_42500	-1.87086081551102	4.21440159547938	9.71369547542247	0.00182899861119789	0.0227431397867391	-2.13719695971412	0.939244198125325	17.8722902016136	0.000411854966708124	0.0116234488668152	DTR_Mdw
HELPU_007398	jcf7180000399903_40101_40600	-1.87086081551102	4.21440159547938	9.71369547542247	0.00182899861119789	0.0227431397867391	1.73493292939395	2.68146388875591	24.3718913381447	7.88960875853574e-05	0.00458935208749211	DTR_Mup
HELPU_007398	jcf7180000399903_44601_44900	-1.87086081551102	4.21440159547938	9.71369547542247	0.00182899861119789	0.0227431397867391	1.75269979339015	0.523368318249052	11.3253056963672	0.00307221609799015	0.0373288833021257	DTR_Mup
HELPU_007421	jcf7180000417343_178901_179000	-3.5581708554367	1.59928248478985	9.5526345252492	0.0019966264417409	0.0241140093984462	4.30780106835232	-0.13247554093157	12.0417104532311	0.00241180856351185	0.032271619731839	DTR_Mup
HELPU_007489	jcf7180000417198_58901_59000	-1.25373747672045	4.85443737659734	11.5634089249754	0.000672624220877033	0.0110738011711317	5.61452331262961	0.336064726031146	12.3113563795599	0.00250155035601814	0.0330174445335794	DTR_Mup
HELPU_007736	jcf7180000417120_60601_60800	-2.82501266167125	5.61694477454833	14.9669087539295	0.000109413161851238	0.00288755605407396	2.78816014187698	0.0348568220207032	13.8758961903113	0.00133374353592159	0.0228973962936595	DTR_Mup
HELPU_007888	jcf7180000393169_76201_76800	-1.48824317801688	3.92819606399407	10.2621739418412	0.00135785578783641	0.0184833044076835	-1.41385255921965	1.61981746854801	10.0343660057752	0.00483231422575772	0.048890579525781	DTR_Mdw
HELPU_007888	jcf7180000393169_77401_77500	-1.48824317801688	3.92819606399407	10.2621739418412	0.00135785578783641	0.0184833044076835	-2.01142666028504	1.30594114178123	19.5845403911709	0.00025934128586892	0.00896371986093605	DTR_Mdw
HELPU_007888	jcf7180000393169_79001_79300	-1.48824317801688	3.92819606399407	10.2621739418412	0.00135785578783641	0.0184833044076835	1.62489991997887	2.41068470105784	13.0108710729255	0.00175540558874039	0.0267990269114171	DTR_Mup
HELPU_007897	jcf7180000420447_160601_161100	-6.2134588902208	6.16472973006564	19.8854669585745	8.22230097715484e-06	0.000374320251984974	1.15810630647271	2.89411447980484	15.7522730451833	0.000753222099663026	0.0164550246156158	DTR_Mup
HELPU_007897	jcf7180000420447_160101_160400	-6.2134588902208	6.16472973006564	19.8854669585745	8.22230097715484e-06	0.000374320251984974	1.50129345528612	3.25237532535577	10.8501102153793	0.00362015844779372	0.0411783235753816	DTR_Mup
HELPU_007928	jcf7180000392706_194301_194500	3.14764235645107	2.97747674454049	22.8468993547599	1.75432113440251e-06	0.00010973881325085	-3.88842863160114	1.97210264455737	14.61721897201	0.00106053513997189	0.0200465847381198	DTR_Mdw
HELPU_007961	jcf7180000392711_77801_78200	-1.10005138207554	5.3571722444421	8.17558567931884	0.00424579580435962	0.0409319690809705	-2.86273580530402	1.81700893879416	20.9571399004691	0.000181759643540707	0.00733152412699696	DTR_Mdw
HELPU_007961	jcf7180000392711_78501_78600	-1.10005138207554	5.3571722444421	8.17558567931884	0.00424579580435962	0.0409319690809705	2.69848962662102	-0.129747587769759	15.3726035873238	0.000843451407449314	0.0174949131929528	DTR_Mup
HELPU_008020	jcf7180000348421_113901_114100	-3.28381739885834	1.72047385425403	23.7100519216504	1.11996049330148e-06	7.49185001008893e-05	2.87270284914399	0.200341933413693	14.7188709141626	0.00102816069961824	0.0197113589730127	DTR_Mup
HELPU_008059	jcf7180000413377_49801_50000	3.64531883518679	0.364624833517042	9.30986754326208	0.00227922959331116	0.0266245857482371	2.21779884906434	0.846705185247054	11.7487798991437	0.00266065479752322	0.0342817531124688	DTR_Mup
HELPU_008127	jcf7180000392507_87901_88500	1.69529556872099	4.63868460344028	10.5496038012833	0.0011621299551581	0.0165044608622929	2.67172822690315	2.58371161869275	25.5987050831163	5.96494964324741e-05	0.00390130266521671	DTR_Mup
HELPU_008223	jcf7180000392408_20101_20600	-3.39559587938782	6.458382326296	10.9171195312511	0.000952796412542274	0.0142731481395254	2.41162657784403	2.31741611929183	10.1159006195561	0.00469285693355403	0.0480246144166309	DTR_Mup
HELPU_008223	jcf7180000392408_25101_25300	-3.39559587938782	6.458382326296	10.9171195312511	0.000952796412542274	0.0142731481395254	1.79422478765302	1.2671970041251	17.0958341503487	0.000510985499886957	0.0131064783537317	DTR_Mup
HELPU_008272	jcf7180000347624_171601_171700	7.17459280535687	3.69094044796768	46.3880503465246	9.70053060576803e-12	4.29681070534952e-09	4.42319716240808	0.106638233480633	12.9728556235127	0.00203390322008739	0.0291559380221196	DTR_Mup
HELPU_008286	jcf7180000347861_16601_17000	-1.07657972017502	7.89033874624805	13.9721793417182	0.000185535796620801	0.00437517434650115	-3.26048542511054	0.893848451753395	17.1392841422734	0.000505559098568729	0.0130303046815212	DTR_Mdw
HELPU_008299	jcf7180000348045_115301_116900	-1.97647030512858	2.88276049032662	12.4139685260118	0.000426134319006492	0.00810198997006659	-1.86655969749076	4.81034779142174	15.2369735135887	0.000879249514923041	0.0179647344492054	DTR_Mdw
HELPU_008362	jcf7180000392694_104801_105000	5.97467499426221	5.55207080182042	12.7249668331449	0.000360806254646464	0.00720250147064665	2.13884234520176	0.924632955732308	26.0949669285363	5.31744201689673e-05	0.00365810731142474	DTR_Mup
HELPU_008405	jcf7180000347164_38901_39200	2.23733116352754	4.73719262185899	7.90671969201993	0.00492514979647884	0.0450436830438011	1.57842508963676	3.74159668441957	10.9502939528589	0.00349618317295714	0.0403173064530395	DTR_Mup
HELPU_008408	jcf7180000347164_57801_58200	-1.88592948237929	4.72657176208904	12.1828880493102	0.000482299136631478	0.00885550375143765	1.85874129364607	2.17771196216858	11.93314303277	0.00250089638311987	0.0330118553079808	DTR_Mup
HELPU_008445	jcf7180000355154_53701_53900	1.33967708057095	7.14250029406396	23.5477728354611	1.21850387792909e-06	7.98802402215194e-05	5.34381134668022	-0.430573983592606	13.4332398579003	0.00164135743386934	0.0258525755133842	DTR_Mup
HELPU_008445	jcf7180000355154_47101_47400	1.33967708057095	7.14250029406396	23.5477728354611	1.21850387792909e-06	7.98802402215194e-05	5.81388147535418	2.4542855095667	25.1721780239903	6.57421878429023e-05	0.00412584084953527	DTR_Mup
HELPU_008446	jcf7180000355154_58401_58800	-2.68612934251835	1.36170556331312	7.86848727005333	0.00503037181195079	0.0456569211272294	3.65385143360034	1.54678022913506	26.1146516092276	5.30967132552215e-05	0.00365497050890491	DTR_Mup
HELPU_008446	jcf7180000355154_59201_59400	-2.68612934251835	1.36170556331312	7.86848727005333	0.00503037181195079	0.0456569211272294	4.64700365550751	-0.139439662960511	13.8493792843439	0.00134486366293135	0.023002822428188	DTR_Mup
HELPU_008465	jcf7180000350329_38801_38900	-6.6489140150578	2.11473964777818	42.8336330499653	5.95986344930683e-11	1.9152196484449e-08	6.54978374817481	-0.214018196316271	17.1798944674606	0.000606184880596814	0.0144790843087557	DTR_Mup
HELPU_008491	jcf7180000413692_91001_91100	0.645592492909611	6.14530067233588	8.86721658147139	0.00290337492423785	0.031263739575121	-7.17178119908704	0.180766797444979	20.7676280522436	0.000243117051665351	0.00869028924963826	DTR_Mdw
HELPU_008658	jcf7180000417174_139201_139600	-2.43264883194526	2.90147136906041	8.83963126552328	0.00294758692535613	0.0315326384593091	-4.32317500456502	0.249117616235287	40.9205510103531	3.03002972525874e-06	0.000775813536646808	DTR_Mdw
HELPU_008736	jcf7180000421883_26701_27000	2.79697901043391	9.07211891308117	36.4719466333201	1.54879384436689e-09	3.13372621176901e-07	4.454239443909	0.653023764984636	30.3763683743313	2.13311214932963e-05	0.00223067146256312	DTR_Mup
HELPU_008736	jcf7180000421883_28601_28700	2.79697901043391	9.07211891308117	36.4719466333201	1.54879384436689e-09	3.13372621176901e-07	-4.71140291037274	-0.16693570505281	17.1215523037029	0.000685421297619104	0.0155849143457289	DTR_Mdw
HELPU_008737	jcf7180000421883_34201_34400	-5.26415931652311	6.80409100694484	35.7818607033803	2.20693133862083e-09	4.11015883052919e-07	3.78732647586822	0.714520444985445	28.4757005498618	3.17054636437864e-05	0.00274940988044166	DTR_Mup
HELPU_008737	jcf7180000421883_33101_33400	-5.26415931652311	6.80409100694484	35.7818607033803	2.20693133862083e-09	4.11015883052919e-07	3.86291733279058	0.847739258061985	44.477962143054	1.69641420961077e-06	0.000574893097004725	DTR_Mup
HELPU_008788	jcf7180000349318_20801_21200	1.36165013829441	4.28907262211588	8.92227234833635	0.00281713780501769	0.0305357615651025	2.25276579292196	1.68000344259109	17.2745641221515	0.000486628989570026	0.0127349183732822	DTR_Mup
HELPU_008788	jcf7180000349318_23701_23900	1.36165013829441	4.28907262211588	8.92227234833635	0.00281713780501769	0.0305357615651025	2.1979544950257	1.60952812741175	14.4497404206863	0.00111636079368244	0.0206629264551776	DTR_Mup
HELPU_008792	jcf7180000349318_95901_96100	-6.24900897387303	2.71554322596507	9.69303198040154	0.00184968079626843	0.0229307250908044	1.99293664308171	0.27563385368033	13.4872888959305	0.00150545325556627	0.0246035866502384	DTR_Mup
HELPU_008792	jcf7180000349318_93901_94100	-6.24900897387303	2.71554322596507	9.69303198040154	0.00184968079626843	0.0229307250908044	3.34961932370574	0.870829909624624	37.0238026015802	5.96619843377883e-06	0.00110783558471633	DTR_Mup
HELPU_008882	jcf7180000417251_45701_46100	-2.72057180630606	3.2498560417758	11.6775321650688	0.000632593855694944	0.0106443333685672	-1.14815690562598	2.30817299260123	13.2960259882272	0.00159993126560756	0.0254916567065793	DTR_Mdw
HELPU_008922	jcf7180000420520_67201_67700	0.797085152657458	4.19367837165828	12.8903510332812	0.000330280478184316	0.00672418230678604	-1.99018023626041	3.13863281936786	48.0670675530259	9.72763231217754e-07	0.000424280846964201	DTR_Mdw
HELPU_009016	jcf7180000350543_71101_71600	-7.79587241422448	2.79792220389788	10.0800228422801	0.00149885475601241	0.0198583109104992	-4.3380173435877	1.66740322271022	24.4141230925874	7.83359520469213e-05	0.00456976206455061	DTR_Mdw
HELPU_009033	jcf7180000349791_45401_45500	0.610715495937921	5.84117305100371	7.97626793381959	0.00473945485082618	0.0438098846870786	5.03477837190208	1.95239654514786	27.7332268760337	3.71789582578111e-05	0.00299000303689741	DTR_Mup
HELPU_009036	jcf7180000349791_78901_79000	-11.0694213953875	5.93460282915081	12.666721081357	0.000372221732531521	0.00735867548185657	-1.62328900177724	0.319596797123304	15.6451032325074	0.00472562321202429	0.0482238164799824	DTR_Mdw
HELPU_009134	jcf7180000369424_169001_169300	3.42457458419979	3.22067418626252	10.0327143125992	0.00153784255098721	0.0201684522694474	2.04756862108425	1.7234882704007	10.1920787203175	0.0045665908315757	0.0472661045826521	DTR_Mup
HELPU_009157	jcf7180000349397_50101_50300	-2.66624628039497	1.44916175713603	8.75641138831709	0.00308515518421276	0.0326842975527233	-3.45842170691545	-0.350598265998059	11.9336741046527	0.00282182924420547	0.0354697013617432	DTR_Mdw
HELPU_009157	jcf7180000349397_50401_50700	-2.66624628039497	1.44916175713603	8.75641138831709	0.00308515518421276	0.0326842975527233	-4.93966784813216	-0.391834279638333	19.4628980082242	0.000502305355844802	0.012965139585575	DTR_Mdw
HELPU_009167	jcf7180000351300_92101_92200	-1.61825417426569	8.21622160283452	10.3123974571791	0.00132139508643324	0.0181224636582045	4.23382357559448	0.273041851088976	47.0381406481521	1.14251125144891e-06	0.000463521345918917	DTR_Mup
HELPU_009247	jcf7180000417553_45501_46200	1.27590147335308	4.22760142851259	12.549640925927	0.000396282442483479	0.00769244375427938	-1.67656492965775	1.44935636838719	16.8541952608263	0.000547212341671714	0.0136256967215513	DTR_Mdw
HELPU_009247	jcf7180000417553_46701_47000	1.27590147335308	4.22760142851259	12.549640925927	0.000396282442483479	0.00769244375427938	-1.44718975039532	2.67983173237211	21.9580726994229	0.000141035371643019	0.00635562278061596	DTR_Mdw
HELPU_009279	jcf7180000417650_58201_58500	-1.25896894930561	1.8151974160667	8.30940962990894	0.00394402089935219	0.0390093895712028	-3.75747088347691	-0.275319195724212	20.0110057419818	0.000231397606394254	0.00844345849826567	DTR_Mdw
HELPU_009310	jcf7180000348063_112801_112900	2.58475180772391	7.23679889336857	10.0384044396834	0.00153309939519475	0.0201684522694474	7.08050777687568	0.365831271816093	16.7587559343545	0.000679251463496136	0.0154888909270606	DTR_Mup
HELPU_009310	jcf7180000348063_116201_116400	2.58475180772391	7.23679889336857	10.0384044396834	0.00153309939519475	0.0201684522694474	1.54719770616752	0.840832327632737	11.5588446873474	0.00283518150804662	0.0355684979836208	DTR_Mup
HELPU_009310	jcf7180000348063_110801_111000	2.58475180772391	7.23679889336857	10.0384044396834	0.00153309939519475	0.0201684522694474	2.27042585792514	1.66975655090301	10.6246641014908	0.00391737659390694	0.0431296624655027	DTR_Mup
HELPU_009310	jcf7180000348063_115901_116100	2.58475180772391	7.23679889336857	10.0384044396834	0.00153309939519475	0.0201684522694474	2.21058939104964	0.809446224053184	13.0000959904298	0.00176151292897871	0.026838920352603	DTR_Mup
HELPU_009410	jcf7180000351301_50101_50300	-1.1962681223118	3.16509556152404	10.7912765308627	0.00101979532747709	0.014922701448234	6.57406653973954	-0.400959186861545	11.669774484515	0.00381809851419885	0.0424998641040897	DTR_Mup
HELPU_009414	jcf7180000349296_37501_37900	1.27405497594984	3.62271922010886	10.6196401498447	0.00111892819876007	0.0160578933883352	1.12690050723124	2.59767225125434	11.5112925457888	0.00288029020105083	0.0359040502139207	DTR_Mup
HELPU_009495	jcf7180000347258_71601_71900	0.962577890058914	5.98398954187666	9.0212591387055	0.0026685750217268	0.0294910829609444	5.70720112322005	0.0545367649595139	18.0887877167543	0.000476530992121289	0.0125846017242106	DTR_Mup
HELPU_009543	jcf7180000356381_39001_39200	2.88648604021989	5.55097630387255	10.0679078173662	0.00150874259054414	0.0199477027345104	-7.41115734023858	-0.0492221700966253	15.1701967268281	0.00116062140419489	0.0211041967330706	DTR_Mdw
HELPU_009543	jcf7180000356381_34301_35000	2.88648604021989	5.55097630387255	10.0679078173662	0.00150874259054414	0.0199477027345104	-3.81263812935914	2.51781222796463	21.2567444516487	0.000168476476835409	0.00701932415293658	DTR_Mdw
HELPU_009589	jcf7180000413315_18701_19000	-7.54661022419469	2.02507458534628	11.6789912721061	0.000632097942326148	0.0106443333685672	3.20215331516381	0.655614198445223	15.9211951098395	0.000717886087790519	0.0160291517358571	DTR_Mup
HELPU_009589	jcf7180000413315_23401_24200	-7.54661022419469	2.02507458534628	11.6789912721061	0.000632097942326148	0.0106443333685672	-4.0678411199187	2.17216459406129	71.1675475020458	5.0167250891803e-08	8.76174095804052e-05	DTR_Mdw
HELPU_009589	jcf7180000413315_22101_22700	-7.54661022419469	2.02507458534628	11.6789912721061	0.000632097942326148	0.0106443333685672	-4.18335009507485	1.18511760434989	29.7258601211742	2.43863618548712e-05	0.0023919393646896	DTR_Mdw
HELPU_009727	jcf7180000347887_105601_105700	-7.56889007915581	4.19882322796484	28.2481583203817	1.06716119060536e-07	1.15432959306503e-05	3.96648486867843	2.01357494261898	38.3887947641889	4.68716233218927e-06	0.000985830424719452	DTR_Mup
HELPU_009727	jcf7180000347887_115801_116100	-7.56889007915581	4.19882322796484	28.2481583203817	1.06716119060536e-07	1.15432959306503e-05	2.04200851859174	-0.0733921440058779	14.9628395307627	0.000953391350894973	0.0188602130300984	DTR_Mup
HELPU_009743	jcf7180000348477_78101_78600	3.54448288244032	0.344163047492233	17.097027099519	3.55178590333379e-05	0.00122547829831026	-2.47219536528316	3.42084357089584	53.3492138914278	4.54062448067624e-07	0.000279689773790678	DTR_Mdw
HELPU_010009	jcf7180000347662_113501_113800	1.55050139580325	5.47187229377784	22.501256174071	2.1000621884137e-06	0.00012607296412422	3.7736436898125	0.71937153555348	20.7388883487681	0.000192162784447543	0.00756582861778217	DTR_Mup
HELPU_010104	jcf7180000420629_113301_114000	-1.34261934221877	6.98482177385607	9.74905734531882	0.00179414693963366	0.0223657603619325	-1.47395767326626	2.13463932736536	10.3091257089092	0.00437987088880038	0.0461387745151315	DTR_Mdw
HELPU_010104	jcf7180000420629_114701_115000	-1.34261934221877	6.98482177385607	9.74905734531882	0.00179414693963366	0.0223657603619325	2.28768886809177	1.538937246948	9.96347015769473	0.00495732294503143	0.0496350941789253	DTR_Mup
HELPU_010120	jcf7180000368969_12001_12400	-3.28961282078739	7.67821113746013	17.0389110823564	3.66216067433695e-05	0.00125563078016126	3.64231156574366	2.39450221286302	33.028085864093	1.2585529738215e-05	0.0016537015629047	DTR_Mup
HELPU_010120	jcf7180000368969_16201_16300	-3.28961282078739	7.67821113746013	17.0389110823564	3.66216067433695e-05	0.00125563078016126	-6.41539341462857	-0.137964079731297	17.6092361130412	0.000774980615846033	0.0166936431416809	DTR_Mdw
HELPU_010160	jcf7180000348962_9601_9700	4.02055958968128	1.16665942277053	15.6100625304782	7.78392562138111e-05	0.00228212445454052	4.35692497111082	0.706643169486423	17.4441377061928	0.000463996858518894	0.0123975026301298	DTR_Mup
HELPU_010216	jcf7180000349173_12801_12900	-2.49622678391275	6.37364755463838	11.8382221016349	0.000580272026744645	0.0100635748638286	-6.11003312069715	-0.402690863379954	18.8098169130483	0.000395535148848574	0.0113518984047345	DTR_Mdw
HELPU_010266	jcf7180000350144_78701_78800	-0.834437934124594	4.80540766275439	11.8227041452113	0.000585128182314751	0.0100943850315331	-1.57115142759587	2.73762683236056	22.0200620252661	0.000138885953194377	0.00631138932502076	DTR_Mdw
HELPU_010307	jcf7180000417885_49101_49500	-1.67330000125656	3.76545684565742	19.6280484291706	9.40779395262171e-06	0.000417843726529857	-1.93349957738321	1.69242475514289	17.3129389532376	0.000481333817489029	0.012651513671208	DTR_Mdw
HELPU_010307	jcf7180000417885_47701_48000	-1.67330000125656	3.76545684565742	19.6280484291706	9.40779395262171e-06	0.000417843726529857	-2.00287372945343	2.37344981361424	21.3446756739015	0.00016478395528798	0.00694097057686754	DTR_Mdw
HELPU_010307	jcf7180000417885_48401_48500	-1.67330000125656	3.76545684565742	19.6280484291706	9.40779395262171e-06	0.000417843726529857	-2.70023144781337	2.39861313216954	26.8242164773905	4.53446929584892e-05	0.00334550708358986	DTR_Mdw
HELPU_010307	jcf7180000417885_48801_49000	-1.67330000125656	3.76545684565742	19.6280484291706	9.40779395262171e-06	0.000417843726529857	-1.8428143366878	0.463186475845809	16.1963828274549	0.000661358836558631	0.0152598258359757	DTR_Mdw
HELPU_010350	jcf7180000422348_41501_41700	1.15702421409973	4.72287359060294	7.71534951869759	0.00547532580633141	0.0484907299908052	-4.72329739198295	-0.416553937690028	11.3016942156694	0.0042686247533664	0.0454415142433836	DTR_Mdw
HELPU_010380	jcf7180000392573_16401_16800	2.14306842275878	2.20283337722468	8.47173049593497	0.00360708117036081	0.0366955017386986	2.99346823291972	-0.274501664038401	16.532596008176	0.000600038903883974	0.0144016202272652	DTR_Mup
HELPU_010409	jcf7180000392407_39401_39600	-3.21926310664694	2.21993852429027	16.8831203092206	3.97535363499517e-05	0.00135222359544656	-5.51036234538699	2.83216766198431	16.968526959756	0.000530623992995819	0.0133678117354874	DTR_Mdw
HELPU_010475	jcf7180000420468_103101_103500	2.97791557548527	2.96212270647014	9.12633567628191	0.00251955864997845	0.0283996194735191	-1.80907149664762	2.81433607531172	20.6978774117123	0.000194189979088063	0.00760892655817463	DTR_Mdw
HELPU_010478	jcf7180000361099_13001_13500	2.64198370530414	1.28874024452847	11.1743455293482	0.000829361460910913	0.0127988747484642	1.26720803746332	1.98920187813412	12.6443164202128	0.0019746177050224	0.0286792428501635	DTR_Mup
HELPU_010520	jcf7180000354519_33501_33700	-5.08216812495523	3.00300716964865	8.59282578263184	0.00337489905354504	0.0349186998665087	-3.15452225819798	0.013833118864486	10.993692936777	0.00344394599232718	0.0399999642652081	DTR_Mdw
HELPU_010626	jcf7180000351798_81201_81400	-5.80823606232874	3.3867299171341	40.8972148164106	1.60449641508262e-10	4.69573066906948e-08	-3.89008041597774	0.294179009543719	34.4768639897539	1.45581877345255e-05	0.00180045683861699	DTR_Mdw
HELPU_010626	jcf7180000351798_81901_82400	-5.80823606232874	3.3867299171341	40.8972148164106	1.60449641508262e-10	4.69573066906948e-08	-3.05140361994782	0.680597150758177	40.6656648126331	3.16104181927102e-06	0.000796312357813101	DTR_Mdw
HELPU_010626	jcf7180000351798_93901_94100	-5.80823606232874	3.3867299171341	40.8972148164106	1.60449641508262e-10	4.69573066906948e-08	2.75349005626686	0.411689758867301	13.4559532580235	0.0015224944619738	0.0247676220400846	DTR_Mup
HELPU_010630	jcf7180000347419_27001_27300	-1.75657872341456	7.03897311545877	13.3460565211029	0.000258966618049635	0.00562891764352184	1.56025766055505	2.74609839921794	14.8604608094847	0.000984872716117406	0.0192098153137196	DTR_Mup
HELPU_010693	jcf7180000353457_41301_41400	1.06088070858073	5.87231267778033	27.5517113604388	1.52949978138386e-07	1.50101628246108e-05	-3.50059981068282	0.798676865422512	12.1512468259507	0.00263207606191761	0.0340575375039246	DTR_Mdw
HELPU_010693	jcf7180000353457_31801_32000	1.06088070858073	5.87231267778033	27.5517113604388	1.52949978138386e-07	1.50101628246108e-05	-2.72214602642421	0.29644165585839	12.4631435983038	0.00209783140214863	0.0297051391646838	DTR_Mdw
HELPU_010710	jcf7180000353491_24101_24400	0.667437047883907	4.67888302871174	7.89800547918011	0.00494893374560061	0.0451855571903333	-2.01335967184654	3.26839670915441	48.8907800219827	8.60425662283505e-07	0.000398785018075853	DTR_Mdw
HELPU_010771	jcf7180000354370_20801_21200	1.25565943021128	5.60337120371552	7.64028044243553	0.00570790422250318	0.0498631148093994	1.43332426181846	1.68611221112905	14.0466127687676	0.00126278837223415	0.0221872005950324	DTR_Mup
HELPU_010805	jcf7180000348578_53501_53700	-4.9841787845141	3.49797020957294	40.0182755427696	2.51597873551351e-10	6.65070572521467e-08	-1.78008397142864	0.63903721116593	11.984234576527	0.0024567251833231	0.0326227363970183	DTR_Mdw
HELPU_010830	jcf7180000351638_25601_25800	-0.934750302609302	6.63918962266554	7.99999653485816	0.00467774393281046	0.0434699996805898	2.03400071636148	2.00052184407808	13.6765575059615	0.00141990013397928	0.0237321430632715	DTR_Mup
HELPU_010900	jcf7180000349197_112701_113200	6.13717076568408	0.52648204798768	13.7871651052445	0.000204730112856343	0.00471253064550929	4.37041141216726	0.184645064874527	22.5764002669602	0.000121436731863635	0.00582138222552391	DTR_Mup
HELPU_010901	jcf7180000349197_115701_117400	6.45560187440348	0.611345756277793	16.2758912126459	5.47562171908551e-05	0.00172909372551238	3.59249564134405	1.96478605940288	26.9527934460468	4.4078151230012e-05	0.0032963897186315	DTR_Mup
HELPU_010901	jcf7180000349197_114701_115200	6.45560187440348	0.611345756277793	16.2758912126459	5.47562171908551e-05	0.00172909372551238	3.40626424512255	0.307165615781067	13.6945690525861	0.00151377868802832	0.0246847189453964	DTR_Mup
HELPU_010902	jcf7180000349197_118101_118700	7.43555398996633	3.00328525559739	15.4695674680199	8.38443825360334e-05	0.00241498345410027	4.11761160697735	1.00943985933792	34.4627871137411	9.5677751035865e-06	0.00141846227722307	DTR_Mup
HELPU_010917	jcf7180000352207_17501_17600	1.50271483111055	3.09565489818725	9.40813836158659	0.00216024446144415	0.0256552510714552	-3.01589920755053	-0.100995946014396	13.0844372659105	0.00171345640777425	0.0264694910043209	DTR_Mdw
HELPU_010964	jcf7180000349192_26001_26300	-2.00785425709738	4.12669795217284	9.30664881352747	0.00228323731767385	0.0266524048428467	-1.89877997878891	2.31129140199358	24.1607152194242	8.29748735613176e-05	0.00470618695238565	DTR_Mdw
HELPU_010964	jcf7180000349192_29101_29800	-2.00785425709738	4.12669795217284	9.30664881352747	0.00228323731767385	0.0266524048428467	-3.12596096367962	2.53592649036677	37.2020081528161	5.78441591385855e-06	0.00109035839699929	DTR_Mdw
HELPU_011034	jcf7180000350817_17001_17100	-1.85491606830998	9.44351991457455	11.1635967923014	0.000834180387125631	0.0128369787461051	5.96384441293569	1.04912373899921	29.1576198863181	2.74525124754187e-05	0.00254270391037132	DTR_Mup
HELPU_011084	jcf7180000393496_35101_35300	-1.61589538490948	7.81017487219444	32.8831220954705	9.78692784445808e-09	1.43692326922326e-06	4.22482186046237	0.708857383251801	10.4870470517475	0.00455197718148547	0.0471898790459785	DTR_Mup
HELPU_011123	jcf7180000358862_16101_16300	-7.86777804548072	2.14366804913486	8.55770164135794	0.00344063520791247	0.0353992864289968	-2.66447014879794	0.626942654665138	25.2233814542919	6.497577952413e-05	0.0040931757010091	DTR_Mdw
HELPU_011126	jcf7180000358862_63201_63500	-5.96469821856079	3.25934669766879	13.9152528246594	0.000191240235436999	0.00445204008320594	-1.84112699959371	2.31003867149192	11.0071316983243	0.00342794642756853	0.039867484627626	DTR_Mdw
HELPU_011174	jcf7180000413517_72101_72400	0.890938861669066	8.20480129021827	11.4498456131946	0.000714999398524602	0.0114692441352695	-2.03378090490238	1.57034159429246	15.3937665264068	0.000839010414383611	0.0174533543438634	DTR_Mdw
HELPU_011177	jcf7180000349975_61101_61200	-11.9177014618854	2.30007272070147	108.615371724386	1.97040619525721e-25	4.03662339175881e-22	5.77617801831899	2.27319108344083	66.3410540505764	8.71023897237119e-08	0.000117128996156778	DTR_Mup
HELPU_011178	jcf7180000349975_65401_65500	-8.80498951598456	1.41370503167746	16.4959636058915	4.87537546827317e-05	0.00157598675640097	-4.91165314754079	-0.406629556397318	28.0818627167999	7.11332889964204e-05	0.0043338309086148	DTR_Mdw
HELPU_011189	jcf7180000371391_121801_122000	-2.98723767669275	1.14479942782897	20.3183356783243	6.55692154175752e-06	0.000317933098070603	-4.30529865700258	0.506521046975377	13.6400365700531	0.00143634283245334	0.0238965654402897	DTR_Mdw
HELPU_011214	jcf7180000347667_151301_151600	-1.97274305947963	5.16458233107112	11.3883110015756	0.000739076997642321	0.0117371442968605	-1.59751072647711	0.338401423199772	17.5031184232938	0.000455561500845951	0.012256726846027	DTR_Mdw
HELPU_011214	jcf7180000347667_152901_153200	-1.97274305947963	5.16458233107112	11.3883110015756	0.000739076997642321	0.0117371442968605	-1.48420495654118	0.36888261183052	11.2366782587797	0.00316374695764152	0.0379791067478546	DTR_Mdw
HELPU_011214	jcf7180000347667_147601_148000	-1.97274305947963	5.16458233107112	11.3883110015756	0.000739076997642321	0.0117371442968605	-1.18177843642409	2.78588653723537	12.360412857313	0.00216742415308772	0.0303188512354199	DTR_Mdw
HELPU_011214	jcf7180000347667_146401_146800	-1.97274305947963	5.16458233107112	11.3883110015756	0.000739076997642321	0.0117371442968605	-3.36866330454534	0.574794242087025	37.7029169244842	5.28083942983075e-06	0.00104411449914111	DTR_Mdw
HELPU_011214	jcf7180000347667_149201_149700	-1.97274305947963	5.16458233107112	11.3883110015756	0.000739076997642321	0.0117371442968605	-1.49276118209255	1.23132263990007	13.7726064054648	0.00137578078669199	0.0232950393224749	DTR_Mdw
HELPU_011214	jcf7180000347667_150201_150600	-1.97274305947963	5.16458233107112	11.3883110015756	0.000739076997642321	0.0117371442968605	-1.37815239109768	0.330983201906791	10.1170507441711	0.00468674220069143	0.0479818140212843	DTR_Mdw
HELPU_011214	jcf7180000347667_148101_148300	-1.97274305947963	5.16458233107112	11.3883110015756	0.000739076997642321	0.0117371442968605	-2.18796755387638	1.16754044923074	25.5254404026113	6.05448011982756e-05	0.00393571892989114	DTR_Mdw
HELPU_011295	jcf7180000351305_34101_34500	-1.83374564790282	4.35536508062913	13.2043856990497	0.000279294773756909	0.00593728595819417	-1.78823519340527	2.16413121661592	16.4231332505879	0.000620336163047165	0.014690524487685	DTR_Mdw
HELPU_011369	jcf7180000416155_100301_100400	-7.18512482883588	5.82996314639956	36.6679413473759	1.40063980498598e-09	2.8693857204894e-07	5.60686774114374	-0.486972643538255	25.5368756858626	0.000116756842318166	0.00569133969956863	DTR_Mup
HELPU_011488	jcf7180000347978_13001_15500	9.40140505432977	3.59615949772263	31.5864853747121	1.90752503739769e-08	2.58367172214139e-06	3.38180805932361	3.02123151945533	16.1362875144697	0.000674149494209108	0.0154352211972688	DTR_Mup
HELPU_011488	jcf7180000347978_10001_10200	9.40140505432977	3.59615949772263	31.5864853747121	1.90752503739769e-08	2.58367172214139e-06	2.90324886126608	-0.0801704812572767	10.0801994478907	0.00475336260790186	0.0483827786671467	DTR_Mup
HELPU_011489	jcf7180000347978_21501_21900	4.75856249931118	0.759062153757763	24.5168499473866	7.36628205996193e-07	5.48754530366891e-05	1.85672814051878	1.37442512708045	12.8042463499627	0.00187672247090079	0.0278318311676867	DTR_Mup
HELPU_011520	jcf7180000348685_67901_68200	2.28329452949448	5.72587391901886	19.0850546259262	1.2502009371736e-05	0.000529043696720847	1.70782859942441	1.31840305754284	15.7384748070317	0.000756994353838582	0.0164880033941221	DTR_Mup
HELPU_011556	jcf7180000356436_15801_16000	-0.971077764888891	4.29631523816776	9.27393893585682	0.00232437299264279	0.026923460345791	-1.49429030522973	1.34412232366493	12.225272776608	0.00226661468635118	0.0310839626911573	DTR_Mdw
HELPU_011556	jcf7180000356436_16201_16500	-0.971077764888891	4.29631523816776	9.27393893585682	0.00232437299264279	0.026923460345791	-2.95612291049278	1.17038342604034	18.5039418147977	0.000346352179553803	0.0105462680118832	DTR_Mdw
HELPU_011579	jcf7180000355416_26801_27100	2.22836328704821	5.74525241363238	18.3821666072131	1.80741698181616e-05	0.000704896752163331	-2.78425230361609	3.18265698502562	25.3361137118992	6.33228778417441e-05	0.00403232146099983	DTR_Mdw
HELPU_011607	jcf7180000347423_58101_58700	-2.32289510161455	0.907160197643846	12.5002078078707	0.000406906753523901	0.00780889318911383	-5.00201162647682	2.75627894785884	62.7568450831861	1.33951295397643e-07	0.000146948809452121	DTR_Mdw
HELPU_011623	jcf7180000351684_62101_62200	1.82819702278389	4.45389873291555	9.65834094675233	0.00188493772980484	0.0231923757160447	-3.93354785967536	1.11809922325096	10.2407520356148	0.00470486968464	0.0480949016340235	DTR_Mdw
HELPU_011631	jcf7180000358133_48801_48900	-1.79358500158236	5.32858311224996	15.5266557491499	8.13500043753582e-05	0.00235140250742107	-6.28922500134984	-0.453835592627929	25.3443863114937	0.000120882332838837	0.0058098681345033	DTR_Mdw
HELPU_011781	jcf7180000394843_97801_98000	-2.00964240638873	6.18556706459754	10.0337228947377	0.00153700073829549	0.0201684522694474	2.31253011379818	2.09737444613908	29.9970060072284	2.30579054603682e-05	0.00232549531242848	DTR_Mup
HELPU_011781	jcf7180000394843_101601_101800	-2.00964240638873	6.18556706459754	10.0337228947377	0.00153700073829549	0.0201684522694474	3.21271024638822	1.36544720283213	26.2409572387865	5.16162190721409e-05	0.0036019565871121	DTR_Mup
HELPU_011781	jcf7180000394843_101901_102000	-2.00964240638873	6.18556706459754	10.0337228947377	0.00153700073829549	0.0201684522694474	2.27727745704916	-0.12251698544009	10.2332623320425	0.00449582964735028	0.0468313406141175	DTR_Mup
HELPU_011838	jcf7180000365244_21301_21500	-1.03764115273487	4.88121031112566	9.85403617327965	0.00169459557308047	0.0215292456179967	-1.046361510103	1.97693630648307	11.5561787067022	0.00283669314459978	0.035573796292832	DTR_Mdw
HELPU_011891	jcf7180000348025_39101_39600	0.843242922377506	5.9398270827692	8.38079341809059	0.00379206847164646	0.0379415202575176	-3.09799579391726	0.526102519707837	16.178744110216	0.000665869032948221	0.0153166454786589	DTR_Mdw
HELPU_011933	jcf7180000370388_23701_24300	-1.39515014525664	1.51566205287724	11.4141854269926	0.000728854462397584	0.0116085478952711	-2.15424562036114	2.80569200426511	27.0381000284601	4.32593699322411e-05	0.0032564130227548	DTR_Mdw
HELPU_011935	jcf7180000347608_6001_6100	-1.79889084836886	7.82823104658621	26.1975163890509	3.08218684899209e-07	2.59045950092981e-05	1.82259500384033	0.863707372288983	15.5342874685257	0.000803401010148592	0.0170259689142977	DTR_Mup
HELPU_011936	jcf7180000347608_31801_32000	-3.93484764727984	8.24164358222764	10.3800986210138	0.00127380890394597	0.0177219474760361	-2.37807766973269	2.06017230142088	21.0640087731209	0.000176893456819337	0.00721547453095875	DTR_Mdw
HELPU_011936	jcf7180000347608_30501_30800	-3.93484764727984	8.24164358222764	10.3800986210138	0.00127380890394597	0.0177219474760361	-3.66889830247823	0.251471652012245	13.4455695065623	0.00152752169768502	0.0248127634153477	DTR_Mdw
HELPU_011945	jcf7180000413338_68501_68700	-2.01086773276001	5.26551956149723	9.36148526463828	0.00221592507960368	0.0261084084325124	2.80703935283162	1.76114764741904	23.8586326680348	8.92515622738537e-05	0.00489588691077293	DTR_Mup
HELPU_012137	jcf7180000349169_17301_17500	1.09181651579414	5.21766684771613	16.1945895087751	5.71571313216369e-05	0.00178768745272959	-2.59065898710535	0.83605669393769	17.4653833790905	0.000461244187908805	0.0123550723847522	DTR_Mdw
HELPU_012207	jcf7180000392849_101301_101500	-1.76674258380547	2.72516686838424	8.890580444589	0.00286645592008785	0.0309883549302901	2.68788607789776	1.94651991403794	14.1779134164396	0.00121401642728961	0.0216895635740569	DTR_Mup
HELPU_012301	jcf7180000413329_40901_41300	1.06805145893475	5.26176409724413	9.29505264191903	0.00229773538287744	0.0267644528713422	-2.83880295054484	0.344456659474738	14.7288205379192	0.00102505108244441	0.019674482770978	DTR_Mdw
HELPU_012305	jcf7180000413329_120601_121100	1.28815625373323	6.6344886256002	23.6549645722685	1.15248208025342e-06	7.61614065051344e-05	-4.66407268498374	3.80827312637733	35.9515369885929	7.25528973986665e-06	0.0012303794400952	DTR_Mdw
HELPU_012308	jcf7180000352839_20701_21100	3.00023455539932	1.45422425997243	9.13204317602098	0.00251171060025827	0.0283476727665848	1.88269258514219	0.564480493177249	19.0685208215562	0.000296835583517845	0.00965847961965461	DTR_Mup
HELPU_012438	jcf7180000393462_182701_183200	-1.02619578307257	6.29773864119336	14.2771330103053	0.000157769921190761	0.00385924065432147	-3.97529854092304	1.08197665387037	21.6192779910246	0.000153815136167927	0.00666416699548794	DTR_Mdw
HELPU_012438	jcf7180000393462_181701_182000	-1.02619578307257	6.29773864119336	14.2771330103053	0.000157769921190761	0.00385924065432147	-3.55227050253434	0.647564952522571	47.4965185984192	1.06000990195992e-06	0.000447150892766826	DTR_Mdw
HELPU_012447	jcf7180000359043_10701_10900	1.46119686476988	4.83064158074122	13.3320497780173	0.000260908161769031	0.00564667757483758	-1.86696184967755	3.53651292383289	11.5676224994958	0.00282872301241635	0.0355225322013428	DTR_Mdw
HELPU_012469	jcf7180000421879_69101_69400	1.14348138290419	7.63428935461953	11.2010624545966	0.000817505114303685	0.0126875864756847	1.4824476158029	2.16539609778096	11.6822305760896	0.00272107436916902	0.034720839551185	DTR_Mup
HELPU_012469	jcf7180000421879_67301_67500	1.14348138290419	7.63428935461953	11.2010624545966	0.000817505114303685	0.0126875864756847	-8.03515700481784	0.0335295936231456	38.365971465695	7.52744077600441e-06	0.00124887903415824	DTR_Mdw
HELPU_012482	jcf7180000413507_115101_115300	5.14592501865263	1.42077869052599	15.7872061866636	7.08801837812247e-05	0.00212757386811445	-4.71283136645723	0.213121062094669	21.5899952976843	0.000154945562703798	0.00669087783635772	DTR_Mdw
HELPU_012482	jcf7180000413507_116401_116700	5.14592501865263	1.42077869052599	15.7872061866636	7.08801837812247e-05	0.00212757386811445	-1.62050137049147	2.58845506457488	21.4004609002048	0.000162106675717294	0.00686656740693247	DTR_Mdw
HELPU_012483	jcf7180000413507_121701_122000	5.61915900904435	5.45152420960905	21.0010178666008	4.5903943093257e-06	0.000245055284480583	3.23422810386049	1.30531977349461	29.7047671190643	2.44931858756312e-05	0.00239600742855172	DTR_Mup
HELPU_012588	jcf7180000347681_35801_36000	5.05924488676248	4.10546335095064	21.0073138802424	4.57533425507868e-06	0.000245049519955832	3.64315026093471	0.0907727139690814	27.4984602420109	3.91202085275458e-05	0.00307831977140642	DTR_Mup
HELPU_012657	jcf7180000350568_46701_47500	0.890651604690863	6.09615198033223	10.8101704973489	0.00100944005749552	0.0147975966925707	-2.08131517336044	2.91313263323583	36.4608172020299	6.58379867324701e-06	0.00117934815671177	DTR_Mdw
HELPU_012664	jcf7180000417369_106101_106300	0.697296279159339	6.39213710915709	7.69425992127936	0.00553967203329001	0.0488116585771989	5.56162034841404	-0.434226814885836	10.2957793823308	0.00485929850902009	0.0490531576105976	DTR_Mup
HELPU_012664	jcf7180000417369_113301_113400	0.697296279159339	6.39213710915709	7.69425992127936	0.00553967203329001	0.0488116585771989	3.86624678397888	0.927990918348562	16.7319104197795	0.000567653569865865	0.0139407793068653	DTR_Mup
HELPU_012708	jcf7180000413953_14701_14800	-1.57008925772886	3.30945191478227	7.63221012979298	0.00573350017421628	0.049928976809368	-3.37990593577587	-0.0028707554821739	11.9569974629286	0.00280077291009054	0.035344626264198	DTR_Mdw
HELPU_012709	jcf7180000413953_33201_33500	10.8178378932198	3.93033780684889	23.1392405529954	1.50683989731165e-06	9.72267680198451e-05	1.59118249653717	0.270224025051016	12.3090502275387	0.00220448591041908	0.0306189644973139	DTR_Mup
HELPU_012711	jcf7180000359030_16201_16700	-1.83540497825672	6.77981378622371	16.3414222991659	5.2895027884328e-05	0.00168329439222573	-2.11266722196405	2.23879233855667	32.6571517607702	1.34809051311146e-05	0.00172302329941534	DTR_Mdw
HELPU_012711	jcf7180000359030_9601_10200	-1.83540497825672	6.77981378622371	16.3414222991659	5.2895027884328e-05	0.00168329439222573	-2.46965958840411	1.84018215344622	34.0518799366465	1.03373194526555e-05	0.00148489839461673	DTR_Mdw
HELPU_012777	jcf7180000358959_15401_15600	6.32044623728141	0.396942674853577	33.9833463097928	5.55858098053865e-09	9.25758125995566e-07	4.18637954202501	2.40558187678697	55.4439642808833	3.4301218805032e-07	0.000239629151187047	DTR_Mup
HELPU_012777	jcf7180000358959_18201_18400	6.32044623728141	0.396942674853577	33.9833463097928	5.55858098053865e-09	9.25758125995566e-07	2.75654311130531	1.94459566704189	15.9973194842097	0.000702058584486043	0.0158152454762796	DTR_Mup
HELPU_012825	jcf7180000351129_55601_55900	-7.61865144310545	0.24442785811393	32.5007624151353	1.19145779764582e-08	1.69798276918411e-06	-5.83292026919019	0.0698450326058823	12.0676983063326	0.00270319997458117	0.0345837842419956	DTR_Mdw
HELPU_012830	jcf7180000350983_47901_48000	-1.40722110500212	4.54993173653816	8.8590025412698	0.00291646898733087	0.0313389191118364	4.38299681663079	0.953248975341177	30.5638754569983	2.05306315708731e-05	0.00217797304035202	DTR_Mup
HELPU_012860	jcf7180000347742_118201_118600	8.74535294215118	4.90168602954403	39.5959499835669	3.12330351497771e-10	7.75573050105601e-08	2.59254110935797	2.01344013708669	41.6560875628889	2.6768269784805e-06	0.00072605636455041	DTR_Mup
HELPU_012860	jcf7180000347742_116101_116200	8.74535294215118	4.90168602954403	39.5959499835669	3.12330351497771e-10	7.75573050105601e-08	6.20889331434638	1.26224400848372	16.4972766120578	0.000729537614191131	0.0161878514969725	DTR_Mup
HELPU_012881	jcf7180000392775_28701_29000	-0.92474696855894	5.6513302913315	8.21828273967244	0.00414704257731211	0.0403358343024143	1.62987810658591	2.27273384903992	19.5061873694558	0.000264282249144681	0.00907100920021132	DTR_Mup
HELPU_012962	jcf7180000355131_32001_35600	-4.83494872035524	4.74002314556559	19.0678524878597	1.26152092365308e-05	0.000531492709967874	-3.06614056002802	6.94459012033107	11.3106480457282	0.00308767337232645	0.0374346252281628	DTR_Mdw
HELPU_012962	jcf7180000355131_28401_31300	-4.83494872035524	4.74002314556559	19.0678524878597	1.26152092365308e-05	0.000531492709967874	-7.61318873969341	8.21276969976132	24.7637177470142	7.22252143376433e-05	0.00436439904368949	DTR_Mdw
HELPU_013040	jcf7180000392794_24001_24200	12.9988928259785	4.64811651811848	36.0855338426033	1.88843565225643e-09	3.59878743079427e-07	4.33436571522274	0.667589257845082	34.5781248148418	9.36227101720496e-06	0.00140840714319589	DTR_Mup
HELPU_013040	jcf7180000392794_23301_23600	12.9988928259785	4.64811651811848	36.0855338426033	1.88843565225643e-09	3.59878743079427e-07	1.01300616079679	3.11785592926536	10.6523447303324	0.00387575429354745	0.0428651121722881	DTR_Mup
HELPU_013069	jcf7180000353549_9601_9700	-0.656849573305475	5.24198475788482	7.64062624440368	0.00570681007820846	0.0498631148093994	6.1344112886286	-0.0930857049276794	19.338131373507	0.000345923378439424	0.0105440717973826	DTR_Mup
HELPU_013104	jcf7180000347644_33601_33800	-7.31335599743845	5.30983982548659	24.0147788038305	9.55990875129055e-07	6.72753564618521e-05	3.0140440623005	0.56467303849642	10.1086587754466	0.00470506077832001	0.0480949016340235	DTR_Mup
HELPU_013165	jcf7180000354491_20601_21000	3.05521026664143	6.81646782143906	20.0435966398949	7.5696572078627e-06	0.000354454605656177	-1.32805049464962	3.14120960140086	23.0273710545832	0.000108572964044286	0.00546830110292116	DTR_Mdw
HELPU_013186	jcf7180000350512_29801_30200	1.39747146491803	7.88438174664975	12.5037743508537	0.000406130693818748	0.0078031370937813	-2.12536425227302	1.69861842755125	23.3769170798037	0.000100084100635338	0.00523627809527203	DTR_Mdw
HELPU_013186	jcf7180000350512_26701_27100	1.39747146491803	7.88438174664975	12.5037743508537	0.000406130693818748	0.0078031370937813	-1.23932193743272	3.12710838185064	10.6356047999573	0.00390234334643489	0.0430308481529996	DTR_Mdw
HELPU_013186	jcf7180000350512_24401_24600	1.39747146491803	7.88438174664975	12.5037743508537	0.000406130693818748	0.0078031370937813	-1.21106703637239	2.4994282623755	11.579153821337	0.00281466124410339	0.0354324693958951	DTR_Mdw
HELPU_013186	jcf7180000350512_30401_30600	1.39747146491803	7.88438174664975	12.5037743508537	0.000406130693818748	0.0078031370937813	-1.77171351450301	1.1083409141407	17.0513933981056	0.00051737205610149	0.0132027432514077	DTR_Mdw
HELPU_013213	jcf7180000417473_18901_19200	-1.17692320319716	5.08023353814456	8.06470939255119	0.00451357139539632	0.0425376202410295	1.36790128637158	0.65524931047204	12.6905487702264	0.00194505661712872	0.0284504510098217	DTR_Mup
HELPU_013213	jcf7180000417473_24001_24100	-1.17692320319716	5.08023353814456	8.06470939255119	0.00451357139539632	0.0425376202410295	2.68157791906775	0.225647459030406	21.9457745571502	0.00014161672344386	0.00637044692628822	DTR_Mup
HELPU_013213	jcf7180000417473_19301_19600	-1.17692320319716	5.08023353814456	8.06470939255119	0.00451357139539632	0.0425376202410295	1.37438599650571	2.30838992551081	10.7723933239194	0.00371969292509609	0.041816370821113	DTR_Mup
HELPU_013291	jcf7180000349953_51801_51900	0.629134514392366	5.96670214432365	9.02164448840798	0.00266801249455235	0.0294910829609444	-2.97986957987278	2.91702315343386	15.3073862410037	0.000860920985940329	0.0177199637280778	DTR_Mdw
HELPU_013365	jcf7180000355046_34501_34900	2.18822952938045	3.76797693311749	38.5390121126859	5.36700772258818e-10	1.31283417261937e-07	1.78496586124361	0.97477529479223	18.0913447251883	0.000386964555163208	0.0112126551989613	DTR_Mup
HELPU_013365	jcf7180000355046_32501_32700	2.18822952938045	3.76797693311749	38.5390121126859	5.36700772258818e-10	1.31283417261937e-07	3.8810435560135	0.478387972329283	12.5398469812396	0.002045705429071	0.0292431635939771	DTR_Mup
HELPU_013418	jcf7180000359088_24301_24400	-2.25903009673429	3.80272980692215	24.3195715389523	8.16056816548838e-07	5.94415785174173e-05	-3.60016276670953	0.853573096462615	17.0121006568435	0.000524100082493099	0.0132940501530509	DTR_Mdw
HELPU_013485	jcf7180000421198_40901_42300	4.25191001860253	1.73964806382514	11.5382717916178	0.00068177987393924	0.0111180998547166	3.7875411707648	6.68655709149009	18.7890352581838	0.000320628421692647	0.0101007459863406	DTR_Mup
HELPU_013528	jcf7180000365255_25901_26000	0.784744913356623	7.33662574268147	9.96676245649451	0.00159391523850524	0.02066539062549	4.08159302960005	0.0574984099671837	17.4564472637376	0.000462399782331559	0.012376766886635	DTR_Mup
HELPU_013629	jcf7180000354014_1_400	0.944127680731221	4.50151584131472	10.6603035646309	0.0010945942704235	0.0158072667962005	3.7105913891426	0.897639336261099	15.8205254108035	0.000739425511723882	0.0162941553351697	DTR_Mup
HELPU_013888	jcf7180000392456_4201_4400	-2.50125094251778	2.78032253798198	10.7811958601021	0.00102536415362772	0.0149774448429631	2.80531901106589	0.0455662767832745	10.2691359508022	0.00444269400327546	0.0465114775860294	DTR_Mup
HELPU_013888	jcf7180000392456_6601_6800	-2.50125094251778	2.78032253798198	10.7811958601021	0.00102536415362772	0.0149774448429631	2.81500786926389	0.140411089413523	11.6150270213233	0.00278363494968421	0.0352068995250585	DTR_Mup
HELPU_013975	jcf7180000349741_8901_9900	-2.88403352739517	0.97680540690632	10.245302214749	0.0013703313217296	0.0185759801752079	-2.58710452976334	1.20843013702423	11.2019272308355	0.00320505433117962	0.0383118194687373	DTR_Mdw
HELPU_014101	jcf7180000362272_15401_15500	-3.25891451735796	3.25304979764767	10.0501585240918	0.00152334832707397	0.0201015746637804	-4.98853332266061	0.550476667466415	27.5625389719961	3.85795017423935e-05	0.00305254446010181	DTR_Mdw
HELPU_014194	jcf7180000348504_35901_36200	-1.12421363776477	4.04913702208147	9.92230776693569	0.00163287515812526	0.0210003612918295	2.19915470177387	1.59033199518667	12.5203360888446	0.00205882722982953	0.029359827056097	DTR_Mup
HELPU_014211	jcf7180000355406_50301_50600	-2.88984721953846	3.90991736325325	33.9707227765557	5.59476190974066e-09	9.25758125995566e-07	3.34329692291074	-0.299571665617631	12.0426252647806	0.00241107298788486	0.032264829130111	DTR_Mup
HELPU_014211	jcf7180000355406_48701_49900	-2.88984721953846	3.90991736325325	33.9707227765557	5.59476190974066e-09	9.25758125995566e-07	1.86052063786993	3.6455692357171	12.6865466065278	0.0019499588800307	0.0284756231329944	DTR_Mup
HELPU_014211	jcf7180000355406_57201_57300	-2.88984721953846	3.90991736325325	33.9707227765557	5.59476190974066e-09	9.25758125995566e-07	5.2964263302428	1.0533968891399	16.190370444316	0.00109999764513538	0.0204829687623971	DTR_Mup
HELPU_014321	jcf7180000368689_36201_36700	-2.94779707242007	5.09453384131191	16.2255780861467	5.62297698843947e-05	0.00176204531287829	1.80705271251811	2.94899593074215	10.182469261595	0.00458230869994171	0.0473586250269974	DTR_Mup
HELPU_014321	jcf7180000368689_29001_29100	-2.94779707242007	5.09453384131191	16.2255780861467	5.62297698843947e-05	0.00176204531287829	2.22464245682457	0.22823366095162	13.9688267661943	0.00129556755673089	0.0225364708230147	DTR_Mup
HELPU_014321	jcf7180000368689_33701_33900	-2.94779707242007	5.09453384131191	16.2255780861467	5.62297698843947e-05	0.00176204531287829	1.63375140787429	3.29049803688614	12.3704042637181	0.00216282891554439	0.0302794299698657	DTR_Mup
HELPU_014355	jcf7180000422248_68801_69800	2.25466283873364	2.57454754841507	9.49467409580059	0.00206069183308735	0.0247056901627422	-2.7204901458553	1.41044304145322	12.1773275824453	0.00230542652420947	0.0313982408373233	DTR_Mdw
HELPU_014380	jcf7180000349943_66701_66900	5.9985701338911	0.561508080041688	12.0070036889013	0.000530009986047958	0.0094218670094326	4.24192608934173	-0.554187906438513	10.6843931210958	0.00425273304301226	0.0453410443292022	DTR_Mup
HELPU_014389	jcf7180000348185_39301_39600	-1.23967079249357	4.39008032290303	13.0440307525127	0.000304252575851226	0.00636019829799201	1.81796118792869	1.090071796092	13.4458226975711	0.00152739889842276	0.024812175832494	DTR_Mup
HELPU_014457	jcf7180000352683_15001_15600	-2.00342378395826	2.63085111375122	7.92798978974706	0.00486758454276881	0.0447670275372828	-2.4327110412535	3.12989964889862	11.6549822115743	0.00274625039263687	0.0348941991980023	DTR_Mdw
HELPU_014639	jcf7180000349253_2301_2700	0.908755645730603	6.91584231290584	10.4374321283178	0.00123486832329898	0.0172681373298182	1.10879892102098	2.28933555752743	10.5900993733612	0.00396153195309908	0.0434164803034364	DTR_Mup
HELPU_014727	jcf7180000361200_45801_46300	-3.41514108808991	6.4658883461337	13.0635835975393	0.000301092807532422	0.00631024299571465	-2.58074186110616	3.44011861108126	15.2696294746207	0.00087069605143636	0.0178405397701131	DTR_Mdw
HELPU_014793	jcf7180000359016_36601_36700	6.43010602947402	6.49593620944816	15.113879088156	0.000101216404074797	0.00275554094083364	3.46950549842642	0.913732566019028	31.0649468230286	1.85492050883494e-05	0.00206249734698783	DTR_Mup
HELPU_014793	jcf7180000359016_36801_37000	6.43010602947402	6.49593620944816	15.113879088156	0.000101216404074797	0.00275554094083364	3.98984957137403	-0.251299244979374	15.4359211977944	0.000980942308391667	0.019170922091837	DTR_Mup
HELPU_014923	jcf7180000352968_30401_30600	6.5865743036778	2.55484353354702	12.1633083874198	0.000487388483518006	0.00888501354537156	2.19833225296234	0.193372029471948	18.6985173594127	0.000327905207114166	0.0102310353766982	DTR_Mup
HELPU_014928	jcf7180000392778_72001_72200	1.9057955254762	3.39303717587813	15.8008989178922	7.03690678820663e-05	0.00211648826011221	1.73665470979392	1.40860445730375	11.1698236694295	0.00324065511053733	0.0385677949618098	DTR_Mup
HELPU_014954	jcf7180000414400_7501_8000	-0.798456205700604	5.39928606108972	12.0508334821883	0.000517692274527375	0.00930313452547055	2.14459478882465	3.39590259088013	15.9053053463196	0.00072123931930373	0.0160827103550182	DTR_Mup
HELPU_014965	jcf7180000365242_3701_3800	8.41484236890196	6.48694743322082	22.6761126884154	1.91736692858649e-06	0.000116816827481799	3.62896575490614	0.79114555161684	20.4142416044127	0.000208873148423466	0.00793986851804751	DTR_Mup
HELPU_014966	jcf7180000365242_11401_12200	8.41699895986065	4.39018819261424	20.8861121220297	4.87415680138189e-06	0.000256033832749512	1.68437350668009	2.7007596959181	14.3125176674325	0.00116452714441432	0.0211443433529738	DTR_Mup
HELPU_014968	jcf7180000417453_44701_44900	-1.53588843209656	3.71234571433787	35.6203051667251	2.39775161428129e-09	4.31832430840176e-07	1.56655534044089	2.58509062056579	14.2856652250266	0.00117421891189204	0.0212607349911923	DTR_Mup
HELPU_014989	jcf7180000372615_7301_7600	0.890657306097323	6.48252471881146	17.2280030325765	3.31513632032058e-05	0.00117083462874662	-1.82940527627715	0.135782800289957	10.1114196760239	0.00469621897299336	0.0480485282013061	DTR_Mdw
HELPU_014990	jcf7180000372615_23301_23500	0.91952931691596	7.00654759084882	22.2000697917103	2.45664866277303e-06	0.000144827391849594	-5.3497350357065	1.00293059295819	19.3482744340086	0.000276073243099145	0.00928810543984953	DTR_Mdw
HELPU_015152	jcf7180000356851_22101_22400	4.26749978396898	2.17583318107867	40.4162199239025	2.05230234218761e-10	5.60586384768545e-08	1.93126489825919	0.11030341917886	10.3674707595616	0.00428958739759075	0.0455968844923078	DTR_Mup
HELPU_015336	jcf7180000361664_20101_20300	2.64687321021937	1.75955864787257	12.2624023829325	0.000462176121331208	0.00857826098810552	-2.17663136953029	0.561745113411719	15.0640413958455	0.000926121309637943	0.0185280539467533	DTR_Mdw
HELPU_015339	jcf7180000399790_33001_33300	1.52492343828067	4.05944608426985	15.1289609610679	0.000100411033801946	0.00274730623202018	-3.39439775773555	1.72979779041233	17.1803641677932	0.000499726071818963	0.0129334995547926	DTR_Mdw
HELPU_015500	jcf7180000374915_11801_12500	6.81813078115476	7.62539623343598	52.2014192710486	5.00899195196592e-13	2.93187032502748e-10	1.6047742869549	2.671409180816	20.6062134052399	0.000198361196546764	0.00770142951990029	DTR_Mup
HELPU_015552	jcf7180000351439_33601_33800	0.677872562281902	5.9839097172121	7.69042256647629	0.00555146280309709	0.0488630096025554	-6.41543522873718	0.664344266849467	30.2239847951867	2.6316669370925e-05	0.002488545611722	DTR_Mdw
HELPU_015552	jcf7180000351439_25401_25500	0.677872562281902	5.9839097172121	7.69042256647629	0.00555146280309709	0.0488630096025554	4.91442172731104	2.01268395981241	25.406022463319	7.22552043539311e-05	0.00436451029160072	DTR_Mup
HELPU_015552	jcf7180000351439_28001_28100	0.677872562281902	5.9839097172121	7.69042256647629	0.00555146280309709	0.0488630096025554	-4.3500816656298	0.499468881837206	13.9206615510374	0.00131520077457169	0.0227262786532249	DTR_Mdw
HELPU_015665	jcf7180000359936_19201_19500	2.26259192403318	3.64149281457122	9.40142172844756	0.00216817249698007	0.0257121411382101	-2.61077826863115	2.28067704350129	32.1424876954096	1.49639363303748e-05	0.00182619317907979	DTR_Mdw
HELPU_015672	jcf7180000366713_13301_13400	-4.12147363472142	0.920059950820423	7.8268074101202	0.00514769445933258	0.0462530507094308	5.91189017560996	-0.28556268655593	18.5269218275996	0.000623253193442576	0.0147303030314528	DTR_Mup
HELPU_015735	jcf7180000351285_40701_40900	-1.44596013704336	7.06996326611716	15.4446546359262	8.49568906612197e-05	0.00243845618396976	-5.18380277593094	1.81137638117474	33.4750172338225	1.15458882126916e-05	0.00158360329510001	DTR_Mdw
HELPU_015847	jcf7180000413291_9701_9800	-3.49480560628781	0.825694609289941	9.42092493473739	0.00214523288773481	0.0254954472785249	-2.13414851732682	3.63059823501262	19.3061653173269	0.000279178602446768	0.00933469835568303	DTR_Mdw
HELPU_015885	jcf7180000350924_73401_73600	-1.41425844911752	3.27043098739248	13.4937382453649	0.00023936086445262	0.00532277504411667	1.18289049086888	1.09977590397179	10.6333510458534	0.00390170816081148	0.0430308481529996	DTR_Mup
HELPU_015886	jcf7180000375969_4001_4700	-5.34120376022186	8.21189300717617	36.1243377958995	1.85120310432089e-09	3.59878743079427e-07	-2.18749107827239	1.53401355072766	30.516417722277	2.06575120009989e-05	0.00218806313767747	DTR_Mdw
HELPU_016008	jcf7180000349208_20501_20600	1.57088693766911	4.69456717525988	13.2436515356371	0.000273504592127293	0.00585178428247285	1.90767729989423	0.682652299061939	11.0900410093755	0.00333104316502482	0.0392349451281227	DTR_Mup
HELPU_016008	jcf7180000349208_8801_9000	1.57088693766911	4.69456717525988	13.2436515356371	0.000273504592127293	0.00585178428247285	6.27229951517497	0.136007776603913	14.7473496445263	0.00119535432722949	0.0214883141878986	DTR_Mup
HELPU_016049	jcf7180000361476_42401_42700	-2.30214008574176	5.60338881722265	14.9988488166709	0.000107576781231247	0.00285287357216652	2.09610878109668	1.65925921508773	24.2696034152579	8.08831744216209e-05	0.00465081138760337	DTR_Mup
HELPU_016076	jcf7180000348747_51801_51900	-2.84673174501016	3.24446513402975	19.5457620341062	9.82183820449526e-06	0.000432207879604679	1.77566703801106	1.56090198789066	17.1838924609959	0.000499228558840251	0.0129292358031304	DTR_Mup
HELPU_016202	jcf7180000347069_65001_65300	-5.29935750336192	3.5617705889279	8.45676663254887	0.00363687817910954	0.03683856395391	-1.61817979514536	1.93271607041602	19.0101929375948	0.000301509998788221	0.00974174894787522	DTR_Mdw
HELPU_016212	jcf7180000365087_11701_11900	1.21148899206661	3.37626191547023	8.73426571104237	0.00312285050079777	0.0329983216360894	2.24620849793931	1.72607738562758	17.0942868411558	0.000512034759352085	0.0131228149621456	DTR_Mup
HELPU_016237	jcf7180000358104_28501_28700	10.5701542033097	1.24884646490743	93.1416630504158	4.86820854913789e-22	7.97850699118209e-19	5.32917496543435	1.89163352802614	22.4639331631922	0.000124819872563566	0.00590743252458107	DTR_Mup
HELPU_016245	jcf7180000357248_17701_18300	6.90219934779757	2.22791018042878	11.794064203046	0.000594198726452126	0.0102057086306906	-4.02998939870106	0.117535138281651	20.1294532166148	0.000224857756037541	0.00829751771303335	DTR_Mdw
HELPU_016332	jcf7180000420496_61801_61900	3.30956841304289	7.14574607540704	8.36187409523635	0.00383175182579116	0.0381522361317688	6.45613813273731	-0.259270201607274	17.2700063213535	0.000591715614512318	0.0142711381447034	DTR_Mup
HELPU_016393	jcf7180000348994_27401_27600	-1.16115116997997	3.10554044573172	17.2491879835982	3.27837632695402e-05	0.00116345799926235	1.90257595545601	1.53300150861153	13.7978238099679	0.00136677868058789	0.0232209690458952	DTR_Mup
HELPU_016394	jcf7180000348994_43801_44200	11.5677375673706	4.29598446524397	58.8630644687556	1.69035685891373e-14	1.38516292803686e-11	1.21635445298737	2.04109148549362	18.9163945642689	0.000309198278127651	0.00987011663746125	DTR_Mup
HELPU_016394	jcf7180000348994_38301_38500	11.5677375673706	4.29598446524397	58.8630644687556	1.69035685891373e-14	1.38516292803686e-11	4.21174048123473	0.111350309220664	42.056168075775	2.50127146449198e-06	0.000695564739572858	DTR_Mup
HELPU_016394	jcf7180000348994_38601_39600	11.5677375673706	4.29598446524397	58.8630644687556	1.69035685891373e-14	1.38516292803686e-11	1.94095981661621	2.48797314913653	19.483629813044	0.000266346677988284	0.00911129582421476	DTR_Mup
HELPU_016394	jcf7180000348994_37301_38000	11.5677375673706	4.29598446524397	58.8630644687556	1.69035685891373e-14	1.38516292803686e-11	1.97683899807663	1.81421038624801	27.9262839153628	3.55486400280219e-05	0.00291000009068483	DTR_Mup
HELPU_016594	jcf7180000349017_48501_48800	3.52135827202821	1.95765419043583	10.4344568828034	0.00123685913638664	0.017281231360819	3.87535308135952	0.0291390939474166	15.5651193848038	0.000797346739826961	0.0169712145833705	DTR_Mup
HELPU_016689	jcf7180000363635_29201_29300	7.54767582032604	4.76131646431236	25.5746011598384	4.25604884323374e-07	3.45140361251624e-05	-7.01567863715955	0.0608503185364256	15.4158593683623	0.00281832919530439	0.0354598690135247	DTR_Mdw
HELPU_016776	jcf7180000417274_153501_153600	-2.15636421322129	2.91558317002213	16.3924493206522	5.14899351392481e-05	0.00164787288911293	-6.0631761058987	-0.800612649457499	12.2192966537009	0.00393248848586584	0.0432247126109098	DTR_Mdw
HELPU_016811	jcf7180000421264_8401_8600	-4.45356612313927	2.4329623324218	23.9306814789756	9.98673991514721e-07	6.90602027296825e-05	-2.47968659856379	0.289224937231377	15.3368376832114	0.000853380311497671	0.017623010993608	DTR_Mdw
HELPU_016811	jcf7180000421264_7401_8300	-4.45356612313927	2.4329623324218	23.9306814789756	9.98673991514721e-07	6.90602027296825e-05	-1.69634258544494	2.39329466569682	12.5794598440651	0.00201934822293277	0.0290344788640111	DTR_Mdw
HELPU_016811	jcf7180000421264_11801_12100	-4.45356612313927	2.4329623324218	23.9306814789756	9.98673991514721e-07	6.90602027296825e-05	-3.47443962446036	2.44939540049287	18.2740847441596	0.000368753876554723	0.0109022570809186	DTR_Mdw
HELPU_016820	jcf7180000392720_73001_73400	2.59557225012181	3.23891847868617	7.69519539259745	0.00553680154988658	0.0488116585771989	1.69622829748365	1.57719318527392	10.070305416649	0.00477028380282608	0.0484981393104059	DTR_Mup
HELPU_016940	jcf7180000348886_24801_24900	-3.39220080391433	5.06747096732046	16.8823890182279	3.97688555131639e-05	0.00135222359544656	-7.01588259160531	0.0707727905534314	15.3577362342241	0.00285249104147277	0.0356890949869358	DTR_Mdw
HELPU_017141	jcf7180000349573_33501_33600	-1.30160693896412	5.24782871357923	9.20071044184873	0.00241921218740245	0.0275527925916183	3.09286528359744	0.433069480732406	13.3584791052388	0.00157041651235951	0.0252408690905951	DTR_Mup
HELPU_017141	jcf7180000349573_34101_34600	-1.30160693896412	5.24782871357923	9.20071044184873	0.00241921218740245	0.0275527925916183	-2.78514902041332	3.27922512868012	30.0211295440275	2.29436321791626e-05	0.00231754673199076	DTR_Mdw
HELPU_017191	jcf7180000357298_7301_7800	-7.6329416835211	2.98747908729489	11.1927794482336	0.000821162482097219	0.0127202570123737	-2.66741489213072	1.65734430119762	22.3153996971722	0.0001294481928815	0.00603886105095653	DTR_Mdw
HELPU_017210	jcf7180000366838_401_1200	3.60408565630745	2.70080630529869	8.88028924813105	0.00288265870008008	0.0310815088392187	-1.47214762948345	2.47135745977149	17.3865334747758	0.00047069340824797	0.0125028670763479	DTR_Mdw
HELPU_017235	jcf7180000370375_14401_15300	-1.38844284144964	4.2490728851298	9.03275865001587	0.00265183992631644	0.0294451250355014	-3.41377835375642	2.5850507298438	18.9479984594211	0.000307206004394023	0.00984251613205445	DTR_Mdw
HELPU_017295	jcf7180000417266_30901_31100	6.62934937328271	7.47591397757138	19.660770066484	9.24805835455538e-06	0.000411865294491326	3.19327783118609	2.44386377741653	18.1801044085334	0.000378369791159428	0.0110575782238977	DTR_Mup
HELPU_017295	jcf7180000417266_33901_34000	6.62934937328271	7.47591397757138	19.660770066484	9.24805835455538e-06	0.000411865294491326	4.32423907781306	-0.401135699099323	18.1684396791321	0.000378959960659897	0.011069178528649	DTR_Mup
HELPU_017295	jcf7180000417266_30001_30300	6.62934937328271	7.47591397757138	19.660770066484	9.24805835455538e-06	0.000411865294491326	-2.96271231343245	2.9011249418118	25.0368962792695	6.78154333463108e-05	0.00420803554291186	DTR_Mdw
HELPU_017350	jcf7180000348069_63001_63400	-5.09151141393355	1.65772320047033	15.0829492764715	0.000102888447874816	0.00277860904659687	-1.82485912173389	1.76699375429019	11.1537698612522	0.00325862205304369	0.0387060354477542	DTR_Mdw
HELPU_017350	jcf7180000348069_73601_74000	-5.09151141393355	1.65772320047033	15.0829492764715	0.000102888447874816	0.00277860904659687	-4.80847838253614	1.72221904915259	31.1120383848815	1.83740995545555e-05	0.00204939182753608	DTR_Mdw
HELPU_017350	jcf7180000348069_71301_71900	-5.09151141393355	1.65772320047033	15.0829492764715	0.000102888447874816	0.00277860904659687	-4.15510054380364	1.17746959563437	29.7682112832115	2.41734234416567e-05	0.00238262944119869	DTR_Mdw
HELPU_017350	jcf7180000348069_72501_73300	-5.09151141393355	1.65772320047033	15.0829492764715	0.000102888447874816	0.00277860904659687	-3.92980418267836	2.54626003242139	49.7371867318274	7.6400594252444e-07	0.000375999879895958	DTR_Mdw
HELPU_017385	jcf7180000358971_8001_8100	2.38625992940816	6.13179880910103	18.0141203715356	2.19272473123177e-05	0.000818600583602677	6.42327284132992	-0.77064417027008	14.3893958034056	0.00296100699392828	0.036517216372439	DTR_Mup
HELPU_017439	jcf7180000361314_36901_37500	1.9901236550255	6.28658019283206	21.0386605325329	4.50108788098503e-06	0.000241863374693324	-1.22636864878815	2.53179377528801	14.3136310997734	0.00116247350097298	0.0211211911777413	DTR_Mdw
HELPU_017527	jcf7180000375120_10901_11200	-3.34371834898101	5.95867537249183	10.712266511778	0.00106427575208552	0.0154631341320298	-2.08889104465417	1.84619415276911	23.0326660038185	0.000108712165152024	0.00547242518945498	DTR_Mdw
HELPU_017704	jcf7180000358105_41701_42000	-3.40696732162036	2.56831845586683	21.7362883779845	3.12817660083225e-06	0.000177396838446504	-2.7080181295091	0.618268680973976	10.058601800862	0.0047903862652541	0.0486317419294653	DTR_Mdw
HELPU_017753	jcf7180000416375_18901_19100	-2.45126668187426	6.06112790603122	16.0169035846646	6.27794627316056e-05	0.00192363933954249	1.77634983711698	0.144183926401632	10.6540459658234	0.00387343900919033	0.0428526747740432	DTR_Mup
HELPU_017765	jcf7180000351226_27501_27800	1.20424370916837	6.6319437129673	7.72206779577465	0.00545498820961101	0.0484037908864725	2.53825567214125	1.01470836602425	17.0002056746009	0.000525872181525963	0.0133201265774617	DTR_Mup
HELPU_017801	jcf7180000418341_1101_1400	8.95027624933036	6.60199792598406	170.092883787106	7.06122050671974e-39	3.85754476282099e-35	4.91057925758259	1.63633990663695	98.6782406713513	3.44321205307604e-09	2.17606562216329e-05	DTR_Mup
HELPU_017846	jcf7180000358043_34001_34200	-1.57648587647185	4.33452338183622	12.7989204916997	0.00034681941688721	0.00698282975843303	-2.32532504009362	-0.195296372528025	11.3288341187686	0.00306531533212317	0.0372771653137198	DTR_Mdw
HELPU_017846	jcf7180000358043_27201_27700	-1.57648587647185	4.33452338183622	12.7989204916997	0.00034681941688721	0.00698282975843303	-5.88973205605073	-0.395230138536703	11.8182941026647	0.00292863446131777	0.036266320054123	DTR_Mdw
HELPU_017927	jcf7180000418335_1401_1700	0.920197060212358	6.54462262933526	8.29375642604518	0.00397816128503635	0.0392996294758654	2.67399992778126	0.252444057041071	18.2803186034617	0.000368125643561549	0.0108955473363158	DTR_Mup
HELPU_018035	jcf7180000347509_3901_4100	-2.38485676873224	0.365580226372394	10.8946673125625	0.00096441509264538	0.0143558573600047	-5.95643792970286	0.445380712067605	19.8386369275003	0.000346770353434685	0.0105540741709953	DTR_Mdw
HELPU_018144	jcf7180000351897_28901_29000	2.78110073929485	0.772339426527446	11.5817577819202	0.000666019549763184	0.0110367991921828	4.99633920973038	-0.550109375041196	17.0728248832221	0.000564991496260418	0.0139097722750837	DTR_Mup
HELPU_018144	jcf7180000351897_28101_28400	2.78110073929485	0.772339426527446	11.5817577819202	0.000666019549763184	0.0110367991921828	2.06828314680163	1.09605704836845	28.7418937035987	2.98662371401648e-05	0.0026716104638807	DTR_Mup
HELPU_018222	jcf7180000363075_17801_18300	-0.641779918194754	5.50572306445355	11.0344085126924	0.000894362072017072	0.0135468576693972	-1.74889937512614	1.54119039270624	16.9887256847147	0.000526780039546742	0.0133262406965395	DTR_Mdw
HELPU_018238	jcf7180000353158_26101_26300	1.05167047837677	5.69225899686122	11.7473827330893	0.000609288566357469	0.0103558964084036	-4.78547340897576	-0.628582959522458	13.0943524178836	0.00229970079309047	0.0313525615750975	DTR_Mdw
HELPU_018340	jcf7180000417236_111801_112200	-2.3669319457186	5.06235522135596	13.7582495164984	0.000207905754179819	0.00475928911518719	-1.37755331535434	2.84886420578391	21.6287352420452	0.00015308764382579	0.00664974743070815	DTR_Mdw
HELPU_018340	jcf7180000417236_111201_111700	-2.3669319457186	5.06235522135596	13.7582495164984	0.000207905754179819	0.00475928911518719	-1.59596179710432	1.38782753735947	16.8821677032204	0.000542866160441055	0.013569552861258	DTR_Mdw
HELPU_018340	jcf7180000417236_110401_110700	-2.3669319457186	5.06235522135596	13.7582495164984	0.000207905754179819	0.00475928911518719	-1.35031829598377	1.50124334839634	11.6687167316249	0.0027310752990856	0.034784634165237	DTR_Mdw
HELPU_018340	jcf7180000417236_113001_113400	-2.3669319457186	5.06235522135596	13.7582495164984	0.000207905754179819	0.00475928911518719	-1.68954748903717	1.31712197906359	27.6207897851675	3.7975480817618e-05	0.0030322258764754	DTR_Mdw
HELPU_018365	jcf7180000363819_59601_59800	-1.65486880202912	5.99135536399982	7.97626840411937	0.00473945361953623	0.0438098846870786	4.85500105778431	0.983878310225696	17.2597313784389	0.000488665877937759	0.0127595396504231	DTR_Mup
HELPU_018386	jcf7180000374822_18201_18800	-10.0146478045145	1.48699734549567	8.79331658930261	0.00302336097983814	0.0321752357782905	-2.09709267277203	1.53621107626706	14.8732665421047	0.000981058104983623	0.0191718311957525	DTR_Mdw
HELPU_018528	jcf7180000417613_42401_42500	0.656790863039545	5.23096310359601	12.3544172418712	0.000439944296625404	0.00829620362060092	1.78544144977776	0.0653065079412778	10.497035037193	0.00409373672877487	0.0443159881330662	DTR_Mup
HELPU_018572	jcf7180000350843_42101_42200	-2.95836926335676	0.56718832127668	12.5065515114647	0.00040552743344549	0.0078006914398335	-2.88315103020025	1.61759537496237	34.2076180382956	1.00144473446914e-05	0.00145536725336256	DTR_Mdw
HELPU_018572	jcf7180000350843_44201_44300	-2.95836926335676	0.56718832127668	12.5065515114647	0.00040552743344549	0.0078006914398335	-2.29584881831578	1.43687417495141	10.170709507081	0.00460162554108128	0.0474812686424406	DTR_Mdw
HELPU_018572	jcf7180000350843_42601_42700	-2.95836926335676	0.56718832127668	12.5065515114647	0.00040552743344549	0.0078006914398335	1.52662239404168	0.665027254415502	11.786423631856	0.0026242536800539	0.0339962509641247	DTR_Mup
HELPU_018600	jcf7180000421989_23601_23700	-4.38547842345002	5.48545497454508	10.5074828788444	0.00118892098605701	0.0168121018468406	-1.93504944440954	0.117284921278961	13.0389915579013	0.00173739092012856	0.0266542940053382	DTR_Mdw
HELPU_018727	jcf7180000354730_16601_16800	0.632229815354286	5.47953204980443	8.96531763457877	0.00275152857920716	0.0300022410270905	8.45601603412278	0.770681750537654	27.0015256577914	0.00010771367468054	0.00545029273592252	DTR_Mup
HELPU_018730	jcf7180000362317_8101_8300	-0.830538482058128	4.67180513760997	8.8831843907511	0.00287809111673008	0.0310563198838175	2.65026297924231	0.239717673748131	10.4382624279768	0.00418363888327824	0.0448911817387133	DTR_Mup
HELPU_018833	jcf7180000366888_4801_4900	0.588798037680527	4.71084167682917	7.76476922712579	0.00532751029235292	0.0475041165295822	4.02659748433116	-0.645386676731734	14.6584155444914	0.00104627983204062	0.0198896038899453	DTR_Mup
HELPU_018888	jcf7180000350295_1401_1600	1.05762980191902	4.04364290727632	9.02850774281327	0.00265801376971325	0.029473739967409	4.90437333728443	0.466842344621313	34.348789712778	9.77578169597585e-06	0.00143604911044392	DTR_Mup
HELPU_018888	jcf7180000350295_5901_6000	1.05762980191902	4.04364290727632	9.02850774281327	0.00265801376971325	0.029473739967409	6.2342772731245	-0.490199743874359	16.5211060323868	0.00115407764421015	0.0210386327264626	DTR_Mup
HELPU_019000	jcf7180000354000_77201_77700	-1.03743181658673	2.7641505996993	7.64823618163644	0.00568278572250424	0.0497251335857566	-2.20442447815707	1.69262894752852	31.6054543548088	1.65844546996172e-05	0.00193501936157574	DTR_Mdw
HELPU_019000	jcf7180000354000_76701_77100	-1.03743181658673	2.7641505996993	7.64823618163644	0.00568278572250424	0.0497251335857566	-2.6225146270551	0.297871387270668	13.1715142641591	0.00166707755080666	0.0260656161168677	DTR_Mdw
HELPU_019072	jcf7180000358110_35001_35300	-3.92130825817901	0.602892832685941	13.3741552277472	0.00025511551195522	0.00555257387175842	-1.94014519492034	0.00601868012306324	13.5834384235809	0.00146030304594615	0.0241258098676111	DTR_Mdw
HELPU_019072	jcf7180000358110_38101_38200	-3.92130825817901	0.602892832685941	13.3741552277472	0.00025511551195522	0.00555257387175842	-4.75096805510968	-0.565466421856284	12.6674875090302	0.0024072452193206	0.0322377046210184	DTR_Mdw
HELPU_019085	jcf7180000392744_28401_28600	0.766308535891362	7.82463175010803	8.9571029313496	0.00276392844275917	0.030082158434886	-1.5371768840951	2.40825864302001	10.924902494053	0.00352715277148965	0.0405210888368148	DTR_Mdw
HELPU_019124	jcf7180000354492_22801_23000	-2.07362969534901	3.67610119457028	22.248891544903	2.39497002318544e-06	0.000141700952021611	5.0495043072289	0.368354176825755	18.3740435619167	0.000396998259376039	0.0113774219913705	DTR_Mup
HELPU_019153	jcf7180000370437_5701_5900	-6.07680969783311	4.39564424205314	22.9386015917343	1.67259047763568e-06	0.000105838167328074	5.60498392512527	-0.198333259074974	18.9997158788851	0.000425434316390226	0.0118126150558878	DTR_Mup
HELPU_019166	jcf7180000370297_3201_3500	-10.3009355552681	5.28556393178979	40.2587660319408	2.22454932528927e-10	5.97674408068292e-08	-4.86159219300609	2.99154161882223	15.8063127481691	0.000742523576289303	0.0163272532155547	DTR_Mdw
HELPU_019184	jcf7180000349462_14901_15100	4.03608230760595	1.62720187224606	23.897621828676	1.01597192266227e-06	6.98413283380434e-05	4.63579100025913	0.00518503356196226	21.2241704743687	0.00016986744926133	0.00705625541272574	DTR_Mup
HELPU_019227	jcf7180000368617_15601_15900	-5.05155998376819	9.61104115774736	13.6223306258132	0.000223511048450016	0.00502485949663556	5.78221701086667	3.88117995521217	47.960733900851	9.9385809311735e-07	0.000430656574508555	DTR_Mup
HELPU_019352	jcf7180000358975_9401_9800	2.96875153717727	9.49135116582405	8.28707933883084	0.00399281567665931	0.0393969031455566	4.31993520002483	2.60260364407032	16.4682121327343	0.000612318985419794	0.014567820274253	DTR_Mup
HELPU_019353	jcf7180000417877_74801_75000	-3.71304586662728	0.351546010670616	21.4077285401858	3.71271600240216e-06	0.000204874419405283	1.70852805703495	0.222517137452536	13.8996503835215	0.00132205842133698	0.0227847095132329	DTR_Mup
HELPU_019443	jcf7180000353547_1201_1400	3.93031076873064	3.3457973449699	24.5751932509435	7.14658391498055e-07	5.37272310929433e-05	7.67555420300485	0.0420379444288881	29.7377548547051	4.26339362745722e-05	0.0032365519388595	DTR_Mup
HELPU_019603	jcf7180000355750_19501_19800	1.87201073312765	9.87918710101457	10.6285677329705	0.00111353925821014	0.0159974778993601	3.18246932964519	1.2000821446931	29.2667026110637	2.68324470800965e-05	0.00251794973469458	DTR_Mup
HELPU_019622	jcf7180000368412_9401_9700	-2.91351546140772	2.38268284116177	29.4834890035046	5.63950940818323e-08	6.79602350667022e-06	1.96515186930757	1.93538783111341	14.1907530629199	0.00120919680154191	0.0216386310610662	DTR_Mup
HELPU_019638	jcf7180000367403_2101_2400	-3.7407574742616	1.84442702515632	10.1684441147923	0.00142864785962255	0.0191918932552082	1.8951106099784	2.8583092915031	11.7471389157905	0.00266212663078277	0.0342896434752354	DTR_Mup
HELPU_019638	jcf7180000367403_6301_6700	-3.7407574742616	1.84442702515632	10.1684441147923	0.00142864785962255	0.0191918932552082	-2.37213011388005	2.69577849859211	26.8351242258271	4.52357049533371e-05	0.00334367155165664	DTR_Mdw
HELPU_019638	jcf7180000367403_2501_2800	-3.7407574742616	1.84442702515632	10.1684441147923	0.00142864785962255	0.0191918932552082	-3.9271477933501	1.04670766577864	12.4927164809332	0.00207756207566248	0.0295334692861073	DTR_Mdw
HELPU_019680	jcf7180000360250_20901_21100	3.13938789199079	4.30772694440052	12.2784300258687	0.000458223689137588	0.00852420890042671	-7.34860270485724	2.00006754829503	19.7527404590736	0.000248111918974279	0.00877739742165155	DTR_Mdw
HELPU_019680	jcf7180000360250_19401_19500	3.13938789199079	4.30772694440052	12.2784300258687	0.000458223689137588	0.00852420890042671	-3.02949258937125	0.823328315098134	14.094248827601	0.00124594674400747	0.0220047347420043	DTR_Mdw
HELPU_019695	jcf7180000413662_53201_53400	2.36989123295586	3.87247136007533	8.56606400737443	0.00342486760156392	0.0353019843534787	-2.35780274636056	0.20963520828793	14.7084869023298	0.00103141720407946	0.0197411116279898	DTR_Mdw
HELPU_019695	jcf7180000413662_51801_52000	2.36989123295586	3.87247136007533	8.56606400737443	0.00342486760156392	0.0353019843534787	1.97298304542689	0.255377368437265	10.1343472293607	0.00466192951341127	0.0478294464051096	DTR_Mup
HELPU_019746	jcf7180000413583_64501_64700	-4.08192960623915	4.37949036635991	16.9040376735667	3.9317859624046e-05	0.00134245916953852	-2.78199785222193	1.39574477707035	44.0036165027919	1.82698937172765e-06	0.000596692228934817	DTR_Mdw
HELPU_019746	jcf7180000413583_62201_62300	-4.08192960623915	4.37949036635991	16.9040376735667	3.9317859624046e-05	0.00134245916953852	-3.45286677370268	-0.271145185756095	28.7075812920142	3.00840277708558e-05	0.00268096839355731	DTR_Mdw
HELPU_019780	jcf7180000359061_11401_11500	7.56831384800469	3.54525945513619	19.9468653698632	7.9624390280358e-06	0.000367595530226701	-3.37995699350734	0.000243827870892266	11.2190082128176	0.00356153498347794	0.0407672853260056	DTR_Mdw
HELPU_019805	jcf7180000367501_20401_20700	-1.89590305199912	0.789308750975379	7.95191176775926	0.00480366065109701	0.0443034296065441	-5.31481420678707	0.351931376149184	12.0146468495248	0.00274947723824238	0.034917288149244	DTR_Mdw
HELPU_019844	jcf7180000365240_13201_13400	-0.893268945213809	5.85121577559074	11.3739615323913	0.000744808544768875	0.0118052874663608	1.50100863590717	-0.0109587358580508	11.4360951702627	0.00461013327862606	0.0475253501004905	DTR_Mup
HELPU_019854	jcf7180000347210_3601_3800	-2.1624455859098	5.00689221820947	26.2772240999259	2.95756082210385e-07	2.5114748348943e-05	-2.14639683217432	3.95540820731991	13.3542003738583	0.00157255800905955	0.0252535923335333	DTR_Mdw
HELPU_019854	jcf7180000347210_9501_9800	-2.1624455859098	5.00689221820947	26.2772240999259	2.95756082210385e-07	2.5114748348943e-05	-2.04876914946772	1.75992367682199	24.5585134561618	7.56095834404817e-05	0.00448841992872681	DTR_Mdw
HELPU_019858	jcf7180000365134_23901_24100	-4.25340942691666	3.54012940259503	9.76548053653693	0.00177819031765545	0.022263377475978	-4.54352219092403	0.278222161930444	17.0148358057429	0.0005236935366161	0.0132907999833723	DTR_Mdw
HELPU_019858	jcf7180000365134_22401_22600	-4.25340942691666	3.54012940259503	9.76548053653693	0.00177819031765545	0.022263377475978	-4.25710842270548	0.0599288453881334	24.7218482870145	7.29285996047672e-05	0.00438562250661236	DTR_Mdw
HELPU_019858	jcf7180000365134_21201_21400	-4.25340942691666	3.54012940259503	9.76548053653693	0.00177819031765545	0.022263377475978	-5.83158163282017	0.638114502042696	42.8864375151949	2.19426164494391e-06	0.000656735402483124	DTR_Mdw
HELPU_019892	jcf7180000347673_69801_70000	-3.01850707979298	2.87667320985823	11.8291263499201	0.000583113473976852	0.0100847183717053	2.50302684456681	3.61744224136705	18.5271354463904	0.00034417650999777	0.0105208303682363	DTR_Mup
HELPU_019900	jcf7180000420497_43101_43300	-2.88915588271109	7.8811410437099	8.97833695956081	0.00273199186589597	0.0298948379676271	3.22492027246561	0.587361700819018	15.6343591989141	0.00102078387560318	0.0196254597322203	DTR_Mup
HELPU_019947	jcf7180000359935_7601_7800	9.21075496134925	5.02341738028984	16.0112506634383	6.29671866202778e-05	0.00192531571179055	7.15592246793871	0.148469306942742	12.8950504220479	0.00243814569361	0.0324723684824529	DTR_Mup
HELPU_019947	jcf7180000359935_6501_7500	9.21075496134925	5.02341738028984	16.0112506634383	6.29671866202778e-05	0.00192531571179055	5.54602712149156	2.48119398423173	16.5257563616783	0.000602250685937783	0.0144230722006926	DTR_Mup
HELPU_019947	jcf7180000359935_8601_8900	9.21075496134925	5.02341738028984	16.0112506634383	6.29671866202778e-05	0.00192531571179055	7.62657759651094	0.804156647354189	16.4990971011915	0.00072917346030832	0.0161878514969725	DTR_Mup
HELPU_019947	jcf7180000359935_4201_6400	9.21075496134925	5.02341738028984	16.0112506634383	6.29671866202778e-05	0.00192531571179055	8.14586507588154	4.45192206303216	22.1275801481505	0.00013557366349927	0.00621211929532963	DTR_Mup
HELPU_019947	jcf7180000359935_8001_8400	9.21075496134925	5.02341738028984	16.0112506634383	6.29671866202778e-05	0.00192531571179055	5.58486152894352	1.54011970574592	18.490874953228	0.000347584592426709	0.0105653838538687	DTR_Mup
HELPU_019986	jcf7180000419199_16101_16400	0.858417177702001	4.26561114007544	8.98624053845929	0.00272020057131033	0.0298402725322658	-2.22503869052076	0.991091381869254	14.3953707981282	0.00113517638960387	0.0208502618309115	DTR_Mdw
HELPU_020060	jcf7180000354278_16401_16500	-1.58114936070003	3.39790607814688	10.314428528918	0.00131994162011842	0.0181176911324295	1.49705841707887	1.8357667080519	13.4833331381568	0.00150932619611462	0.0246443834439928	DTR_Mup
HELPU_020060	jcf7180000354278_14801_15100	-1.58114936070003	3.39790607814688	10.314428528918	0.00131994162011842	0.0181176911324295	2.47487873884083	0.861810579594641	20.7174104578884	0.000193221522726046	0.00759070924288207	DTR_Mup
HELPU_020095	jcf7180000421658_41101_41400	-1.69414023862161	5.40319922410916	15.4058467269999	8.67195620246192e-05	0.00246316620800951	2.08062988030582	0.973048934285205	21.4561142031144	0.000159986030841796	0.00681228925833252	DTR_Mup
HELPU_020119	jcf7180000417862_68301_68400	-9.76256142678928	1.96114380494984	52.0067706066358	5.5309592125535e-13	3.1257548460186e-10	-2.56499666514456	0.0792198151355646	10.3883255116534	0.004257384395728	0.0453673812387062	DTR_Mdw
HELPU_020119	jcf7180000417862_65901_66100	-9.76256142678928	1.96114380494984	52.0067706066358	5.5309592125535e-13	3.1257548460186e-10	-5.58937297715239	-0.46876054194226	10.8307963408059	0.00459462871557273	0.0474380260657253	DTR_Mdw
HELPU_020119	jcf7180000417862_75101_75200	-9.76256142678928	1.96114380494984	52.0067706066358	5.5309592125535e-13	3.1257548460186e-10	-4.27339720411171	0.637496445440555	26.313618498779	5.07851674444802e-05	0.0035619732835693	DTR_Mdw
HELPU_020122	jcf7180000418895_27201_27600	-4.20175245609331	0.992942157424646	12.5371714747129	0.000398935730792441	0.00771919444150805	2.49343353607501	0.750724061461957	21.9787534791979	0.000159426916183773	0.00679728688921845	DTR_Mup
HELPU_020123	jcf7180000371593_2601_2700	1.90457515623453	0.73974153022689	7.87328046832472	0.00501705552556071	0.0456295910146584	2.03613954733238	1.47789935351234	10.9511532325346	0.00349514041172434	0.040310991382864	DTR_Mup
HELPU_020147	jcf7180000413624_15601_15700	-1.40203220734951	3.58202587119213	12.6391764480467	0.000377746351258936	0.00742548875992979	-2.27697866007066	1.9196855924292	17.6810366488586	0.000434301001779324	0.0119419052330797	DTR_Mdw
HELPU_020147	jcf7180000413624_14301_14700	-1.40203220734951	3.58202587119213	12.6391764480467	0.000377746351258936	0.00742548875992979	-1.77741078369379	2.4462090919236	17.3783132274124	0.000472641125079968	0.0125268048055224	DTR_Mdw
HELPU_020182	jcf7180000353025_34301_34700	-1.83566659686487	10.6744249593293	10.6363344982208	0.00110887238013865	0.01597926340096	1.56350623995681	1.46822330482575	13.0692250913653	0.00172191982888455	0.0265320528714786	DTR_Mup
HELPU_020220	jcf7180000363837_12101_12400	-3.20971030565556	1.09960445622275	14.3486444875121	0.000151889010672412	0.00372651047291941	-3.7559013130501	0.772123023649653	22.0136417675264	0.000139444939036845	0.00632270437822858	DTR_Mdw
HELPU_020220	jcf7180000363837_10801_11100	-3.20971030565556	1.09960445622275	14.3486444875121	0.000151889010672412	0.00372651047291941	-1.54076167391543	2.56378816068643	19.6226366377175	0.000256207106182062	0.00891455694878639	DTR_Mdw
HELPU_020229	jcf7180000358886_25301_25500	-1.09827380102811	3.56511556888969	8.62611902860719	0.00331376810432839	0.0344770180527184	1.40133633076484	0.990583775529125	12.0741809239151	0.00238331337537554	0.032046066104999	DTR_Mup
HELPU_020358	jcf7180000370197_4201_4600	-5.27722268203228	2.18885509950744	9.31885267480116	0.00226807969644318	0.0265700915975749	2.74808550673779	2.69984486940795	10.8141508474881	0.00366584057854768	0.0414657499167395	DTR_Mup
HELPU_020358	jcf7180000370197_4901_5100	-5.27722268203228	2.18885509950744	9.31885267480116	0.00226807969644318	0.0265700915975749	1.40582833741257	1.05052410848075	15.2355525863365	0.000878269117358363	0.0179544635270576	DTR_Mup
HELPU_020491	jcf7180000357946_17501_17800	-8.05732799571548	0.271881466811496	37.71343845759	8.1938138065449e-10	1.8395673215817e-07	-5.48842233799095	3.3376191167505	100.331532159507	3.02371057019245e-09	2.01412173834538e-05	DTR_Mdw
HELPU_020495	jcf7180000347707_46101_46700	-4.23203428646312	2.5927484566823	28.2292663586701	1.07762784635396e-07	1.15432959306503e-05	-2.63013000184727	2.15367531114258	23.937326130449	8.76080080131101e-05	0.00484894664950166	DTR_Mdw
HELPU_020495	jcf7180000347707_45201_45900	-4.23203428646312	2.5927484566823	28.2292663586701	1.07762784635396e-07	1.15432959306503e-05	-3.63057218350419	1.03082243449164	31.3209127048086	1.76190606903701e-05	0.00199739261530899	DTR_Mdw
HELPU_020495	jcf7180000347707_44301_44500	-4.23203428646312	2.5927484566823	28.2292663586701	1.07762784635396e-07	1.15432959306503e-05	-7.31747258893924	-0.335424451586454	30.805522158149	2.84743598353793e-05	0.00258856172947389	DTR_Mdw
HELPU_020555	jcf7180000352581_29301_29600	0.861661427864705	6.252416759905	11.6633128980113	0.000637447243838161	0.0107040193435078	1.23980764810531	0.539398318620397	10.5541164312709	0.00401207814408597	0.0437757351933411	DTR_Mup
HELPU_020561	jcf7180000361470_31501_31800	-3.50147900913684	8.8466189414111	17.7824672470398	2.47654893499445e-05	0.000908012539051992	1.43605158872997	1.61815819577016	11.7560090969018	0.00265389763032982	0.0342271965536797	DTR_Mup
HELPU_020561	jcf7180000361470_30901_31200	-3.50147900913684	8.8466189414111	17.7824672470398	2.47654893499445e-05	0.000908012539051992	1.25356995186025	2.1118533647099	12.9676140519079	0.00177784586173272	0.0269787699857664	DTR_Mup
HELPU_020588	jcf7180000393221_20201_20600	2.23549906975818	6.44051371347378	27.3881256070814	1.66450178049203e-07	1.59699244477886e-05	2.54511644531895	0.521944911005784	12.3227031372716	0.00219712706180377	0.0305523115317636	DTR_Mup
HELPU_020641	jcf7180000355354_32001_32300	-1.16524280971538	6.57788510953083	8.86335429273828	0.00290952437394185	0.0312917005668103	5.00170594631689	-0.142931011172108	13.3629908790293	0.00156816187309758	0.0252210177469969	DTR_Mup
HELPU_020729	jcf7180000351191_19801_19900	-1.1132648652803	4.59431564255757	9.56954614128041	0.0019783168489603	0.023963514292395	3.98449871083337	-0.678643865621013	12.7916656200222	0.00200728384292988	0.0289470271146366	DTR_Mup
HELPU_020729	jcf7180000351191_15101_15200	-1.1132648652803	4.59431564255757	9.56954614128041	0.0019783168489603	0.023963514292395	-3.97297452063213	0.752770056297733	20.2196521783404	0.000219653637403173	0.0081777206615478	DTR_Mdw
HELPU_020802	jcf7180000357260_6201_6400	-2.63277480645538	2.31108119359707	8.74327293685509	0.00310746269147152	0.0328641967509856	6.31980530491746	1.12367534956101	20.8870484053818	0.000185031288443723	0.00740298321763797	DTR_Mup
HELPU_021029	jcf7180000357244_12101_12500	5.54551430191918	0.462620450749412	18.7629987501926	1.48011045578871e-05	0.000597476114776384	5.87318968925327	3.3545657749074	81.679755895779	1.66063524395943e-08	5.00685022127967e-05	DTR_Mup
HELPU_021057	jcf7180000415111_9801_10100	-2.94109680526148	5.86064566673382	13.1499211614945	0.000287531341261935	0.0060726174638426	2.50117797297841	3.2552398452332	17.8833971834115	0.000410591337579375	0.0116015039014351	DTR_Mup
HELPU_021057	jcf7180000415111_9201_9500	-2.94109680526148	5.86064566673382	13.1499211614945	0.000287531341261935	0.0060726174638426	-1.4212684014543	1.30477722557333	10.8842378334571	0.00357704225602875	0.0408780113826259	DTR_Mdw
HELPU_021088	jcf7180000363041_12401_13100	1.6375430980938	7.8410940003327	8.51480207775438	0.00352269235425686	0.0360608400961372	-2.40759409131781	2.88036386110905	56.7655619526749	2.85642981000306e-07	0.000215304900313091	DTR_Mdw
HELPU_021138	jcf7180000419505_27901_28100	11.152709833244	3.5009503791375	164.351521438468	1.26756528338107e-37	5.19353185733308e-34	6.10713056523134	0.255614030201637	40.6314327364404	5.2234113845226e-06	0.00103914602859668	DTR_Mup
HELPU_021202	jcf7180000349793_29401_30100	4.54213890820285	3.87181249340512	10.2471702047857	0.00136894437258917	0.0185759801752079	2.40938415955328	1.89131046590311	23.416210624135	9.91482715618607e-05	0.00520504801661457	DTR_Mup
HELPU_021208	jcf7180000361347_9201_9700	-3.10331611111055	5.15608469799852	12.1722832476189	0.000485048951770948	0.0088633702943696	1.3139641899091	1.60463116513689	12.7848699544399	0.00188625475175015	0.027924038132083	DTR_Mup
HELPU_021314	jcf7180000349298_15901_16000	-5.63939761484879	0.366831688130125	14.6417402626283	0.000130003115681323	0.00326774563297943	-6.02098319876368	-0.604570491078686	18.2183284676347	0.000459797198078595	0.0123347693222869	DTR_Mdw
HELPU_021314	jcf7180000349298_14301_14600	-5.63939761484879	0.366831688130125	14.6417402626283	0.000130003115681323	0.00326774563297943	-3.9262901842341	1.11128949699431	26.3339715560043	5.055503368753e-05	0.00355345438871611	DTR_Mdw
HELPU_021314	jcf7180000349298_15101_15200	-5.63939761484879	0.366831688130125	14.6417402626283	0.000130003115681323	0.00326774563297943	-4.70870923031006	-0.327968947286014	23.7461998784696	0.000121347527478075	0.00582100288945948	DTR_Mdw
HELPU_021373	jcf7180000381393_8201_8800	-3.04166715866337	3.41457434385352	11.9282836683067	0.000552880895783748	0.00970146145717327	1.19378235849136	2.3320937018477	10.4953503668627	0.00409751070764339	0.0443300358624428	DTR_Mup
HELPU_021373	jcf7180000381393_7501_7900	-3.04166715866337	3.41457434385352	11.9282836683067	0.000552880895783748	0.00970146145717327	3.21161706343339	3.22419697030231	36.1347062226098	7.01617557621566e-06	0.00121352748058112	DTR_Mup
HELPU_021373	jcf7180000381393_7201_7400	-3.04166715866337	3.41457434385352	11.9282836683067	0.000552880895783748	0.00970146145717327	7.16472214026591	3.22525185212417	38.3449102522785	4.7233879309133e-06	0.000990319628004532	DTR_Mup
HELPU_021373	jcf7180000381393_9801_9900	-3.04166715866337	3.41457434385352	11.9282836683067	0.000552880895783748	0.00970146145717327	2.21478198113741	0.229339961457038	14.8435928643827	0.000988948009208871	0.0192511493430521	DTR_Mup
HELPU_021373	jcf7180000381393_9101_9600	-3.04166715866337	3.41457434385352	11.9282836683067	0.000552880895783748	0.00970146145717327	3.47925634851248	2.43031470293934	36.3751326786677	6.71538586763926e-06	0.00118745911292239	DTR_Mup
HELPU_021413	jcf7180000365258_4001_4100	3.22717110793354	1.34859629091092	18.4663736675003	1.72928661881299e-05	0.000682922370981352	-6.72278629883365	0.322380490812739	17.4144469252923	0.000569319230461838	0.013968511155002	DTR_Mdw
HELPU_021413	jcf7180000365258_5401_5500	3.22717110793354	1.34859629091092	18.4663736675003	1.72928661881299e-05	0.000682922370981352	3.96931665825149	-0.0443586408135546	17.2559237697754	0.000489190270222856	0.0127689711650957	DTR_Mup
HELPU_021481	jcf7180000349942_15901_16200	11.5726073088282	3.57900354388715	190.389581810267	2.61393146630893e-43	4.28397228013371e-39	6.08812249227576	1.81594001214136	26.1930441336056	5.21724107166477e-05	0.00361848742057106	DTR_Mup
HELPU_021638	jcf7180000347933_25701_25800	0.879926701126481	4.50044487725958	9.23463103923554	0.00237480250046699	0.0272172294966108	2.62884734895542	0.0232483074546037	11.0073356117824	0.00382060200561561	0.0425128616084248	DTR_Mup
HELPU_021818	jcf7180000377626_10101_10300	-1.013651238945	4.32591161818039	8.24501143113694	0.0040864151555876	0.0399266920250592	2.17411450526815	0.983592436486427	16.8040226089761	0.000556074538762417	0.0137709460413369	DTR_Mup
HELPU_021822	jcf7180000416393_10201_10800	-2.07585262484376	4.90110001100081	10.6282305998575	0.00111374228343217	0.0159974778993601	-1.33926647616249	2.33091254899426	21.6210165579684	0.000153383407152404	0.00665650016001961	DTR_Mdw
HELPU_021822	jcf7180000416393_11401_11500	-2.07585262484376	4.90110001100081	10.6282305998575	0.00111374228343217	0.0159974778993601	-2.326139742095	0.51214252396267	11.5786771517096	0.00281813663524031	0.0354590767010181	DTR_Mdw
HELPU_021825	jcf7180000361177_29201_29600	-5.34256555874798	4.06435129749229	11.0197054666404	0.000901483937264404	0.0136295389740095	-2.96798658927887	0.757993288416198	22.7211664544011	0.000117229925962552	0.00570372277962901	DTR_Mdw
HELPU_021825	jcf7180000361177_31101_31800	-5.34256555874798	4.06435129749229	11.0197054666404	0.000901483937264404	0.0136295389740095	-2.37514040255596	2.00997460826706	11.5036396817652	0.00289086812880474	0.0359885864234934	DTR_Mdw
HELPU_021929	jcf7180000366710_12201_12600	6.81182231877022	3.5649884296698	9.32040657915294	0.00226615703341304	0.026566557668531	2.0742946921858	1.3324787534188	17.3400036727587	0.000477702281958717	0.012596322730257	DTR_Mup
HELPU_021929	jcf7180000366710_13501_14100	6.81182231877022	3.5649884296698	9.32040657915294	0.00226615703341304	0.026566557668531	2.15148316438085	2.38136021055966	18.846695806701	0.000315686348352805	0.009999015116626	DTR_Mup
HELPU_021929	jcf7180000366710_14301_14400	6.81182231877022	3.5649884296698	9.32040657915294	0.00226615703341304	0.026566557668531	2.72182183266896	-0.0943971440687058	17.7492425305516	0.000425486247915156	0.0118126150558878	DTR_Mup
HELPU_021968	jcf7180000362588_24601_25100	-2.15587951541468	4.32309346147132	9.92481922208771	0.00163064863470087	0.0209949753114247	-3.73638521664089	0.927169796604807	23.5630641946664	9.57351868413984e-05	0.00510160788119465	DTR_Mdw
HELPU_022024	jcf7180000414655_901_1000	6.63129755061035	4.59532881534931	29.5378565963057	5.48351330065387e-08	6.6569851469938e-06	2.77643607547647	0.46835525946024	15.9404131745975	0.00071385347341495	0.0159780627608181	DTR_Mup
HELPU_022056	jcf7180000350545_44301_44800	-4.92953815796325	3.98772972657975	23.5960027735895	1.18834114699797e-06	7.82157552536135e-05	1.64540786122471	4.28901689623989	17.6578730101239	0.000437110008231454	0.0119877545315694	DTR_Mup
HELPU_022134	jcf7180000395812_5101_5500	-10.0620225062264	4.70119083273752	19.1528670594792	1.20656133256625e-05	0.00051495660623511	-4.68831328213299	1.72250162937845	42.8242544593691	2.21655314297347e-06	0.000661288155191193	DTR_Mdw
HELPU_022233	jcf7180000421244_35701_35800	0.889523243202084	7.66968580955937	12.470305477304	0.000413472469705735	0.00790711821004351	7.23142134484998	2.93486290918094	19.8051427139573	0.000244723866524988	0.00871726438467264	DTR_Mup
HELPU_022250	jcf7180000351903_73501_73900	0.808736511898488	6.49587179452704	7.83314366097195	0.00512968067833474	0.0461223561217778	2.85062237028281	1.7664980881744	24.0833851835843	8.46451792242179e-05	0.00476320427634608	DTR_Mup
HELPU_022517	jcf7180000365343_22101_22300	2.41110622125671	2.22192628353293	9.69818624281005	0.00184449978636116	0.0229011416656614	-2.52318821087388	0.280936693667024	14.0513096377125	0.00126269414423412	0.0221872005950324	DTR_Mdw
HELPU_022596	jcf7180000353966_13001_13200	3.19937428570028	3.35175861512649	8.78509784832612	0.00303701274461156	0.0322786004354337	-7.30022982993093	1.9369599861881	17.1741006269017	0.000676077614875252	0.0154558929679842	DTR_Mdw
HELPU_022596	jcf7180000353966_12301_12600	3.19937428570028	3.35175861512649	8.78509784832612	0.00303701274461156	0.0322786004354337	-2.62393550555715	1.87885778686646	21.5579955596913	0.000156191363577223	0.00671133578485782	DTR_Mdw
HELPU_022746	jcf7180000414823_20501_20900	3.52914441536187	6.00979110773899	28.331956115207	1.02194936920451e-07	1.11852952749098e-05	1.39117096781984	2.0926424736301	10.5299594153017	0.00405022698782537	0.0440129890523506	DTR_Mup
HELPU_022920	jcf7180000365079_17901_18300	1.7196928929591	4.05678508797345	12.523658467279	0.000401831308933026	0.00774778037894513	1.39689963659356	1.09888062257241	10.4940055641792	0.0040981218447262	0.0443306964792791	DTR_Mup
HELPU_022952	jcf7180000362880_16401_16600	6.48032597833254	3.10057069903906	47.0652116652024	6.86636717359693e-12	3.12591365578e-09	-2.11892169507944	1.42855843287953	21.3446734889095	0.000164784045926883	0.00694097057686754	DTR_Mdw
HELPU_023282	jcf7180000394309_9901_10300	-5.85023955370148	3.51500598955398	32.7426002094753	1.0520604564386e-08	1.51247533513791e-06	3.58768498568141	0.426907629294762	24.0808715146355	8.46952255877783e-05	0.00476320427634608	DTR_Mup
HELPU_023562	jcf7180000420494_13601_14200	3.88764657932984	1.15551555032441	20.9604993299912	4.68851205629339e-06	0.000248673217121658	-3.04975907181475	3.38960459883839	84.2855575808529	1.27413573946937e-08	4.34460568391657e-05	DTR_Mdw
HELPU_023644	jcf7180000352298_33701_34300	-3.60943845673243	8.17985839559349	13.7361720258902	0.000210363778354923	0.00480174368169753	-1.64218378203371	2.27406409124965	22.4376175396266	0.000125314940925079	0.00592205619276482	DTR_Mdw
HELPU_023644	jcf7180000352298_35301_35900	-3.60943845673243	8.17985839559349	13.7361720258902	0.000210363778354923	0.00480174368169753	-1.1072640570282	3.19896268600457	10.807920874933	0.00367023500264755	0.0414908789952768	DTR_Mdw
HELPU_023644	jcf7180000352298_33201_33400	-3.60943845673243	8.17985839559349	13.7361720258902	0.000210363778354923	0.00480174368169753	-2.32115231056677	0.32485988008391	11.0596065246635	0.0033662571046182	0.0394541954402391	DTR_Mdw
HELPU_023644	jcf7180000352298_31401_31700	-3.60943845673243	8.17985839559349	13.7361720258902	0.000210363778354923	0.00480174368169753	-1.91994897202772	1.22068409272046	10.3984692394531	0.00424304671913748	0.0452643727267187	DTR_Mdw
HELPU_023783	jcf7180000363662_5901_6400	-3.6683802786868	0.6693971960046	20.7182085839208	5.320762890849e-06	0.000270813611857529	-2.38125965928054	3.26958035274263	24.2558566521109	8.12879269470167e-05	0.00465938645988459	DTR_Mdw
HELPU_023783	jcf7180000363662_8401_8500	-3.6683802786868	0.6693971960046	20.7182085839208	5.320762890849e-06	0.000270813611857529	5.89719852252725	-0.530151875593755	12.9107592537689	0.00223582308779772	0.0308715661357501	DTR_Mup
HELPU_023837	jcf7180000368711_26301_26600	2.71561322431047	5.08557089203994	39.9359064359603	2.62434300418187e-10	6.80013800273432e-08	-2.23031631953852	0.25718559649569	10.5616314645521	0.00400524939150128	0.0437316192375838	DTR_Mdw
HELPU_023856	jcf7180000364393_3701_3900	1.71714647546167	2.81039689423508	10.2644524140507	0.00135617984230388	0.0184758366047534	-7.12819622652396	0.989347797470912	31.277773125192	2.60450533236453e-05	0.00247429734273027	DTR_Mdw
