region	gene	logFC	logCPM	F	PValue	FDR
jcf7180000417096_12801_13200	HELPU_000001	0.861963507730232	3.37041767105839	10.0989325593103	0.00471731010471691	0.0458730749491411
jcf7180000417096_63101_63900	HELPU_000007	1.61358056921507	1.96325510325117	13.0108314260554	0.00175542801766864	0.0254556256680332
jcf7180000417096_191901_192000	HELPU_000020	5.88534290423718	1.47997083336327	14.76163211174	0.0017878049336621	0.025715643234773
jcf7180000417096_220801_220900	HELPU_000024	6.87592396719485	-0.141885673510786	25.2252825408158	0.000103918395152315	0.0050663887946029
jcf7180000417096_340901_341100	HELPU_000036	3.90212502722677	-0.148588507620131	11.5197627025287	0.00287506679740572	0.0340414516795721
jcf7180000417096_351701_352100	HELPU_000038	-1.46625941461829	1.19510204519539	14.2079498721942	0.00120133381037686	0.0204416586054069
jcf7180000417096_436201_436600	HELPU_000045	-1.88050841049412	2.20204773409211	17.5274464297956	0.000453305779398771	0.0118160353115643
jcf7180000417096_623901_624700	HELPU_000061	1.98705081332921	3.48366108174464	18.8534924572947	0.000315109368428549	0.00960066280936965
jcf7180000417096_635301_635600	HELPU_000062	-0.928365243550939	3.23394779759629	15.148033492552	0.0009016394141964	0.0173138825750893
jcf7180000417096_703601_703900	HELPU_000070	3.25308473662245	4.63948869828069	14.5475815403873	0.00108336352974316	0.0192504451073733
jcf7180000417096_723901_724300	HELPU_000072	4.86590018063033	4.0109808233718	19.86534262025	0.000240894512188318	0.00828315635564986
jcf7180000417096_824001_824100	HELPU_000078	3.72809994598523	0.730781418490875	40.8426946238568	3.07577684617132e-06	0.000699326027353298
jcf7180000417096_913901_914000	HELPU_000085	4.5289739582638	1.16487011997445	19.4222759690638	0.000270707874874272	0.00884128215240742
jcf7180000417096_986101_986300	HELPU_000089	-1.61663061810225	1.1150984724253	16.7423152562479	0.000564983754718168	0.0133851614485245
jcf7180000417096_1013601_1013700	HELPU_000092	-1.68423692729198	0.586479710045199	13.1478732311852	0.0016793579838627	0.0248175353030566
jcf7180000417096_1043201_1043300	HELPU_000096	-3.87636727543133	-0.496444023527052	12.22589488423	0.00226860160732903	0.0295594756681253
jcf7180000417096_1086901_1087100	HELPU_000099	2.77078616310431	2.25909821724514	15.0714325822513	0.000924062424778597	0.0175479962966293
jcf7180000417096_1102401_1102600	HELPU_000100	2.45364541404379	0.474036658963132	12.9927162496925	0.00176570935096723	0.0255260098051527
jcf7180000417096_1181201_1181400	HELPU_000106	1.71946346060504	1.20505855599485	17.044681532474	0.000518798147348137	0.012743143551195
jcf7180000420409_102601_102700	HELPU_000111	4.18397589072181	0.841604522935659	15.1037972557984	0.0010784687505615	0.0192005430804543
jcf7180000420409_184101_184600	HELPU_000121	1.52516842854182	1.76992171990153	13.7218859825127	0.00139978097961363	0.0223237787665809
jcf7180000420409_218401_218500	HELPU_000125	4.56159818461476	0.527272542226551	13.5620250246426	0.00147217589879057	0.0229715358368644
jcf7180000420409_307801_307900	HELPU_000135	2.40774507688553	1.61729177850366	10.5243740815477	0.00405821674297325	0.0418846514499711
jcf7180000420409_335501_335700	HELPU_000140	5.52202172721832	1.89824756426289	11.947161669796	0.00351430250843132	0.038450327536669
jcf7180000420409_344601_344800	HELPU_000142	3.27440857660665	-0.09517718297379	11.921316921531	0.00266079653086655	0.0325041142980557
jcf7180000420409_360901_361100	HELPU_000144	3.73430662468695	1.04417477987221	11.4634457164896	0.00293068092648164	0.0344499090161205
jcf7180000420409_418601_418700	HELPU_000150	-1.96458629973264	0.0311059353702591	9.85396918069974	0.00515752392758533	0.0484427080154001
jcf7180000420409_432101_432300	HELPU_000152	-2.18305793059758	2.10838572197334	25.4221761872149	6.2092196395887e-05	0.00380506665320598
jcf7180000420409_561901_562000	HELPU_000165	-4.38633291097773	0.302092808219145	23.4981353957094	9.72279849622902e-05	0.00488231417405222
jcf7180000420409_629801_630100	HELPU_000174	3.50122237045251	1.1781979052645	41.9714413750339	2.54880322366252e-06	0.000627726621619936
jcf7180000420409_643001_643200	HELPU_000176	2.57585142048263	-0.066170379083206	25.9887994732217	5.44582906019612e-05	0.00354265836980421
jcf7180000420409_684101_684200	HELPU_000179	4.67621874741979	4.13355570085985	9.95974716629395	0.00496398617751852	0.0472852329265388
jcf7180000420409_727101_727800	HELPU_000184	-3.14515286956621	0.849154943234839	16.4965367338595	0.000607340094947115	0.0139501685144681
jcf7180000420409_748501_748600	HELPU_000186	3.55280319840295	-0.585623652665328	9.92409599468439	0.00502829923488106	0.0476666472422428
jcf7180000420409_826401_826500	HELPU_000194	-4.88678232803324	-0.725810827375564	20.8656156207592	0.000638405299153547	0.014362776746197
jcf7180000420409_852501_852700	HELPU_000196	1.69503114307741	3.05745406162366	10.3513957244989	0.00431453583984809	0.0434433552771028
jcf7180000420409_854001_854200	HELPU_000197	2.80543942346241	-0.162360373128123	12.0113188101092	0.0024363875709311	0.0308304476597783
jcf7180000420409_896101_896400	HELPU_000200	-2.06823427700913	2.65972410580446	19.3567190424809	0.000275455089637698	0.00892306887125727
jcf7180000420409_910601_911100	HELPU_000202	-1.78726569861048	3.07051170225843	13.2005332967089	0.00165165231795531	0.0246035894775841
jcf7180000420409_920101_920300	HELPU_000205	-3.16150864595791	2.28937728279061	61.7256646599678	1.51100514196535e-07	0.000128528561985289
jcf7180000420409_1074401_1074600	HELPU_000210	2.55172701780528	0.694602448686248	13.6826661225378	0.00141717025332488	0.0224502215939914
jcf7180000417097_35301_35400	HELPU_000213	-5.85827879386169	0.863811920523231	20.0455417607909	0.000229821440221686	0.00804928658087269
jcf7180000417097_133201_133300	HELPU_000223	4.97457539701157	1.0879804919895	14.4122630382723	0.00121661040240706	0.0205942617339603
jcf7180000417097_153801_153900	HELPU_000225	5.2127347114566	1.06509790331267	12.0233021610504	0.00343580377707929	0.0379293457346623
jcf7180000417097_161701_161900	HELPU_000226	6.64669530512322	2.67287564408413	13.8009127101859	0.00136545459535475	0.0220253689293428
jcf7180000417097_225301_225400	HELPU_000232	6.07450760438066	-0.199726358706353	15.1243956679659	0.00299475444534398	0.0348775527167822
jcf7180000417097_418501_418600	HELPU_000257	5.75307576216641	0.425790227430474	15.3816117711318	0.000842055903296471	0.0166634734299833
jcf7180000417097_490101_490700	HELPU_000263	-1.47724282403631	1.97917780015252	17.5482605099885	0.000450135797731534	0.0117718735905318
jcf7180000417097_507901_508100	HELPU_000264	4.99606846552507	0.532928247571172	18.7210152653373	0.000326568461628446	0.00978055945716208
jcf7180000417097_524201_524300	HELPU_000266	5.13490074728894	3.9755583093274	15.6401187690631	0.000779834686892485	0.0159626748990605
jcf7180000417097_727901_728000	HELPU_000274	-4.69448152850794	-0.523721855530665	16.4896575635124	0.000664799779352022	0.0146915057789107
jcf7180000417097_849201_849300	HELPU_000288	4.80990783216836	-0.219116539370716	15.2643454343342	0.000944876275150432	0.0177782353585044
jcf7180000417097_961701_962100	HELPU_000290	-1.62875161882445	1.58460721090409	15.6553235208651	0.000775843075930364	0.015916230103818
jcf7180000417097_1026701_1026900	HELPU_000297	-1.35883601004202	0.706636915544948	10.226968646068	0.00450594482380221	0.0445950125443902
jcf7180000417097_1045801_1046100	HELPU_000298	3.28766318216952	-0.324277915377029	27.8063545424232	3.64803710675785e-05	0.00284630636148224
jcf7180000417097_1048701_1048800	HELPU_000299	7.57544324100856	2.84510389445552	10.8915989958264	0.00397113577291902	0.0413314137365507
jcf7180000347063_41001_41300	HELPU_000307	-1.9610345588532	3.26171954325559	44.3402198520662	1.72858930723048e-06	0.00050470402599603
jcf7180000347063_259101_259200	HELPU_000319	5.38086782979854	1.76596415022217	17.4098393333954	0.000635881588209308	0.0143276947503168
jcf7180000347063_265101_265500	HELPU_000320	-2.27816902926901	2.06513641168698	11.3390214408037	0.00305782978493074	0.0353206037749872
jcf7180000347063_327101_327200	HELPU_000325	6.82448541691999	-0.224305366851346	32.0616843809348	7.68924414558035e-05	0.00427601179680868
jcf7180000347063_509501_509600	HELPU_000332	4.62383765437747	-0.146515888482311	37.4218330967736	5.56150424593461e-06	0.0010105731434355
jcf7180000347063_519201_519500	HELPU_000334	2.18400013597359	1.20680206274197	11.3065330931574	0.00309202829682844	0.0355693155940271
jcf7180000347063_572601_572800	HELPU_000338	-1.18724504526094	0.976900393347346	11.3345121788768	0.00305936259494207	0.0353311849843348
jcf7180000347063_583601_583800	HELPU_000340	-4.39009701082316	2.56952086062747	20.7075852043764	0.000193707995299995	0.00729560634262848
jcf7180000347063_621801_622000	HELPU_000344	-3.53501402809098	0.0457335992643383	27.6622740860162	3.77542265146868e-05	0.00290148372361744
jcf7180000347063_757501_757800	HELPU_000354	1.07788727272323	1.517155411905	10.0663784813131	0.0047727912824188	0.0461625004609093
jcf7180000347063_769501_769700	HELPU_000355	3.87158482765007	1.01881997084056	21.458597214339	0.000160132077796397	0.00652932304470498
jcf7180000347063_809301_809400	HELPU_000361	-2.28904340707619	0.750107998931167	15.5269682192535	0.000806421270342495	0.0162548082477403
jcf7180000347063_898601_899200	HELPU_000369	3.16041401347138	0.386711159928952	16.4510115311246	0.000972100258599712	0.0180849415932671
jcf7180000347063_930301_930400	HELPU_000372	5.34864466823447	1.82079565626756	18.6206176957741	0.000335559079047462	0.00994034339997181
jcf7180000347063_991601_991900	HELPU_000376	2.59805501451873	0.157047516516035	10.9804622433246	0.00345977879788699	0.0380909464076867
jcf7180000347130_61601_61700	HELPU_000385	1.91399350039691	0.929788846705306	13.5526581067646	0.00147654450227767	0.0230071197455884
jcf7180000347130_68101_68200	HELPU_000386	6.99091013488436	1.62585807778234	21.4554166691205	0.000323761391740714	0.00974996309337204
jcf7180000347130_160301_160700	HELPU_000392	1.84643502424344	0.756635178182937	18.5991937513215	0.000365669721235526	0.0104292214928901
jcf7180000347130_236501_236600	HELPU_000398	-4.6658418168721	0.35428314838967	20.359934330844	0.000268456413248732	0.00878881294511429
jcf7180000347130_242701_243100	HELPU_000399	-2.9736472258725	1.08630781454594	23.7222929086849	9.21801344497983e-05	0.00472347561887462
jcf7180000347130_280001_280200	HELPU_000403	-5.2653692626716	0.0983510947507122	22.4231752074983	0.000386789412902589	0.0107790359184131
jcf7180000347130_317601_317700	HELPU_000411	1.69827928104263	0.675013718792709	14.665255431126	0.00104480724823857	0.018871295604189
jcf7180000347130_344701_344800	HELPU_000415	8.20740454849025	1.61654405190299	114.099292365148	3.70567878788356e-07	0.0002157330199547
jcf7180000347130_369401_369600	HELPU_000417	6.71248113434816	3.09948883089547	12.6202703402686	0.00226967126903143	0.0295632165791207
jcf7180000347130_413301_413500	HELPU_000424	5.59074288117429	0.542363989195862	11.9642520220733	0.00299199807826512	0.0348577973006088
jcf7180000420429_49901_50000	HELPU_000455	6.82412807151884	1.8354250554594	19.087026073681	0.000368581324265684	0.0104722247930785
jcf7180000420429_49901_50000	HELPU_000456	6.82412807151884	1.8354250554594	19.087026073681	0.000368581324265684	0.0104722247930785
jcf7180000420429_127101_127200	HELPU_000461	6.66395089225991	0.744494536894791	11.3216085444959	0.00366922755715307	0.0394551128697932
jcf7180000420429_154101_154200	HELPU_000463	3.3877546714401	0.42612754113221	11.801029242639	0.00338859775229944	0.037644412535309
jcf7180000420429_171901_172000	HELPU_000466	3.02350778702153	3.38383870564004	19.3528830541726	0.00027573569818366	0.00892806220192705
jcf7180000420429_185701_185800	HELPU_000467	3.78647158078293	1.75215940366642	66.6398253980936	8.41021276643738e-08	9.75021809370696e-05
jcf7180000420429_201401_201500	HELPU_000468	-6.46035216099494	-0.559875326417771	19.8538886009197	0.00121371294669888	0.0205643394370967
jcf7180000420429_410901_411000	HELPU_000485	-4.75058466048601	0.516505248498402	10.6664686136038	0.0038602783457456	0.0406413271240489
jcf7180000420429_421601_421700	HELPU_000487	5.40689192250163	0.292051214298792	17.2920332205753	0.000531872237551507	0.0129295653033433
jcf7180000420429_485001_485100	HELPU_000494	8.10184936114951	3.57424232102746	28.5160712873308	0.000103437385149942	0.00505325940923459
jcf7180000417094_318201_318400	HELPU_000528	5.50371521720704	1.28290765213863	22.4642313614757	0.00012481076616178	0.00560419710290329
jcf7180000417094_381801_382100	HELPU_000530	4.49892563297991	1.25500415890462	19.9435724839782	0.000236016674377398	0.00818718033085807
jcf7180000417094_389401_389500	HELPU_000531	4.20901203705665	-0.246980444438851	15.4361491609596	0.000898684821930847	0.0172814768372734
jcf7180000417094_522101_522300	HELPU_000545	6.98519109529589	1.8721503689015	20.4995683245948	0.000259460697194729	0.00862541192147106
jcf7180000417094_742801_742900	HELPU_000558	-1.53646979882472	0.291524923825893	9.8939514416864	0.00508306661847439	0.0480108004065874
jcf7180000417094_768101_768200	HELPU_000563	2.21816292756142	1.62129408138068	13.2314093580142	0.0016354131936922	0.0244509902905228
jcf7180000417094_914201_914400	HELPU_000571	2.90052993278825	0.603749483920446	12.3421141965508	0.00218309792863917	0.028898150956943
jcf7180000417094_1018901_1019000	HELPU_000574	4.23876118712235	-0.215765690270912	33.8565664977654	1.06909999293036e-05	0.00144282792717755
jcf7180000417094_1046601_1046700	HELPU_000577	4.93738134171922	0.0285187902258533	13.9216653335578	0.00131478826832479	0.0215297178096794
jcf7180000417094_1101001_1101300	HELPU_000583	-2.51242460104967	3.41621839054972	12.1703728353977	0.00231075377044993	0.0298998595451937
jcf7180000422200_70201_70300	HELPU_000587	6.43992474717631	-0.911624592705097	12.7113197388953	0.00510789269515461	0.0481642869698133
jcf7180000422200_89001_89100	HELPU_000589	3.97173597017246	0.00771167275300011	10.9459252544732	0.00389966401074367	0.0408682105889019
jcf7180000422200_123401_123600	HELPU_000592	-1.48992738846103	0.881798567585936	9.90131973480905	0.0050698709477806	0.0479288377437439
jcf7180000422200_141501_141700	HELPU_000595	-3.44295514105901	0.597692753527588	11.5805813173677	0.00281631756741167	0.033637854629958
jcf7180000422200_208601_208900	HELPU_000602	1.80936795470704	4.27442727142351	10.8860444897148	0.00357513824233281	0.0388842271249918
jcf7180000422200_244801_245100	HELPU_000605	-1.35940965948223	1.5148299841145	15.5144931551719	0.000808137349209057	0.0162768270205771
jcf7180000422200_263801_264000	HELPU_000606	-1.65136791648731	0.378987801433966	13.1256312452102	0.00168964858184318	0.0248887225399381
jcf7180000422200_325201_325300	HELPU_000610	-4.20018942457977	-0.152537662895199	14.8244242069651	0.00156705599490408	0.0238151148228491
jcf7180000422200_359001_359100	HELPU_000612	6.25227653059865	-0.591165506845835	15.2719588514103	0.00157005104373539	0.0238432683289551
jcf7180000422200_423201_423300	HELPU_000618	3.63175322652182	-0.227961235315854	16.1145149719974	0.000739287264278308	0.015541418953794
jcf7180000417100_138701_138800	HELPU_000631	2.9203721483228	-0.0775450551956578	14.5863345697976	0.00107059330077305	0.0191264736285124
jcf7180000417100_144701_144900	HELPU_000632	-3.4358317144773	-0.257646785480425	12.5899775640968	0.00201241337713084	0.0275404088581534
jcf7180000417100_188601_188800	HELPU_000636	-1.77510122918572	0.356258949046708	10.2333815150564	0.00449971155459037	0.0445658812470298
jcf7180000417100_211001_211100	HELPU_000637	3.55905083129153	-0.215144894849869	15.6987149359048	0.000832857799112797	0.0165535948767488
jcf7180000417100_217301_217700	HELPU_000638	1.12205381839537	5.52639315351509	10.2592360172911	0.00445628549665827	0.0442948530660515
jcf7180000417100_277801_278100	HELPU_000643	-2.55573329238866	1.93242844786445	36.3045283389275	6.78731013418009e-06	0.0011121675513746
jcf7180000417100_354401_354600	HELPU_000650	1.52622244063405	0.658457911594413	21.6483193125752	0.000152340042186081	0.006337453937791
jcf7180000417100_400501_400800	HELPU_000652	3.20059179939279	2.34263515025032	55.676438895874	3.32443239020019e-07	0.000202597275793164
jcf7180000417100_413701_413900	HELPU_000653	4.70248012044227	0.137670046144783	31.2160293828936	5.14385543300074e-05	0.00343489990170615
jcf7180000417100_436001_436100	HELPU_000655	8.43674714845097	0.406907632297445	25.5102868598971	0.000493358890666062	0.0123725092343335
jcf7180000417100_557301_557500	HELPU_000664	2.51319459596309	0.651014723341969	15.8456489109459	0.000733983984619694	0.0154787068864407
jcf7180000417100_625901_626000	HELPU_000667	3.66203224927004	0.960431204295009	13.713576607341	0.00150493858401228	0.0232675722661603
jcf7180000417100_641001_641200	HELPU_000669	-2.42935375505537	2.60893685649932	44.5848774668624	1.67141027237115e-06	0.000498528772093137
jcf7180000416159_136301_136400	HELPU_000687	6.48941963246298	2.93567426405704	19.0052320696086	0.000336138807754626	0.00994722908241907
jcf7180000416159_155801_156100	HELPU_000693	-1.33721066801099	2.34275764868686	15.7211085489988	0.000760222394075982	0.0157539746726327
jcf7180000416159_165801_166000	HELPU_000694	-4.58129175213329	-0.0948137331583115	13.9348960400203	0.00165009375773196	0.0245858772187758
jcf7180000416159_175301_175500	HELPU_000695	2.57415568560074	0.126637235979743	15.1352718316252	0.000906488457293264	0.0173674093215477
jcf7180000416159_304601_304700	HELPU_000702	3.69722838217553	0.367437520428492	18.9026367455836	0.000310971882127786	0.00953516334458072
jcf7180000416159_338901_339100	HELPU_000706	-2.11238012420622	1.28459562880664	19.7191757264976	0.000250309207294687	0.00845915257662557
jcf7180000416159_495801_496100	HELPU_000719	-2.31402074029811	2.88378523672216	11.1825039134192	0.00322654140517241	0.0365045279399153
jcf7180000416159_633801_633900	HELPU_000728	2.58146402849142	1.86729016669374	15.2829775141914	0.000867226354877841	0.016933620277157
jcf7180000395598_180601_180800	HELPU_000743	1.64764028122886	0.88074307919954	12.5071618480368	0.00206528181342883	0.0279812910446516
jcf7180000395598_186401_186500	HELPU_000744	6.47453636529974	-0.173554019704831	52.1322232073757	1.03035848090238e-05	0.00141139401534876
jcf7180000395598_285401_285500	HELPU_000752	6.08336327735623	1.07650170042744	15.5740625068711	0.00128768651728491	0.0212703682864109
jcf7180000395598_567601_568700	HELPU_000772	1.77201015533936	3.39042380958408	13.5505347778464	0.00147753678694311	0.0230166111531927
jcf7180000395598_614401_614500	HELPU_000777	6.43579184236253	1.92708747732678	85.7349517987154	1.33582321652261e-07	0.00012224148129039
jcf7180000395598_709601_709900	HELPU_000782	6.17211927890024	1.07432218821301	21.7717235355615	0.000148075138703317	0.0062179618462652
jcf7180000347104_109301_109700	HELPU_000793	-1.92611513259561	1.02803995130062	21.0363765263094	0.000177923944257788	0.00694213616427263
jcf7180000347104_293401_293700	HELPU_000808	-2.83218896976009	1.45595988393585	26.2115309264574	5.19570311408219e-05	0.00345399591776849
jcf7180000347104_343201_343300	HELPU_000810	-6.46780216193559	-0.568832213928369	24.1454165041098	0.000353668724455599	0.0102509888423036
jcf7180000347104_377201_377300	HELPU_000811	5.85538227709311	0.900611481893994	10.512589662019	0.00407513167559534	0.0419745303670076
jcf7180000347104_446601_446900	HELPU_000819	-3.47325814732417	3.10500233822586	55.4719027971489	3.41722691764051e-07	0.00020562732234013
jcf7180000347104_510101_510300	HELPU_000826	1.47003126393621	1.74543612779854	26.3174283850516	5.05909917595713e-05	0.00340554812321868
jcf7180000347104_527501_527700	HELPU_000827	5.52411268013684	0.483136899324751	18.2077193109277	0.000587166757823409	0.0136640399538179
jcf7180000347104_576501_576800	HELPU_000830	2.8293279532926	0.830291842758539	19.1895875610419	0.000287978576558901	0.00914715693311369
jcf7180000347104_580801_580900	HELPU_000831	5.25250184611438	0.917945293892565	16.6997456396967	0.000572903913686378	0.0134693837398723
jcf7180000420431_323301_323400	HELPU_000857	-4.18682505379631	0.0511591198694245	14.4922720618592	0.00140519299413201	0.0223615319590116
jcf7180000420431_363001_363100	HELPU_000862	5.34327535272075	0.992942064231297	19.9263092219384	0.000339537702315168	0.0100105780196631
jcf7180000420431_380201_380300	HELPU_000865	1.58346968812611	1.59755711597873	13.2798802806919	0.00161027535806251	0.0242245801595225
jcf7180000420431_428701_428900	HELPU_000867	-1.85368201203337	0.0982671481160328	12.5890010970873	0.00201064188837799	0.0275340468618494
jcf7180000420431_447501_447700	HELPU_000868	-2.42958815745008	3.50746528585753	17.5599127457755	0.000449213233068073	0.011760695125929
jcf7180000420431_466101_466300	HELPU_000871	4.2702209395479	0.383657066174667	16.812702421929	0.000554698500811346	0.0132578987027468
jcf7180000347162_32701_33300	HELPU_000877	-0.890974857784362	4.35196830739667	12.8944662435335	0.00182038878735886	0.0259833806347155
jcf7180000347162_71101_71800	HELPU_000880	-2.11781680343764	2.71518946916097	15.5986108364862	0.000789473497439106	0.0160703948156485
jcf7180000347162_141601_141800	HELPU_000886	-2.84305611791434	2.06117420515043	23.4505360180116	9.83386549867839e-05	0.00491733901274454
jcf7180000347162_255201_255400	HELPU_000895	-1.20803592069241	0.733347574635582	10.7319796123925	0.00376900337334991	0.0400900300511918
jcf7180000347162_313601_313700	HELPU_000901	2.58279221916531	1.24634644904516	17.7313816191016	0.000428264238518769	0.0114547612109348
jcf7180000347162_350301_350500	HELPU_000905	-1.55497568771866	0.623927713509799	13.7066299824674	0.00140462905783339	0.0223587688756276
jcf7180000347162_447901_448000	HELPU_000911	3.10171338038104	0.817996329492129	18.1456215860129	0.000381967147636748	0.0106986725537074
jcf7180000347162_524301_524600	HELPU_000916	-1.79050009461506	2.45013747872843	10.9701443554869	0.00347218196727699	0.0381644216716392
jcf7180000347162_534001_534100	HELPU_000917	-2.17228323367101	0.804181193826239	10.0319114976795	0.00532218086704547	0.0494282383581996
jcf7180000347071_99501_99600	HELPU_000932	4.15114513680203	0.376035972646655	12.9089239862555	0.00242820874507303	0.0307758992090372
jcf7180000347071_209601_209900	HELPU_000944	3.2938375401384	1.84557023108427	10.624292015553	0.00391788899358361	0.0409887043937999
jcf7180000347071_551201_551300	HELPU_000962	6.92830428170313	0.287651975525591	47.4279662990942	3.6141439821639e-06	0.000775757214141742
jcf7180000347071_631201_631500	HELPU_000964	3.21043969522753	2.77803726377811	15.2736939566339	0.000869637906076985	0.0169585904496128
jcf7180000347071_713501_713700	HELPU_000973	-2.6211432872001	0.937987086307652	10.3801192937029	0.00427075663570171	0.0431774385264952
jcf7180000421689_98301_98500	HELPU_000981	2.75843825190332	1.66347198099556	19.2707944559931	0.000281816839797473	0.00903210831069384
jcf7180000421689_219201_219300	HELPU_000987	5.82066514051269	2.35708983551423	23.761531933171	9.13265722655451e-05	0.00470165426342298
jcf7180000421689_366801_367200	HELPU_000998	2.21741429980292	2.49147036699741	17.1939010197486	0.000497820258387809	0.0124390790499211
jcf7180000421689_378501_378600	HELPU_001001	-4.50457318329909	-0.710765119433318	17.9885334281756	0.000618066265929836	0.0141082934612277
jcf7180000421689_474801_475000	HELPU_001008	-2.5981550412082	1.00082148067101	14.5955289029094	0.00106758799007615	0.0191044624036949
jcf7180000421689_485001_485100	HELPU_001009	5.84944422399272	2.9310097189151	22.8554525697555	0.000113470930042915	0.00532543635579255
jcf7180000421689_620901_621100	HELPU_001021	2.15763158925302	0.182941320392796	22.2730291328895	0.00013048141570025	0.0057666101612059
jcf7180000421689_683601_683800	HELPU_001025	1.64510467472858	0.335795985218256	10.1309336625725	0.00466763555767082	0.0455623777349616
jcf7180000347144_110701_110900	HELPU_001035	4.3992379563142	-0.317856423392465	27.841318302565	7.45825501203673e-05	0.00421736385321362
jcf7180000347144_142201_142300	HELPU_001038	5.64538770174745	0.948458489919404	15.6091110635656	0.000934020063403733	0.0176644809970644
jcf7180000347144_153801_153900	HELPU_001040	5.10668648972177	0.986097083756284	19.044880224595	0.000299330356044489	0.00934056716976938
jcf7180000347144_180501_180800	HELPU_001042	3.64230220182264	2.23785728445706	11.470233831667	0.00292391474086823	0.0344008267604298
jcf7180000347144_309501_309700	HELPU_001056	-2.84827016130564	0.843487714388873	23.947300332693	8.74020845184667e-05	0.00459610860446956
jcf7180000347144_322101_322300	HELPU_001060	3.65585008360766	1.22607461157079	13.075779380034	0.0017191075807116	0.0251530754404686
jcf7180000347144_360101_360300	HELPU_001064	5.89205912974284	-0.264453366822529	27.7855962527312	7.53624669172282e-05	0.00424053729084211
jcf7180000347144_430101_430200	HELPU_001069	2.57905052254097	0.111895677548876	10.8762365284852	0.00358736418944162	0.0389595041589898
jcf7180000347144_433101_433600	HELPU_001071	-3.36313345899471	0.232741790581642	14.4381826744611	0.00112033151680031	0.0196180959444007
jcf7180000347144_468601_468700	HELPU_001073	6.92537500950096	1.64572773843973	20.9172446554395	0.00026853955869416	0.00879051202035339
jcf7180000417101_100101_100200	HELPU_001077	7.2868910607901	-0.474855800558024	15.1993873562528	0.00451507381416807	0.0446498773432785
jcf7180000417101_247401_247500	HELPU_001094	7.0971033910086	-0.0707449216410377	27.6122060060507	0.000120797663055522	0.00550880249024496
jcf7180000417101_410001_410400	HELPU_001101	-1.39982019448901	2.05022686467114	16.7122453839863	0.000569868154954217	0.0134419522374266
jcf7180000417101_428401_428600	HELPU_001102	4.84696358815284	1.82675070101909	25.5735882631747	5.99904941535311e-05	0.00372973676338473
jcf7180000417101_443601_443800	HELPU_001103	3.17557755966843	2.06665371895015	21.2380488133275	0.000169273274699879	0.00673488488018645
jcf7180000417101_514801_515200	HELPU_001108	-2.03299514907194	3.4829501776897	37.6875515285135	5.28931619944069e-06	0.000980550278302892
jcf7180000417101_527101_527300	HELPU_001110	-1.46996421849777	2.41120857002897	9.81478730649329	0.00523132953633355	0.0488920294026629
jcf7180000417101_709001_709600	HELPU_001117	1.33560658652529	2.78503838518631	11.2975611346363	0.00310154710541169	0.0356315912386393
jcf7180000413244_69101_69200	HELPU_001123	5.36096609167675	0.884933364989419	30.0177791244854	2.29594657646047e-05	0.00216607737172544
jcf7180000413244_163801_164200	HELPU_001131	2.9503464609228	1.37557550063437	27.5500133253261	3.868454441464e-05	0.00292587747638028
jcf7180000413244_163801_164200	HELPU_001132	2.9503464609228	1.37557550063437	27.5500133253261	3.868454441464e-05	0.00292587747638028
jcf7180000413244_187001_187600	HELPU_001133	1.42174558690662	2.77417573526752	11.1752758130861	0.00323457824655479	0.0365558032932706
jcf7180000413244_477701_478200	HELPU_001154	-1.03294672860708	2.9712573586341	16.1298318598774	0.00067429964505864	0.0147805635903582
jcf7180000413244_499901_500000	HELPU_001157	-2.48809873385083	0.384821907968783	10.640470732095	0.00389567781082024	0.0408412920768821
jcf7180000413244_502901_503100	HELPU_001158	8.07626533139117	3.04930604642752	84.3423154293378	1.27834454659224e-08	3.64113712408261e-05
jcf7180000347103_86901_87100	HELPU_001168	2.12795482636746	2.44423458289396	11.2058975348668	0.00320068173704694	0.0363102688489047
jcf7180000347103_240501_240700	HELPU_001177	1.21232421936062	1.8049784140306	9.84034433986588	0.00517861219922764	0.048576857913482
jcf7180000347103_273001_273100	HELPU_001180	6.79703522213708	-0.679621104812026	14.6109429598015	0.0018585951629682	0.0262850855055297
jcf7180000347103_480901_481000	HELPU_001196	4.31587728531466	0.0962334039538029	12.9315284007572	0.00222183596755928	0.0291816677677964
jcf7180000347103_621201_621300	HELPU_001207	7.58297526418313	0.202117942490855	40.4003864150531	7.10019752239407e-06	0.00114509474985741
jcf7180000392477_47801_47900	HELPU_001211	3.75638735055483	0.328953960890064	13.4720667063925	0.00151472943070725	0.023364797676293
jcf7180000392477_108201_108500	HELPU_001213	2.52255763411955	0.0537918316176855	13.0937697721545	0.00170919459841377	0.0250635072411739
jcf7180000392477_133701_133900	HELPU_001216	4.33850134043061	2.93382360600098	45.6676029571906	1.41053396502206e-06	0.000448407338512068
jcf7180000392477_280301_280500	HELPU_001226	1.50945924599529	1.40097531512498	12.0054843579376	0.002441137819562	0.0308615708507582
jcf7180000392477_349101_349200	HELPU_001232	7.27072973980207	3.90144416832918	15.9440078826139	0.000938034762465567	0.0177041699333635
jcf7180000392477_538401_538600	HELPU_001238	-2.62999129101268	2.09432439066513	34.968348973536	8.70221549701768e-06	0.00127430954916374
jcf7180000392477_558001_558300	HELPU_001239	-2.75101329320178	1.0418777458236	13.8921746106669	0.00132696742066941	0.0216590784687468
jcf7180000392477_758301_758400	HELPU_001248	6.85563325387054	-0.200137519410305	25.8050915125948	0.000134751819300798	0.00587615121208321
jcf7180000413248_58401_58800	HELPU_001253	-2.10580771450011	2.18120731398208	23.8254992891517	8.99537123032941e-05	0.00466675818762826
jcf7180000413248_111501_111700	HELPU_001259	-1.78753261678929	1.86089477580423	17.5666889821222	0.0004483642086673	0.011753227336152
jcf7180000413248_179901_180500	HELPU_001266	-1.45558908323702	4.07499979084782	12.8191791496059	0.00186765054722557	0.0263495189722081
jcf7180000413248_210801_211000	HELPU_001272	-1.54095050548107	0.99129672238852	11.9333196880206	0.0025004755750257	0.0313190360996976
jcf7180000413248_270801_270900	HELPU_001277	1.98728176158708	1.40106791873834	19.4272796627009	0.000270349264128907	0.00883460680851689
jcf7180000413248_354301_354400	HELPU_001283	2.79509634798751	-0.0505022857207191	13.6320037201518	0.00143998762854756	0.0226497164460182
jcf7180000420478_82201_82400	HELPU_001295	-1.48213084945632	0.42707664095319	11.6808893438233	0.00271935517543576	0.0329164454771667
jcf7180000420478_85001_85100	HELPU_001296	3.22757538007965	0.332453404888526	9.75614113799462	0.00534400229510982	0.0495504365628385
jcf7180000420478_209301_209600	HELPU_001310	3.02184671840306	1.20818585184907	47.2960364148233	1.09552311731954e-06	0.000394243375083542
jcf7180000420478_223901_224100	HELPU_001311	4.20649945881274	-0.451242044084396	10.7507839399497	0.00374790555931841	0.0399695191614749
jcf7180000420478_231301_231400	HELPU_001312	7.39198238761355	1.05541586935025	16.3600781510958	0.00105392450126672	0.0189558827707581
jcf7180000420478_296601_296800	HELPU_001317	3.9855815560588	0.902081087010487	34.5139120388026	9.47607628292721e-06	0.00134233635088526
jcf7180000420478_305701_305800	HELPU_001318	-6.16865337169549	0.862058448076913	18.1458293159185	0.000526645341309185	0.0128477510582715
jcf7180000420478_387301_387600	HELPU_001324	-1.08551051759491	3.26582867559868	16.2862689813826	0.000644313891995219	0.0144460974671244
jcf7180000347157_10401_10500	HELPU_001339	-8.28150231633574	0.661215472589991	43.9272662953513	7.94921551846385e-06	0.001205958363504
jcf7180000347157_35001_35100	HELPU_001340	-3.39363227057749	-0.521557725025057	9.89029876417877	0.0053211861050778	0.0494237003009249
jcf7180000347157_85901_86100	HELPU_001346	1.83639222689615	2.41905089537069	25.1143728295087	6.64313262534465e-05	0.00394380658828691
jcf7180000347157_109301_109400	HELPU_001350	2.21145008839456	0.932420090063694	11.5190493078707	0.00287576393041347	0.0340472829057028
jcf7180000347157_151801_151900	HELPU_001354	6.60566693396442	1.82273971276712	12.7522108553484	0.00190871814023406	0.0267054014946305
jcf7180000347157_164901_165300	HELPU_001355	-2.77282830628622	2.00847248645723	11.778046005682	0.00263455627400007	0.0322991242174269
jcf7180000347157_332001_332200	HELPU_001364	3.70900912364335	-0.238298803932931	12.9672002016579	0.00178030431381673	0.025647682511497
jcf7180000347157_362901_363100	HELPU_001367	-8.09315227413664	1.74086151724229	14.1469373977666	0.00155167970795704	0.0236821529126131
jcf7180000347157_423501_423600	HELPU_001371	5.41609375888587	-0.310471250257017	39.610826400951	6.12390734055025e-06	0.00106241817554923
jcf7180000347157_438501_438600	HELPU_001373	1.73212562777684	1.02636756542209	12.0362025179717	0.00241624260575769	0.0306729992460366
jcf7180000416160_33501_33600	HELPU_001377	-3.5230271618675	-0.404831102245268	12.2291098868013	0.00226618700605165	0.0295473937355406
jcf7180000416160_202401_202500	HELPU_001392	6.82106073521447	2.71278288287293	18.0814742065215	0.000477442098193726	0.012165493093082
jcf7180000416160_385101_385200	HELPU_001403	-2.94906673277796	3.50540331806296	13.5699856601604	0.00146847440540772	0.0229415685893812
jcf7180000413250_165401_165500	HELPU_001433	3.14609376030289	0.201398535630803	15.8008828361494	0.000743710967747409	0.0155909318128513
jcf7180000413250_186101_186300	HELPU_001436	-1.47879411523644	2.51032109758835	12.297828413134	0.00221525116932494	0.0291272377284353
jcf7180000413250_278901_279500	HELPU_001447	2.5799535498025	3.9745421550278	55.8319721626847	3.23525933721414e-07	0.000199712419435395
jcf7180000413250_294601_294800	HELPU_001448	4.28454454784887	-0.109085938208918	10.1060212229554	0.00493300864643945	0.0470949093559377
jcf7180000413250_357901_358100	HELPU_001456	1.57359386992958	0.135081420963914	9.82143088300483	0.00521651838335449	0.0487965940884741
jcf7180000420486_103401_103500	HELPU_001464	-5.84353988260399	0.475399428301485	11.6867186130099	0.00351013091773244	0.0384237662758293
jcf7180000420486_186201_186400	HELPU_001474	4.65711639470699	0.597640139265232	18.8462737656923	0.000441888387830876	0.0116685503144864
jcf7180000420486_244001_244200	HELPU_001478	-4.61843389988433	2.66084046792794	26.8338086344335	4.52488347571272e-05	0.00320486844534611
jcf7180000420486_247601_247700	HELPU_001479	7.14939985074784	0.0356554266724039	32.5283380892289	2.06539150844684e-05	0.00204112683916819
jcf7180000420486_412701_413000	HELPU_001494	2.64985562651824	1.00416111637615	11.6270867251926	0.00277229204791181	0.0333171018237612
jcf7180000420486_450601_450800	HELPU_001497	-2.03333087540674	0.282833035597198	15.2879324930458	0.000865242563167174	0.0169143346737841
jcf7180000388400_58701_58900	HELPU_001500	-2.1092282341031	1.27467278588909	9.8198066501651	0.00522180954549357	0.0488381461646924
jcf7180000388400_64601_65200	HELPU_001501	-1.8323311615594	3.36665426884462	20.8139955866159	0.000188510425822295	0.00717764601882047
jcf7180000388400_128501_128700	HELPU_001503	1.83495140959171	2.04866608333289	9.98206521007748	0.00492419081284247	0.0470391275997208
jcf7180000388400_228601_228900	HELPU_001508	-1.59317369554581	0.480099316861567	13.2686951285155	0.00161395970755026	0.0242560842754524
jcf7180000388400_233201_233300	HELPU_001509	6.10370280294829	1.98368262735178	25.1568972184237	6.59728355441911e-05	0.00392942097460277
jcf7180000388400_257101_257400	HELPU_001511	4.1359408363447	0.279980321342085	10.2309968023826	0.00450354325854477	0.0445820275425175
jcf7180000388400_283101_283200	HELPU_001514	-4.45723574052231	-0.134261561367224	13.9779524971489	0.00138774811728776	0.0222231307954665
jcf7180000388400_327301_327500	HELPU_001519	3.82515109242577	1.04650309816553	9.98106964646463	0.0049259584336106	0.0470481675368897
jcf7180000388400_355601_355800	HELPU_001521	3.0558566741038	-0.148182575159467	25.4643581820718	0.000143230707690409	0.0060976726979252
jcf7180000388400_383701_384100	HELPU_001524	0.779196750803305	3.37660389673387	10.2764256845283	0.00442713334403152	0.044141418259161
jcf7180000388400_450601_450700	HELPU_001530	-2.26878499477962	0.797372165509147	18.5880713813546	0.000338531961873816	0.00999223943686548
jcf7180000388400_460901_461000	HELPU_001532	3.85167500768042	1.11657058005654	24.1165844908514	8.39872403161669e-05	0.00448558890211425
jcf7180000420436_42601_42700	HELPU_001539	6.40103952354186	-0.869753933059473	20.6847328645814	0.000541384190347084	0.0130755782907481
jcf7180000420436_229601_229900	HELPU_001546	4.06774909507666	1.7692577660762	14.4328802456734	0.00112215841672642	0.0196356813994561
jcf7180000420436_308001_308200	HELPU_001556	2.88875327833781	0.331210342861465	15.8397727178626	0.000735252740708738	0.0154897703298641
jcf7180000420436_362101_362300	HELPU_001559	-2.6441731282085	2.1502370107493	24.9302210639507	6.95011074562346e-05	0.00403956852787478
jcf7180000420436_438901_439400	HELPU_001567	-1.74645644532388	3.05203789413234	27.9985477023847	3.50427846327582e-05	0.00278734184394419
jcf7180000420436_479401_479500	HELPU_001570	2.74570108369812	0.218087083430975	12.1412599654482	0.00233320234085537	0.0300786429194247
jcf7180000417105_92201_92300	HELPU_001577	3.80423810687653	-0.193821390864188	15.8143688862905	0.000740765749228221	0.0155565152323625
jcf7180000417105_124701_124900	HELPU_001580	2.52105313818488	0.627150977726912	12.5512541319812	0.00203807661075708	0.0277624087786807
jcf7180000417105_158401_159000	HELPU_001583	2.74074040396382	2.15303196793762	14.3418034054947	0.00115405785626353	0.0199537202460457
jcf7180000417105_218801_219200	HELPU_001590	1.10050984292238	2.43155802682216	12.016878210114	0.00242913053376899	0.0307794103692038
jcf7180000417105_220901_221200	HELPU_001591	-2.19268956668176	1.11680462707146	12.4689955564215	0.00209380314008331	0.0282155611387741
jcf7180000417105_299301_299400	HELPU_001597	1.68890056975706	1.0183558655592	12.1919780677967	0.00229424889810436	0.029770979438107
jcf7180000417105_329301_329500	HELPU_001600	4.67107238669528	0.746348043345442	21.9540806617544	0.000141517028938781	0.00605531790377179
jcf7180000417105_355101_355200	HELPU_001602	-1.68497722625032	0.36172679268319	9.92399079408822	0.00502849037650643	0.0476666472422428
jcf7180000417105_426301_426400	HELPU_001605	-6.22820011779924	-0.301772536253966	19.1806520654577	0.000406907910415254	0.011120066029626
jcf7180000348054_15201_15300	HELPU_001608	-5.55775919359861	-0.414918478996435	10.1755387568417	0.00535189535556311	0.0495996677346753
jcf7180000348054_68701_69000	HELPU_001613	1.01638135984888	3.92708008416205	13.5774020271605	0.00146309313248246	0.0228893137807151
jcf7180000348054_88401_88500	HELPU_001616	7.15541906816199	2.85085090660688	17.8828007600968	0.000563064662735852	0.0133629067986943
jcf7180000348054_91701_91800	HELPU_001617	4.4368761962387	1.2622562864302	15.1920079459215	0.000891179538739694	0.0172029843471219
jcf7180000348054_149901_150000	HELPU_001621	4.87047582408186	-0.0394561997960305	19.2357630515812	0.000881134925996166	0.0170943398434234
jcf7180000348054_185401_185700	HELPU_001625	1.31997146014341	1.78833272892402	23.148791726131	0.000105441512412642	0.00510672239402343
jcf7180000348054_194701_194800	HELPU_001626	7.41350768220678	0.955777990698828	10.9582069724707	0.00388370658233143	0.0407628192229019
jcf7180000347295_193601_194400	HELPU_001677	2.22916844038115	3.67103296698768	11.0128787766457	0.00342112940571251	0.0378443530023565
jcf7180000347295_237901_238000	HELPU_001682	4.92356519621744	0.35054427042505	12.1978491085186	0.00278166544466174	0.0333868625678062
jcf7180000347295_255801_256200	HELPU_001683	2.22935661596656	2.42057728516911	16.9424957101573	0.000534564181091327	0.0129700619478284
jcf7180000347295_344501_344600	HELPU_001692	5.46701952195037	-0.319762457062209	12.7880235591145	0.00232052935892681	0.0299802554212598
jcf7180000347295_367301_367400	HELPU_001693	2.51679928682981	-0.067726254719149	10.6434306356928	0.00409022743643274	0.0420589328284014
jcf7180000417110_216501_216700	HELPU_001709	-2.62686232477343	0.829490757802954	21.7783736982443	0.000147830175407721	0.00621222911553803
jcf7180000417110_378101_378200	HELPU_001718	2.02898624448195	1.76161854558063	10.4459947386152	0.00417220267409473	0.0425550706977042
jcf7180000417110_410401_410500	HELPU_001720	-4.86472738878349	2.16846697012665	22.6786672822462	0.000118448018165249	0.00545357828307633
jcf7180000392926_185901_186400	HELPU_001743	-1.76059573051245	1.79285811589747	17.4866918573843	0.000458501476990596	0.0118934253350829
jcf7180000392926_280401_280500	HELPU_001752	4.99581001268446	0.494024478829071	14.5871903483808	0.0010703131818504	0.0191264736285124
jcf7180000392926_356901_357300	HELPU_001760	3.67463142586138	1.03100217836878	22.9252605322377	0.000111569479322003	0.00526637181269795
jcf7180000392926_385001_385300	HELPU_001765	-2.02328528214569	1.39634579487802	33.0996259321239	1.2365069726167e-05	0.00156781311485473
jcf7180000347187_16901_17500	HELPU_001767	-1.54206761458678	3.23371520625649	16.46580311301	0.000612744517779339	0.0140337897004624
jcf7180000347187_131701_132000	HELPU_001777	-2.26697219058181	2.34402672577806	24.0565131614116	8.51818855844652e-05	0.00452135269338895
jcf7180000347187_171701_171800	HELPU_001781	3.24801669449867	0.20574808975011	13.3798624010914	0.00155976246163734	0.0237473067878275
jcf7180000347187_201401_201600	HELPU_001783	-4.04236595238401	-0.335160017541828	10.1457082303849	0.00464299443646347	0.0454202939928478
jcf7180000347187_277101_277200	HELPU_001786	4.09734809270119	-0.718164597815912	10.2136027378698	0.00474987747150053	0.0460386196841812
jcf7180000347187_435601_435900	HELPU_001799	-1.68759164074799	1.64312214715567	13.8505672062368	0.001344363307714	0.0218297212537585
jcf7180000347450_76901_77000	HELPU_001806	6.47127464066891	1.7574785607339	20.8150809799471	0.000275029849082531	0.00891778399464436
jcf7180000347450_108001_108200	HELPU_001809	4.8569661102497	0.370544483377668	34.6249459813157	9.28023790778004e-06	0.00132310139532689
jcf7180000347450_188701_189100	HELPU_001817	-0.957495096581595	3.66165588542805	12.5670000638269	0.00202517184804349	0.0276476697186637
jcf7180000347450_204601_204700	HELPU_001820	5.90477966746162	0.28358522124612	24.7182995887433	0.000203485307970561	0.00749436624740694
jcf7180000347450_325101_325300	HELPU_001831	5.3496537005338	-0.106134312726353	16.1477931564045	0.000803354701617106	0.0162192484048835
jcf7180000420515_77101_77300	HELPU_001838	-5.60296908486621	6.93785573200482	10.0638007100456	0.004781444879157	0.0462025137440895
jcf7180000420515_103001_103200	HELPU_001840	-3.30658518149137	3.60600469058884	23.3146014832558	0.000101588259033912	0.00500465589981051
jcf7180000420515_162601_162700	HELPU_001847	-3.82465355390172	0.268360140168188	22.5127685185842	0.00012333825057358	0.00557214591435945
jcf7180000420515_183701_183800	HELPU_001848	7.04236681468011	4.41242405143832	18.8690792104061	0.000389593280058982	0.0108234756961643
jcf7180000420515_202101_202500	HELPU_001849	-2.10338315273768	1.79170088598833	21.1302786813514	0.000173948177199214	0.00683831570275496
jcf7180000420515_228701_228800	HELPU_001852	-4.83210086261371	0.100747656911048	26.7648435543756	6.34941386284065e-05	0.00384572544828052
jcf7180000420515_248901_249200	HELPU_001854	-4.99858574345363	2.41582426992778	14.1566773973198	0.00122203449708303	0.0206528012093463
jcf7180000420515_298101_298200	HELPU_001859	6.94464246541493	-0.626028093940628	15.8604197909748	0.00257269949644781	0.0318270029226906
jcf7180000417119_48801_49200	HELPU_001871	2.79871110438616	2.60743091725344	78.8477794791506	2.19205674065868e-08	4.61664879453414e-05
jcf7180000417119_64201_64400	HELPU_001874	-4.92577668845601	0.24111507402815	14.2352024142287	0.00138886041165494	0.0222350411452178
jcf7180000417119_88801_88900	HELPU_001876	-2.75237184637568	2.73245141381022	33.3027121763222	1.19350578436366e-05	0.00153918181583939
jcf7180000417119_130201_130500	HELPU_001879	-2.51039985946323	1.72763093772588	16.7490189020924	0.000564882570937071	0.0133849525299444
jcf7180000417119_270601_270800	HELPU_001893	3.11240335878494	1.27155852988347	11.8497995266634	0.00257176114703237	0.0318215618260773
jcf7180000422194_86001_86300	HELPU_001914	3.75169150370919	1.70143427225589	14.2869402720877	0.00117375670148681	0.0201639253354874
jcf7180000422194_263201_263400	HELPU_001925	-1.28302345108298	0.656948230983033	11.1299670812351	0.00328212804211612	0.0368898527168954
jcf7180000422194_281601_282300	HELPU_001926	1.8772209341932	1.86187967170762	13.9798474898287	0.0012911209749436	0.0212976219471419
jcf7180000422194_318601_318900	HELPU_001930	-3.9483163879239	0.205034884630885	20.088618640345	0.000227258346696093	0.00799962227714414
jcf7180000421847_17001_17100	HELPU_001944	2.12732071812517	1.76698533016422	15.1392925009911	0.000905394058128035	0.0173545676161038
jcf7180000421847_140801_140900	HELPU_001951	1.58895705200804	1.546012140164	10.8527354447501	0.0036168482239975	0.0391416853536454
jcf7180000421847_162201_162500	HELPU_001954	-1.44478968238842	1.42654004285035	13.8774519050148	0.00133127562426138	0.0217000502635053
jcf7180000421847_167801_167900	HELPU_001955	4.45798495575483	-0.139615693603595	20.7467453942533	0.000191777076342432	0.00726012855478903
jcf7180000421847_216601_216800	HELPU_001962	2.96015151515873	-0.279772720068435	18.0871533885279	0.000427744065058766	0.0114512991235244
jcf7180000421847_234701_234800	HELPU_001963	3.65952651443104	2.59269874153938	10.0736113982931	0.00476462234019545	0.0461205093361874
jcf7180000347170_149001_149300	HELPU_001974	-1.55509670474774	1.15111714764871	21.1913769499401	0.000170883650621419	0.00677167838911749
jcf7180000347170_172101_172200	HELPU_001976	1.98951922503715	0.614988691644003	10.3009100800122	0.00439269653531038	0.0439035135222049
jcf7180000347170_221801_222300	HELPU_001981	2.54096203195212	4.37996046691483	19.1414697473654	0.000291699652385095	0.00921277498442006
jcf7180000347170_234201_234600	HELPU_001983	-1.76211037399914	2.46089827628083	12.8711897480195	0.00183643021251257	0.0261160417297721
jcf7180000347170_238101_238400	HELPU_001984	2.91015555060802	2.06605215442294	23.7609664277558	9.13388115976075e-05	0.00470165426342298
jcf7180000347170_274001_274200	HELPU_001988	-3.48062267101752	0.118488146223997	26.3721684149319	5.01262337661881e-05	0.00339003822278604
jcf7180000347170_325801_326700	HELPU_001991	1.30168254543284	3.08813150716615	10.5342860520412	0.00404404978456076	0.0417956645609578
jcf7180000347170_454801_454900	HELPU_001999	-2.73188489988215	-0.0610921403821852	10.5219069204318	0.00406175155746133	0.0418937692560429
jcf7180000416165_79401_79500	HELPU_002006	7.94944399549012	3.47936723297744	13.3310381819642	0.00197103926793512	0.0272220871014443
jcf7180000416165_188401_188500	HELPU_002018	5.34027946149374	2.74926394292954	19.1335531067273	0.000292316933694127	0.00922279913334874
jcf7180000420444_22801_22900	HELPU_002021	-4.58063367912034	1.41821971440502	12.0721682587603	0.00253255117395382	0.0315345347492281
jcf7180000420444_41801_41900	HELPU_002023	1.99406607602435	0.17034295981664	13.3842450545837	0.00155662800123248	0.0237235441369062
jcf7180000420444_165301_165400	HELPU_002028	-2.81897133140812	0.00842671768628126	14.0374556817324	0.00126815054816099	0.0210777417582941
jcf7180000420444_442201_442700	HELPU_002046	-2.20938840272031	2.20381701686351	54.5835597404019	3.83093066445918e-07	0.000219994064680086
jcf7180000420444_545501_545600	HELPU_002054	-4.55825459574876	0.0993520170139804	12.0847721878394	0.00288132797679952	0.0340831803258758
jcf7180000347139_57301_57400	HELPU_002057	5.31145884568096	0.188696235447673	45.9459111430679	1.93401768568502e-05	0.00197136969273204
jcf7180000347139_182401_182500	HELPU_002066	-2.9697122782922	-0.182400806927255	10.7328510689555	0.00376785337484091	0.040087381527886
jcf7180000347139_233001_233300	HELPU_002070	6.05646840615262	5.23084464647431	14.3658457674483	0.00114554077690813	0.0198688269412296
jcf7180000417113_115801_116200	HELPU_002099	3.94724750017444	0.568689029926581	16.9413587120943	0.000534737016249652	0.012972229978262
jcf7180000417113_234401_234600	HELPU_002110	-3.20914696876964	1.06549444452873	19.7797952341542	0.000246356284271781	0.00838539410993624
jcf7180000417113_262801_263300	HELPU_002112	1.8690370135417	4.04552836830753	21.4956639239126	0.000158649867588672	0.00649351323575601
jcf7180000417113_340901_341300	HELPU_002119	-2.67599921025693	1.87877985190232	10.0995144940617	0.0047205209640876	0.045883149795735
jcf7180000422221_102301_102800	HELPU_002131	-1.9567677604701	3.35813741712061	13.6843188421427	0.00141643266748254	0.0224502215939914
jcf7180000422221_110901_111400	HELPU_002133	-3.71439681546244	1.69482821512633	20.3960169804092	0.00020985762608629	0.00762512879195963
jcf7180000422221_130301_130600	HELPU_002134	-2.95989826675321	1.93922029597762	28.7453966847238	2.9942334064341e-05	0.00256085187191609
jcf7180000422221_235301_235400	HELPU_002141	3.13589178725428	-0.302981859320433	9.98997162573623	0.0049065170757475	0.0469297724722878
jcf7180000422221_290001_290100	HELPU_002146	3.3459992385801	-0.0537036706612182	18.1064699831082	0.000386025092764615	0.0107661157979835
jcf7180000422221_292801_293400	HELPU_002147	3.78245389834453	3.04398323060368	41.6027863149233	2.70909327513601e-06	0.000648077621963949
jcf7180000392780_67901_68300	HELPU_002150	2.20184238004562	0.137228790774227	10.6140837342349	0.00393197587604932	0.0410787282774803
jcf7180000392780_128901_129300	HELPU_002154	-1.53145983206406	2.10898699376424	20.7132313545324	0.000192992033072372	0.00728264934267771
jcf7180000392780_151601_152000	HELPU_002158	2.42541403482932	0.162356963365502	13.4210945412655	0.00153944393918268	0.0235758065106281
jcf7180000392780_235101_235300	HELPU_002169	1.22522447892084	2.78505195522571	10.651752495854	0.00388027218248684	0.0407469834438026
jcf7180000417107_119201_119300	HELPU_002178	-3.17290012837146	0.158585207598749	12.7723062932951	0.00216445195449079	0.0287589868705725
jcf7180000417107_195301_195500	HELPU_002186	6.81637612629255	0.454323166676607	20.1016581739811	0.000325573568101737	0.00976778678021118
jcf7180000417107_222801_223000	HELPU_002189	6.81637612629255	0.454323166676607	20.1016581739811	0.000325573568101737	0.00976778678021118
jcf7180000417107_251201_251400	HELPU_002192	6.81638206295978	0.441158546864049	20.2607792293434	0.00031345683086656	0.0095778216017299
jcf7180000347142_40901_41000	HELPU_002212	5.21233555762871	-0.107298232370014	28.3074394555153	6.84818883552268e-05	0.00401234920895719
jcf7180000347142_87301_87400	HELPU_002217	2.61628902777573	0.278857370093179	10.1484991270598	0.00511182458603464	0.048182327915761
jcf7180000347142_306801_307000	HELPU_002230	5.45133087387352	1.42167887276023	22.4638211439255	0.000261734271751476	0.00866615635120552
jcf7180000347825_23101_23200	HELPU_002242	2.33318791881483	0.776144258016891	16.3048587450692	0.000641927669136718	0.0144027429490696
jcf7180000347825_179301_179400	HELPU_002256	7.6305673929909	1.96409726417482	18.1660764141674	0.000379828704121584	0.0106628634946029
jcf7180000347825_226701_227000	HELPU_002260	-2.09907986804939	3.67619726222957	10.6901852912248	0.0038282961775326	0.040465251651123
jcf7180000422581_136001_136100	HELPU_002275	2.6744553172211	1.29029233439737	12.8012180158274	0.00214506650675762	0.0286090513537042
jcf7180000422581_306501_306700	HELPU_002282	-3.10029863353332	0.279329513919679	16.5826881320905	0.000592469179104979	0.0137374864052054
jcf7180000347200_25701_25900	HELPU_002292	-0.98824574947412	3.57155125602528	10.4660734463449	0.00413879970639383	0.0423642232416118
jcf7180000347200_132701_132800	HELPU_002301	6.39962280201312	1.96178824351771	47.7079218070264	1.03235374947596e-06	0.000382527797414165
jcf7180000347200_188401_189000	HELPU_002307	3.40159052119401	0.241429096039018	24.5568285908533	7.57752803273693e-05	0.00424537572539692
jcf7180000347200_253201_253400	HELPU_002309	2.3998935526356	-0.218996595635472	11.9850730083391	0.00245673732635842	0.0309975728900428
jcf7180000347200_306901_307100	HELPU_002312	-1.75083814205888	0.108780923288724	13.0095704906283	0.00175394128108178	0.0254457853070157
jcf7180000417205_93601_93700	HELPU_002326	5.38384550895262	2.71476105245668	17.9728599053094	0.000400567914542366	0.011003497272334
jcf7180000417205_139701_139900	HELPU_002329	2.27231312504622	1.95743428497006	11.8435113057848	0.00257719744889559	0.0318716348039729
jcf7180000417205_152301_152700	HELPU_002330	-1.67783541221215	1.74905246463661	24.0345724995155	8.53929836621099e-05	0.00452522777638985
jcf7180000417205_177101_177200	HELPU_002332	5.95599134363985	1.41928245142142	32.5793103734279	1.37341407174211e-05	0.00164372445976192
jcf7180000417205_187201_187400	HELPU_002333	-1.85237427216662	0.980786339084101	13.7938006296332	0.00136850538356876	0.0220454026138596
jcf7180000416179_71301_71500	HELPU_002352	4.60363910474342	0.835659300576852	11.2023511499515	0.00440041815137145	0.043956944495978
jcf7180000416179_149501_149900	HELPU_002356	-3.18016956907645	1.18386200583646	12.8286519612769	0.00186192082763531	0.0263113324237554
jcf7180000416179_168601_168800	HELPU_002357	6.58022020137422	3.121064399473	16.5665026803607	0.000715831943388245	0.0152728012695828
jcf7180000416179_193301_193400	HELPU_002361	2.6887686625495	2.6872597462428	10.4892309446392	0.00410889172271044	0.0421766603161118
jcf7180000416179_229401_229500	HELPU_002364	7.09061614814662	-0.54924100508509	23.6613739870165	0.00123352281268795	0.0207514529936433
jcf7180000347790_64101_64300	HELPU_002421	-1.11426336945841	1.17620676890785	11.2687143501665	0.00312913734688274	0.0358249829265162
jcf7180000347790_95301_95500	HELPU_002424	2.25129119796421	0.674178298228242	11.1815966308052	0.00322754898584354	0.03651094681549
jcf7180000347790_171601_171800	HELPU_002429	4.36960954005159	1.54005757551491	16.7808904752034	0.00055976019319683	0.0133173278739677
jcf7180000347790_265701_265800	HELPU_002437	4.08093359317637	1.99234121797476	15.0703976865252	0.000924350399954171	0.0175523012468625
jcf7180000417117_118501_118800	HELPU_002449	1.93385900518092	0.527808626548536	19.6177652925962	0.000256536366541292	0.00856319481734734
jcf7180000417117_204301_204500	HELPU_002457	1.85894624486022	0.41506091894185	17.7544933342343	0.000857507560163113	0.0168285932156022
jcf7180000417117_242701_242900	HELPU_002461	-4.52359637586193	0.383064401225977	22.4600542704474	0.00012493839324162	0.00560575623096019
jcf7180000417117_276501_276800	HELPU_002464	4.5842871161396	1.10061127233721	15.3268231185577	0.00111116334631306	0.019537695682483
jcf7180000347218_12201_12400	HELPU_002472	2.70249256097745	0.178512370005251	12.5965472769365	0.00200809502713757	0.0275136910933105
jcf7180000347218_68101_68200	HELPU_002477	-4.56936100653243	1.15776542262167	10.1543969627881	0.00539022541528681	0.0498034224201405
jcf7180000347218_157001_157300	HELPU_002480	2.17913045089807	2.15639856947552	16.3701318440108	0.000629910973726232	0.0142548400467317
jcf7180000347218_241101_241300	HELPU_002487	6.63969688348252	0.5866302659711	17.5624473204747	0.000448895457480952	0.0117572507282891
jcf7180000417215_114101_114300	HELPU_002503	5.09935556514742	1.09417516373415	59.0965579697557	2.97746607924041e-07	0.000190998000609613
jcf7180000417215_179101_179600	HELPU_002507	-3.56359399495545	4.44010490274184	49.5797807672075	7.81802650604291e-07	0.000321656423967621
jcf7180000417215_237401_237500	HELPU_002517	4.40399361727834	0.44573724208256	16.7864582773285	0.000611754437503686	0.0140200822748334
jcf7180000417145_88701_88800	HELPU_002522	-1.94651198309662	0.333110080455967	11.7689245753599	0.0026426598988087	0.0323667641681382
jcf7180000417145_130701_130800	HELPU_002529	-1.71859529741613	0.397451045017377	17.0488282349994	0.000517748490502454	0.0127239079269967
jcf7180000415302_51201_51300	HELPU_002545	6.61657393641063	4.39934792289065	10.0660359085496	0.00525962274844706	0.0490540185916918
jcf7180000415302_395501_396300	HELPU_002570	-1.3425825353859	3.21822477107098	15.6301610516261	0.000782013405295696	0.0159810041123452
jcf7180000362298_94501_94700	HELPU_002581	4.67739202350532	-0.652455291238659	15.7868960377831	0.000746779217721047	0.0156179143873176
jcf7180000362298_153201_153400	HELPU_002586	-4.36007569899237	1.01796212151269	20.3511855927119	0.000212301227640328	0.00768724280710158
jcf7180000362298_196601_196700	HELPU_002589	-1.91174571663379	0.913818627726348	17.7008589010571	0.000431388415682265	0.0115037044724536
jcf7180000362298_236301_236600	HELPU_002591	3.95725647835545	1.52025350239874	17.1659218329165	0.000501768251860516	0.0124876162199715
jcf7180000362298_249401_249700	HELPU_002592	-1.58310720710305	2.16887250199551	12.5182256816885	0.00206025213377267	0.0279535151196261
jcf7180000417132_113001_113700	HELPU_002604	-1.9942010172004	3.23444133269803	31.9171092790526	1.56454902984441e-05	0.00176012994882657
jcf7180000417132_147001_147300	HELPU_002607	-1.2910000159899	3.30312520304435	15.7268479292596	0.000759521103069779	0.0157514820906917
jcf7180000417132_302001_302200	HELPU_002618	-2.10112251075094	0.343043442002064	16.3384435046543	0.000635015130237049	0.0143171818882562
jcf7180000347530_109301_109400	HELPU_002624	6.19256148792602	-0.266309990995618	19.7447377018023	0.000354708793161337	0.010271779951352
jcf7180000347530_201201_201300	HELPU_002635	5.36619827288949	-0.262576596866758	11.4105007331037	0.00449244119911484	0.0445259855129543
jcf7180000347550_157501_158400	HELPU_002665	-1.16822997438258	2.52833236262896	13.0345084350579	0.0017399016309521	0.0253293420304304
jcf7180000347223_183201_183400	HELPU_002690	-1.32473994484217	2.04953396802605	12.3335691538739	0.00218881343514943	0.0289376997825777
jcf7180000347223_210201_210300	HELPU_002691	5.18798035070789	0.490280574537965	15.7817648693795	0.000889722370677537	0.0171899163214877
jcf7180000415683_26201_26400	HELPU_002704	3.50443899970333	0.629397773308988	49.6189660989728	7.74088743879859e-07	0.00032078348504851
jcf7180000415683_38701_39000	HELPU_002705	-1.89700481538687	0.754688840871112	10.7744542726061	0.00371701453806399	0.0397578376564562
jcf7180000415683_61401_61800	HELPU_002708	-1.23489585321878	2.63005001820126	14.6639141600252	0.001043993048253	0.0188613470942325
jcf7180000415683_170601_170800	HELPU_002719	2.56284596396383	-0.188189293632398	10.7355006664037	0.0037680023267667	0.040087381527886
jcf7180000415683_196501_196800	HELPU_002723	-2.0977981942256	2.51001950225109	12.2347188050874	0.00226198128623636	0.0295086770756432
jcf7180000347101_36401_36500	HELPU_002736	-2.79694092091798	0.10284814700094	14.9479847316944	0.000959123878112166	0.0179320479788534
jcf7180000347101_40501_40700	HELPU_002737	-3.99538361885261	1.07458511536648	14.7182948625954	0.00102834105565519	0.0186805253196225
jcf7180000347101_245201_245400	HELPU_002747	8.66630899312645	0.993131886096241	18.358359287293	0.000499142165562318	0.012457981270087
jcf7180000347101_394901_395100	HELPU_002759	-3.97604345003387	0.294524476010737	11.5968308171933	0.00360917160756604	0.0390951403148362
jcf7180000417141_150101_150300	HELPU_002770	-2.55970610283157	-0.0524390110838609	11.298589796368	0.00310045409837957	0.0356263365890693
jcf7180000417141_220101_220300	HELPU_002776	3.73987239046419	1.03339481187167	14.3206623171434	0.00135427144636335	0.0219149799580442
jcf7180000417141_331601_332000	HELPU_002779	1.66082569927604	4.33347233497164	15.8517241819515	0.000732674787232366	0.0154659769535415
jcf7180000417141_345001_345100	HELPU_002781	-3.16718355408433	-0.380749874279956	10.9837798156523	0.00345580118026201	0.0380647117619946
jcf7180000417141_358101_358300	HELPU_002782	-2.49700883973355	1.38755703209684	33.7570449223076	1.09387010375753e-05	0.00145716306382226
jcf7180000348081_58401_58700	HELPU_002791	-1.25616132515809	1.0787203373193	18.0362224276078	0.000392882068201449	0.010881070600342
jcf7180000348081_195401_195700	HELPU_002805	-1.11842668786189	1.33592286927221	17.1765357894199	0.000499369417084335	0.0124603958556682
jcf7180000421994_42501_42700	HELPU_002810	-2.48737188845423	0.0332108853681215	16.6324302224162	0.000583060584548935	0.0136030214262929
jcf7180000421994_76201_76300	HELPU_002811	4.33493859781319	-0.414353347862039	11.6323965370033	0.00292710783938581	0.0344242544492613
jcf7180000393254_32301_32500	HELPU_002835	-1.92191054805747	1.04260399694439	14.521423812965	0.00109104722570924	0.0193250500104025
jcf7180000393254_134501_134600	HELPU_002848	5.50158163456704	0.304090222233522	17.5716919464318	0.000900122838048995	0.0172975165470553
jcf7180000393254_196001_196100	HELPU_002852	5.27516855933172	1.00469358680271	15.1639134294811	0.00106004180165149	0.0190265397654984
jcf7180000417134_292501_292800	HELPU_002876	-2.2352286488191	1.23768947091924	15.7414040171774	0.000756855812435165	0.0157252503601711
jcf7180000417217_123601_124000	HELPU_002879	1.04003794522838	1.09673417129354	10.3495113492664	0.00431345581586566	0.043434354331902
jcf7180000417217_245101_245300	HELPU_002889	-0.904342032589521	2.55119140161626	12.842213334925	0.00185146901399161	0.0262332403569764
jcf7180000421131_85901_86000	HELPU_002895	-1.8447773285012	0.300507690206982	19.4332450491466	0.000269358723872762	0.00880974452709408
jcf7180000421131_186701_186800	HELPU_002903	7.33364434013061	-0.258451628543271	20.432530397921	0.000571812229632558	0.0134584239846714
jcf7180000347571_5401_5700	HELPU_002910	-4.22892865439554	1.12051602064541	26.0234418342759	5.41949161078647e-05	0.00353118110678337
jcf7180000347571_135401_135500	HELPU_002923	-4.08639376260244	0.0494276975218525	19.0316873813862	0.0003003895967463	0.00935317004552878
jcf7180000347571_149601_149800	HELPU_002925	6.56133491030197	3.00836462681269	18.7807924571171	0.000356506186624701	0.0103040360763222
jcf7180000347571_162801_162900	HELPU_002927	2.92777878696363	0.229277996521116	13.5549565440976	0.00147547121597536	0.0230000354534061
jcf7180000347444_56201_56700	HELPU_002934	1.43406442657578	2.54728354640252	9.99810643869285	0.00489580657651718	0.0468774216183755
jcf7180000347444_71601_72000	HELPU_002935	1.91338597708582	1.89554493223253	10.2253105189344	0.00451269448240891	0.0446382771545939
jcf7180000347444_149101_149400	HELPU_002940	5.71780729392393	1.52883164322532	43.2783232122635	2.05933007812259e-06	0.000554265692115881
jcf7180000347444_205501_205700	HELPU_002944	7.12711603121552	0.688721457465168	25.6222986231404	8.07609705128949e-05	0.00439106349679137
jcf7180000347444_281901_282100	HELPU_002949	-2.25093564813577	-0.00801262297720547	12.1277959401471	0.00234366589240414	0.0301540378476166
jcf7180000349188_65301_65400	HELPU_002957	5.97463444611762	0.759486150382325	42.2060842293984	2.45223247057315e-06	0.000613074627976631
jcf7180000349188_71701_72000	HELPU_002958	-1.98178161654798	0.440820824328045	14.7701113286632	0.00101225685616839	0.0185228195580236
jcf7180000349188_137901_138100	HELPU_002964	-2.23073790363377	-0.000603195312862088	15.7175872601637	0.000761149256117558	0.0157695260746462
jcf7180000392797_20301_20500	HELPU_002970	1.5039182918443	0.12565312007375	11.0942274897583	0.00403019952094472	0.0417097109187708
jcf7180000392797_56001_56300	HELPU_002971	4.55605631691083	0.884079890690887	32.355475825565	1.43497950984273e-05	0.00167488539554085
jcf7180000392797_236901_237200	HELPU_002987	-2.19651658562877	1.49374134160351	13.8464100395221	0.00134611521627338	0.0218486849352035
jcf7180000392797_272501_272600	HELPU_002989	5.68154149222808	2.04692894746211	17.9272007760402	0.000405649404969194	0.0110972443381941
jcf7180000392797_300301_300500	HELPU_002992	2.03193341073659	0.0347690654756689	10.1891608841668	0.00457135709900826	0.0449713009299411
jcf7180000420434_290501_290800	HELPU_003003	1.2437611843528	3.53671260445616	17.1471575295531	0.000503532704965414	0.0125065350403337
jcf7180000420434_316801_317000	HELPU_003005	4.16623302564987	3.20977633280086	15.3295402152546	0.000855241911425169	0.0168060081616203
jcf7180000420434_330301_330400	HELPU_003006	2.63316813763383	0.456430004164205	26.4582206419793	4.91748147372992e-05	0.00335915965019554
jcf7180000420434_345401_345500	HELPU_003008	5.18230607483053	1.80583338307822	17.0361339063084	0.000890942861431207	0.0172016594411346
jcf7180000413332_23501_23600	HELPU_003013	-6.54061174985963	0.77442870628132	28.6000782873045	8.06744356761238e-05	0.00439074004302156
jcf7180000413332_37601_37700	HELPU_003014	-7.61889304284336	-0.192062299259481	55.6173933758233	4.68927359845048e-06	0.000909216747405429
jcf7180000413332_154901_155300	HELPU_003021	-1.26679646778973	3.04241754648561	12.1264281697359	0.00234473175876632	0.0301582686006628
jcf7180000413332_241601_241900	HELPU_003028	-1.53835021310699	1.09994490469813	20.5424330527105	0.000201639314723544	0.00745706184613566
jcf7180000413332_249101_249500	HELPU_003029	6.51294666967365	-0.469027432589023	19.1839737178953	0.000464028476965539	0.0119695861465966
jcf7180000347549_154901_155600	HELPU_003044	-2.11466779894818	2.72578627187149	21.4780619160779	0.000159351835461629	0.00650736643509665
jcf7180000347549_162101_163300	HELPU_003045	-2.37832254511823	4.17609766965001	31.8658410874671	1.58052554259046e-05	0.00176783461200602
jcf7180000347549_281401_282000	HELPU_003055	0.953205159176976	4.91979047530229	12.1982073208898	0.00228688218126297	0.029699605646457
jcf7180000347134_24601_24900	HELPU_003059	-2.08302773435	3.22864367121006	16.2810678652065	0.000646370321334373	0.0144706825096796
jcf7180000347134_129901_130000	HELPU_003068	3.06823657105025	1.46923690508681	30.8946052837307	1.91981202937166e-05	0.00196107703329828
jcf7180000347134_235701_236000	HELPU_003079	1.13371008809334	2.9278086309199	12.1049579314508	0.00235884624138765	0.0302630573929816
jcf7180000347134_285201_285400	HELPU_003084	-1.53653894920726	2.2415695805505	11.9604505618872	0.00247815025462476	0.0311600186642049
jcf7180000392503_68301_68400	HELPU_003090	4.18872457589544	1.12764125295959	10.4665336779202	0.0041419934119914	0.0423787675237419
jcf7180000392503_81001_81200	HELPU_003092	-2.64692077136888	1.08154439393818	33.548534706717	1.13400872708567e-05	0.00148927426718462
jcf7180000392503_92001_92200	HELPU_003093	6.50197903487989	3.92423355740594	18.145961945484	0.000381931456336877	0.0106986725537074
jcf7180000392503_163101_163300	HELPU_003098	-3.66810150649648	0.0762394924473571	12.4179771701744	0.00212921254826279	0.0284863357728649
jcf7180000347527_29701_29800	HELPU_003099	4.00321162928359	0.191230680043682	14.8015537704448	0.00100263258634573	0.018407745380007
jcf7180000348922_3401_3600	HELPU_003118	-1.43707457662762	1.89967074244064	19.392794777479	0.000272263129172113	0.0088718442888943
jcf7180000348922_86301_87000	HELPU_003124	-2.20111887768475	5.64544508718332	19.6818603530236	0.00025277726022983	0.00849343335757127
jcf7180000348922_140401_140700	HELPU_003128	1.98800028168607	1.47879975135408	15.2872878371754	0.000866109193127891	0.0169181664481764
jcf7180000348922_177301_177500	HELPU_003132	4.49280663254929	-0.317503068635098	17.4666738823551	0.000461077567115266	0.0119228511331436
jcf7180000422192_156701_156800	HELPU_003138	3.89198746404922	1.46988296013285	10.8309188302708	0.00364445974023432	0.0393043357399071
jcf7180000422192_255501_256200	HELPU_003147	-1.32486580006092	2.37890733841641	22.0791280113529	0.000136871455300717	0.00593003296302084
jcf7180000392528_9701_9900	HELPU_003152	-3.10959485526304	1.88747839485049	12.8643583376056	0.00184049774179161	0.0261420423788071
jcf7180000392528_62701_62900	HELPU_003154	-1.60468851143853	0.411088532658664	14.9791413503194	0.000948706540388729	0.0178105242343791
jcf7180000392528_83401_83500	HELPU_003155	2.52402960457372	0.533058648559697	20.0848350021775	0.000227482206998975	0.00800061961003136
jcf7180000392528_174101_174300	HELPU_003163	-5.46368491323382	-0.0535313155108268	13.3386845362624	0.00196656003953451	0.027191066505331
jcf7180000392528_245401_245500	HELPU_003166	5.59343003659747	1.32516176431866	9.71993120586023	0.0054149152484137	0.0499477627804132
jcf7180000347661_108301_108400	HELPU_003180	2.25083331486476	1.90435468761289	19.7864934748853	0.000245923742411324	0.00838279634247949
jcf7180000347661_149201_149400	HELPU_003182	-4.24916369545871	1.00506693809613	21.4419977993131	0.000160800793949437	0.00654208609043463
jcf7180000347851_41801_41900	HELPU_003197	1.79025592500992	0.141673010855881	11.0014156900764	0.00343474154322638	0.0379231638270643
jcf7180000347851_113201_113600	HELPU_003202	1.88985084318972	2.26561741918401	9.95465062897429	0.00497312385587836	0.0473392139138474
jcf7180000347851_115001_115100	HELPU_003203	3.15884921746393	-0.338626083702509	15.2121154310509	0.000885111574219911	0.0171422077287775
jcf7180000347826_111401_111500	HELPU_003218	4.77038275628579	2.2187923490309	10.8936428778686	0.00356569837576273	0.0388213580916296
jcf7180000347826_144701_145100	HELPU_003220	3.63673077002042	1.6584410625246	17.113873074435	0.000509204873048779	0.0125917313453115
jcf7180000347826_184701_185000	HELPU_003224	-2.62923239555252	2.28507583053762	17.3473102516777	0.000476773994244781	0.0121549572629773
jcf7180000347826_200501_200600	HELPU_003225	6.97685256668149	1.17373968070056	14.0767724168911	0.00145562447097533	0.0228196990359804
jcf7180000348657_119601_119800	HELPU_003247	5.25794589108165	1.79951880589916	18.4327590754929	0.000353124782741154	0.0102453796174614
jcf7180000347526_112101_112300	HELPU_003259	-2.25116636004656	0.66184346150463	18.2696114669066	0.000369205411588238	0.0104817522474957
jcf7180000347526_135401_135700	HELPU_003262	1.79429673697144	1.18536456386612	10.2979973080464	0.00439725375327713	0.0439352635710018
jcf7180000347526_149301_149500	HELPU_003266	-2.09506601051098	1.5275836491213	20.2814276494108	0.000216166134589821	0.00775982518297276
jcf7180000347526_485601_485900	HELPU_003275	2.15527231519227	2.40165480415324	29.7815415134962	2.41068244323728e-05	0.00223819948190964
jcf7180000347526_505001_505400	HELPU_003277	-1.07169639818018	2.92935499949885	16.3500652674714	0.000632510793282392	0.0142850868128791
jcf7180000392412_64401_64600	HELPU_003283	1.48593794129651	0.166166811171784	10.2824263942656	0.00442170465650511	0.0441011073072216
jcf7180000392412_191301_191600	HELPU_003289	3.51556973802459	2.346766174176	22.9414184127764	0.000111134389305154	0.00525640938405148
jcf7180000392412_245501_245600	HELPU_003295	-2.97117200607949	-0.048615759273194	11.8886253100225	0.00390757423098134	0.0409121893576522
jcf7180000347183_267701_267900	HELPU_003306	-2.31125071499597	0.993257915016446	12.8807407687727	0.00183076005615347	0.0260836646507776
jcf7180000347183_294401_294600	HELPU_003307	-2.67899540267872	0.284712032244662	19.7021427793398	0.000251432459508343	0.00847327543206924
jcf7180000347183_366801_367100	HELPU_003310	-2.21563626772775	2.7700665165517	29.4391394353445	2.58834837360858e-05	0.0023350326286853
jcf7180000347183_466701_466800	HELPU_003314	7.39476383472427	1.57420593461792	33.9131088084511	8.0746228849182e-05	0.00439106349679137
jcf7180000347068_167701_167800	HELPU_003330	5.44250060530156	0.296594973075187	12.6540345141019	0.00349381504052304	0.0383270240872804
jcf7180000347068_179501_179700	HELPU_003331	-1.45616223972904	0.628712588279738	14.1673575953573	0.00121628749289537	0.020593405632665
jcf7180000347068_185601_185700	HELPU_003332	7.17905407475501	0.721031808187791	30.5139668235364	3.00994942298952e-05	0.00256977168763141
jcf7180000347068_200301_200500	HELPU_003335	-1.52486967691205	1.47785518649004	20.5930755394167	0.000199031606912328	0.00740690128764127
jcf7180000392949_19301_19400	HELPU_003340	7.11520424994524	3.97285613545973	19.0240262434495	0.000301006599900035	0.00936524194976835
jcf7180000392949_71001_71100	HELPU_003345	2.53033870158991	-0.0697830610600687	10.1736680540045	0.00459675726498401	0.045127446689319
jcf7180000392949_78401_78600	HELPU_003348	3.13518548742094	0.141873433096969	12.9802849051674	0.00177280336342795	0.0255855045632932
jcf7180000392949_94601_94700	HELPU_003349	1.41725688272507	0.609392025887225	10.2865023984228	0.00441126414617212	0.0440336229705457
jcf7180000392949_148801_148900	HELPU_003354	-4.12471626401602	1.15171488261112	16.729794674861	0.000567997291091567	0.0134265709412795
jcf7180000392949_210101_210700	HELPU_003360	1.23762187772015	1.79865090410376	14.7330169622467	0.00102223281916356	0.0186186922564831
jcf7180000420472_170901_171100	HELPU_003368	3.32756312086828	0.120232742943335	15.4478457827745	0.000977628597112807	0.0181371349300622
jcf7180000420472_196601_196800	HELPU_003370	1.76020548614215	2.43163366885642	27.3238403868789	4.05104331255269e-05	0.00300603156187702
jcf7180000420472_297201_297300	HELPU_003373	2.36170729265115	0.567846609646044	13.0606632416383	0.00172748601181178	0.0252242371485121
jcf7180000420472_391801_391900	HELPU_003378	4.38434698262843	0.829284171102742	18.0207721918553	0.000395311095585622	0.0109279729412589
jcf7180000417214_63601_63800	HELPU_003386	4.10029187711683	0.345801203890635	17.2647473564805	0.000487976013434533	0.0123079874603745
jcf7180000417214_160701_161800	HELPU_003396	-1.31440905495562	2.59293439972401	18.0463317100346	0.000391789375976567	0.0108588282205137
jcf7180000417214_178301_178500	HELPU_003397	4.89162954052607	2.03436957353691	13.8268351901819	0.00135439843863202	0.0219149799580442
jcf7180000347084_116301_116600	HELPU_003412	2.38697450364601	2.52417820457726	23.0075081331695	0.000109374133203962	0.00520739774787419
jcf7180000347084_119201_119500	HELPU_003413	-1.57133505979685	2.01130371006267	12.3712822406309	0.00216220321384256	0.0287411072921517
jcf7180000347084_263601_264000	HELPU_003419	-1.2600908417781	1.81616885428198	12.8203993252352	0.00186461747599236	0.0263312522701802
jcf7180000347084_310401_310500	HELPU_003425	4.2374408449761	-0.747747422893469	11.6035984566253	0.00360160562205805	0.0390502638063185
jcf7180000392812_73401_73500	HELPU_003434	5.71915583059792	-0.458091997432396	17.0969444644663	0.000774372589312377	0.0159022212258867
jcf7180000392812_89301_89400	HELPU_003436	5.8735945404437	1.0236405329851	15.9307464851391	0.000779120507605872	0.0159548973784248
jcf7180000392812_183901_184000	HELPU_003439	5.86023152597642	-0.69894237665391	10.9199387266428	0.00446554730380591	0.0443499763379755
jcf7180000392812_190601_190800	HELPU_003440	2.62079852040032	0.232804935415849	18.2997948406383	0.000366170474194101	0.0104338549952242
jcf7180000347659_52901_53000	HELPU_003449	5.01030391796144	-0.331199265415485	21.8834966188111	0.000144016668860349	0.0061168939617059
jcf7180000347659_58101_58300	HELPU_003450	1.99686363820447	1.76187374291666	10.0741512735938	0.00476369851787618	0.0461166010538318
jcf7180000347659_216301_216400	HELPU_003463	5.81052449178991	-0.238608238941018	12.2602883093832	0.0032039840977748	0.0363347805825451
jcf7180000373255_106201_106300	HELPU_003470	4.87513397622951	-0.625594100012814	11.955424778735	0.0030002900199376	0.0349193039228227
jcf7180000373255_154301_154600	HELPU_003474	5.78891690252466	2.5910401441749	23.7034685015285	9.25927375938346e-05	0.00473505803442051
jcf7180000373255_205401_205500	HELPU_003478	2.90171999731757	0.849247439537417	16.0121044585738	0.000834230453435714	0.0165691605138332
jcf7180000373255_224901_225100	HELPU_003481	1.55323215157011	0.176523705789544	10.0247071208254	0.00484487124061587	0.0465796836343945
jcf7180000373255_250501_250700	HELPU_003483	5.69569527753081	2.41261320350372	31.301848476017	1.76865371186186e-05	0.00187417749436722
jcf7180000353462_40701_40800	HELPU_003490	5.24975543250333	-0.194776797478403	17.488235333062	0.000623113679533764	0.0141683251542113
jcf7180000353462_103501_103600	HELPU_003497	-4.76151169749695	-0.363878088896301	10.2961240350025	0.00513906440417591	0.0483245830628659
jcf7180000348293_156401_157000	HELPU_003512	4.01051595917585	3.66533055688077	24.0320355546068	8.56740346788194e-05	0.00453257420224422
jcf7180000347315_120101_120300	HELPU_003516	-2.11858184291701	1.01953182441782	21.4489843957784	0.0001603022628529	0.00653127969305373
jcf7180000347315_161401_161600	HELPU_003519	6.71796436790933	2.35911049866691	28.0296720260159	4.90113174151936e-05	0.00335279785366173
jcf7180000347315_297101_297200	HELPU_003530	4.49952653512551	2.11243415533353	13.1980736968025	0.00165295358695883	0.0246165724042976
jcf7180000347315_360201_360600	HELPU_003533	-1.76493695376022	0.981741063801292	11.0997704764862	0.00331987210693439	0.0371561819307946
jcf7180000413273_101101_101400	HELPU_003543	3.23249189711326	0.162308460092294	12.5860521041207	0.00201499853525902	0.0275660307330867
jcf7180000413273_133201_133500	HELPU_003544	-3.83972859263842	0.946044609075535	17.8934838766317	0.000409447492638193	0.0111639045191699
jcf7180000413273_202201_202300	HELPU_003548	2.9636995822484	0.408278653952495	16.8618587656543	0.00054697619105043	0.013153282635715
jcf7180000413273_276401_276500	HELPU_003551	5.96158239021861	3.44084570298355	25.401060581132	6.23916875859449e-05	0.0038152570239495
jcf7180000413273_290701_291500	HELPU_003552	1.83207595957945	3.692269119845	12.7932459551126	0.00188343659778334	0.0264858000353228
jcf7180000413273_297001_297100	HELPU_003553	5.99726925283412	1.58781110837651	14.8157620095826	0.00107841207325218	0.0192005430804543
jcf7180000413273_318801_318900	HELPU_003556	8.81036478373437	1.29530185498706	16.2386566482609	0.00123576716850272	0.0207696915134801
jcf7180000413273_324301_324600	HELPU_003557	-2.91013131913159	0.393808289055999	24.9600770718601	6.90247188547345e-05	0.00402412846476797
jcf7180000417128_167201_167300	HELPU_003563	4.6964780707277	0.498632543465319	25.5474447829481	7.00318279872838e-05	0.00405888433729538
jcf7180000417128_172401_172500	HELPU_003565	4.30800134404888	1.10788591092755	20.7330843892701	0.000192448254476236	0.00727208129087926
jcf7180000417128_317601_318000	HELPU_003570	-1.70091449414364	1.78582645468508	9.81243966046517	0.0052357888424267	0.0489190894168532
jcf7180000417128_381801_381900	HELPU_003576	7.78269171350845	4.20465316808321	19.2790887230275	0.000313014510983332	0.00956941053873656
jcf7180000396137_26201_26300	HELPU_003580	3.34782865948944	-0.260812987419118	14.2206853854132	0.0011980430374753	0.0204099133465139
jcf7180000396137_152901_153400	HELPU_003592	-2.50076304795063	2.59360671734081	13.5796307514035	0.0014640034710234	0.0228954475672847
jcf7180000396137_207401_207600	HELPU_003594	-4.45173664754516	-0.109224989247863	13.0446990187179	0.00173638361133134	0.0253005948746187
jcf7180000396137_224901_225200	HELPU_003596	-1.48734976031938	1.86930272641697	25.9366520439681	5.51013797724053e-05	0.00356345064440522
jcf7180000350536_10501_10600	HELPU_003597	5.58057700892386	0.724231925676333	14.716448741015	0.00111073147328345	0.0195359830333534
jcf7180000350536_100701_101100	HELPU_003607	2.41245628468127	1.31659129013076	29.9139850675183	2.34421792352022e-05	0.00219140766050955
jcf7180000350536_154101_154200	HELPU_003612	3.85146663311623	-0.193918684874496	10.1852390243356	0.00457777213821405	0.0449980280803128
jcf7180000347158_15201_15300	HELPU_003617	3.77980385439191	-0.295935264501892	10.5163317689212	0.0050849832691785	0.0480211552863656
jcf7180000347158_95501_95600	HELPU_003621	4.34397033811823	-0.128537889811427	16.4470908252359	0.000616061024042679	0.0140782280942614
jcf7180000347158_129701_129900	HELPU_003624	2.7213512752831	1.45111211653373	13.3598842851342	0.00156971392661541	0.0238417886763534
jcf7180000347158_150601_150700	HELPU_003628	2.76383180651053	1.19491177282722	11.6427180161691	0.00275766600814332	0.0332073489327531
jcf7180000347158_226901_227000	HELPU_003630	4.02561065198058	0.292102523498145	39.0420370974386	4.18256683974262e-06	0.000852062640260995
jcf7180000347158_271901_272300	HELPU_003632	-1.8811923070801	0.834285055444503	18.1314877364801	0.000382717011685441	0.0107093088614719
jcf7180000347158_301101_301400	HELPU_003633	3.23436121737846	0.647995237305468	33.4088767112698	1.16935965173076e-05	0.00151692109133282
jcf7180000347158_315601_315800	HELPU_003634	-1.43744088221103	2.82390928088499	19.9365559207291	0.000236135646243764	0.00819031542100541
jcf7180000347158_384601_384800	HELPU_003639	-3.66926060422145	1.28690394080989	33.7049506125736	1.10481558319338e-05	0.00146639950438985
jcf7180000347158_413201_413500	HELPU_003640	-4.54461112226689	1.66216989162415	21.2135053323583	0.000170325619816967	0.0067587821855346
jcf7180000413301_44101_44200	HELPU_003645	6.96298435610974	0.396123661354685	21.467014313661	0.000322959069896942	0.00973892621420178
jcf7180000413301_68701_68800	HELPU_003646	5.31400066246964	0.0736508638158398	14.6246805245141	0.00148918852503184	0.0231200701685307
jcf7180000413301_119501_119800	HELPU_003651	-2.34935649915737	2.33779824628856	19.3208333170236	0.000278092550433484	0.00896591793595357
jcf7180000413301_199401_199600	HELPU_003654	-4.81148256104056	1.58737863935408	20.3664759780504	0.000211464293669473	0.00766878719619754
jcf7180000413301_253301_253600	HELPU_003659	1.83757490821528	1.28006933875759	33.0251598785308	1.25447595120642e-05	0.00157483443972077
jcf7180000413301_284201_284300	HELPU_003660	6.9139612876211	2.40786806502318	13.7294293399143	0.0019144624179128	0.0267473075238179
jcf7180000347469_62101_62300	HELPU_003665	3.58134182751523	1.18296993077055	11.466612389882	0.0029275223257984	0.034427715438145
jcf7180000347469_82301_82700	HELPU_003667	-1.6443375915553	0.756417418713029	14.2163016416144	0.00119804042066651	0.0204099133465139
jcf7180000347469_137701_137800	HELPU_003670	4.04192153243758	0.685421911286752	14.9298734242994	0.000964390405216861	0.0179995130768963
jcf7180000347469_148701_148800	HELPU_003671	5.17663553966963	0.207832237560669	12.2740161803832	0.00253133087733717	0.0315208029390077
jcf7180000347469_227201_227400	HELPU_003676	-8.1705168423896	0.943882733895061	26.3788823632995	9.88996484160776e-05	0.00493138653537287
jcf7180000347754_17401_17500	HELPU_003681	-3.24655339416334	-0.266418270596311	10.9952650517543	0.00383599923733083	0.0405078848964941
jcf7180000347754_52701_52800	HELPU_003684	3.5909031128187	-0.189842606324666	15.5257024245874	0.00080672429832693	0.016258063864597
jcf7180000347754_130101_130500	HELPU_003690	-1.66512904471971	1.10190672501651	10.6216851648	0.00392148097540722	0.041008325350236
jcf7180000347754_194001_194100	HELPU_003693	2.38510828718065	0.871880670615845	33.9303267605511	1.05417141736017e-05	0.00142981959342296
jcf7180000422180_119501_119800	HELPU_003703	-1.40728047512865	4.32632378385117	19.131168029144	0.000292190113884907	0.00922279913334874
jcf7180000422180_243801_244000	HELPU_003708	5.57657863496786	2.17769572490052	13.0414104882801	0.0017382227548472	0.0253131073363987
jcf7180000422180_276801_276900	HELPU_003709	5.37274739155539	1.12048486091046	11.3589928723572	0.00419466099368754	0.0427126511585531
jcf7180000422180_404901_405200	HELPU_003712	-3.18667220462835	0.68173945047703	10.524391910627	0.00405819121086612	0.0418846514499711
jcf7180000422198_26001_26100	HELPU_003714	4.72590006421599	0.320494552994798	20.7739328950138	0.000214136861848625	0.00772509352802022
jcf7180000347506_21401_21500	HELPU_003733	7.5306634373382	-0.226457784735453	48.652218450581	2.30630990250496e-05	0.00217095613291831
jcf7180000347506_170601_170800	HELPU_003740	-1.17260178712893	2.28148282757993	13.0618504608742	0.00172465129378548	0.0252072611177779
jcf7180000347506_180101_180400	HELPU_003741	-3.72176772352667	1.55531192776776	107.327508375182	1.69077276658885e-09	1.46751236541082e-05
jcf7180000347506_199401_199500	HELPU_003742	5.39597246388105	0.983868780698339	16.5426198151819	0.00155223312703194	0.0236893370564992
jcf7180000347506_268401_268700	HELPU_003749	3.67904904886455	3.39688819305024	13.7033011979817	0.00140799148591029	0.022385967790599
jcf7180000415687_118601_118700	HELPU_003760	4.75523313131565	-0.450137887150078	10.5630851729305	0.00536864485807705	0.0496873736837416
jcf7180000415687_155701_155900	HELPU_003764	3.39550919289948	-0.354829588655116	12.1405800252503	0.00233372951314138	0.0300802422491471
jcf7180000415687_181101_181400	HELPU_003767	4.41854293042844	2.67463519943353	11.4540839259863	0.00294004096653389	0.0345055158336981
jcf7180000347552_69801_69900	HELPU_003781	5.03803126572502	1.61532535449055	20.1673411577481	0.000222655389317319	0.00789728477268004
jcf7180000413325_37601_37800	HELPU_003802	-2.72967757320051	0.283696232843698	10.7819838863637	0.00370724730653956	0.0396807071849853
jcf7180000413325_57301_57500	HELPU_003803	-2.72967757320051	0.283696232843698	10.7819838863637	0.00370724730653956	0.0396807071849853
jcf7180000413325_119601_119700	HELPU_003807	3.54065407544998	-0.133044143191607	11.5345378513515	0.00286067047887723	0.033941148388773
jcf7180000413325_144001_144100	HELPU_003810	2.29913957999621	1.76417512168323	30.3786051646747	2.13033296597285e-05	0.00207475307869672
jcf7180000417166_86801_86900	HELPU_003817	3.78032088083734	-0.246023124480931	12.2141380232164	0.00227745579621538	0.0296282341528175
jcf7180000347504_37001_37100	HELPU_003835	2.94021759037295	-0.497404806784129	10.1254763932913	0.00467677393029983	0.0456235934244062
jcf7180000347504_85901_86000	HELPU_003838	-4.44711990537831	0.382306869921873	52.2421472562564	5.33316714875955e-07	0.000261806875939691
jcf7180000347504_135901_136100	HELPU_003843	-1.96977020428285	0.968111702335904	19.8905910783228	0.000239023601621717	0.00823874959159436
jcf7180000347577_106201_106300	HELPU_003850	6.58443979176635	3.50002784144739	14.633818316607	0.00113844272845886	0.0197960621287207
jcf7180000347577_143001_143300	HELPU_003853	3.85204762731453	1.63225292953008	17.2074833523831	0.000495916103946957	0.0124097918683855
jcf7180000347577_162401_162700	HELPU_003855	1.52456243367149	1.22133996841213	11.3234591029905	0.00307415869740561	0.0354292058593247
jcf7180000347577_221201_221600	HELPU_003859	1.22612611729861	3.18485669842802	13.7647846143631	0.00137995134401431	0.0221642642074798
jcf7180000420408_13601_13800	HELPU_003862	3.46523900797137	0.145573107099675	32.7224135918876	1.62221493267168e-05	0.00178916502318195
jcf7180000420408_48301_48900	HELPU_003864	-1.60054251581417	2.51796316679208	11.2978960102812	0.00310119123558247	0.0356315912386393
jcf7180000420408_55701_55900	HELPU_003865	6.60681384361189	3.14266573279394	12.2342533783226	0.00256348026930355	0.0317595900815696
jcf7180000420408_119301_119400	HELPU_003867	-9.12367315881853	0.825007942571611	87.1573714054958	7.31843825115566e-07	0.000314272610639245
jcf7180000420408_163401_163600	HELPU_003872	-1.85225179304004	1.23949586830151	21.0337205541497	0.000177908627392759	0.00694213616427263
jcf7180000420408_263001_263100	HELPU_003875	4.52905546551977	-0.318860000111865	11.1345833669046	0.00366242799772063	0.0394086278261065
jcf7180000347888_132001_132200	HELPU_003883	-3.59072334837279	0.376385638439919	13.3581375111966	0.0015705873609302	0.0238474674527754
jcf7180000348380_33001_33500	HELPU_003900	-2.23446944937297	2.89374803087618	34.2604344199544	9.94042595394265e-06	0.00138213902170385
jcf7180000348380_68201_69300	HELPU_003902	0.879969712492324	3.9773393201976	12.7232597280889	0.00192443714050507	0.0268294357188341
jcf7180000348380_76201_76300	HELPU_003904	3.02891055557288	-0.166077709934488	10.8738464642477	0.00359035050713765	0.0389767531981759
jcf7180000348380_97801_97900	HELPU_003907	5.0736802945623	0.970539947816079	14.1063957083504	0.001334501923446	0.0217316153520307
jcf7180000348380_147501_147600	HELPU_003913	7.0152151517078	3.85191265560161	12.1662710704677	0.002313902060963	0.0299254250139266
jcf7180000392869_59501_60200	HELPU_003921	-1.96363778896969	2.49977252605239	35.878461549616	7.32270961627507e-06	0.00116265063595389
jcf7180000392869_121501_121800	HELPU_003926	-2.38969304336193	1.59592542166566	16.4038227522664	0.000623805902311758	0.0141771683870071
jcf7180000392869_139201_139600	HELPU_003928	1.35882743593555	2.16938950725974	9.91032969414186	0.00505338029995087	0.0478236154535615
jcf7180000392869_162301_162500	HELPU_003930	-1.60826084854095	2.46301646558784	14.0152059042988	0.00127696831332229	0.021158067812246
jcf7180000347389_82001_82100	HELPU_003937	2.65091999899643	-0.194264432559535	14.0576042840928	0.00135445632147101	0.0219149799580442
jcf7180000392500_59201_59300	HELPU_003954	6.19928234594282	-0.262436799367314	15.660997125354	0.00163042306651325	0.0243991086090009
jcf7180000392500_95801_95900	HELPU_003957	-3.31824961253265	-0.281381526944175	11.4138110580558	0.00298068598345713	0.0347909427404583
jcf7180000392500_328101_328800	HELPU_003971	1.12290432233931	3.60731375086751	11.947368728492	0.00248720284946477	0.0312155836720553
jcf7180000392485_52501_52600	HELPU_003977	6.86519154747627	3.29525415515152	22.5969739546351	0.000120828856914566	0.00550880249024496
jcf7180000392485_56101_56200	HELPU_003978	3.24982861581886	2.14388161793611	13.9724995787266	0.0012940837913294	0.0213288912287407
jcf7180000392485_116401_116600	HELPU_003982	4.83258220520247	2.14859580293931	10.3234785014906	0.00435756399387131	0.0436972300554066
jcf7180000417125_311001_311300	HELPU_003999	-2.00778118651939	0.619722698638836	17.2502696268601	0.000489393814279734	0.0123238070718788
jcf7180000417125_313801_314200	HELPU_004000	2.04964258218148	2.31128067286899	12.8878325298957	0.00182656242594165	0.0260416523631254
jcf7180000347505_3501_3700	HELPU_004009	4.14944550462266	-0.0545834955475175	12.8775834422012	0.00245072192963763	0.0309433596205906
jcf7180000347505_80001_80100	HELPU_004015	6.51099470774543	-0.237112616443777	29.6788389974292	6.67881909010163e-05	0.00395410110690479
jcf7180000347505_244701_244900	HELPU_004023	5.31064760272757	1.98787387943967	17.7937282875808	0.00051487808858415	0.0126707609140727
jcf7180000347761_74501_74600	HELPU_004036	7.4896713543859	0.319845235664131	13.0272501713713	0.00256741443962289	0.0317863527369859
jcf7180000351995_200301_200500	HELPU_004059	-6.17742311482261	-0.669380457435353	10.6553233162056	0.00486127869026036	0.0466868653574829
jcf7180000347637_47801_48000	HELPU_004064	-4.47310646953694	0.756278113052501	19.7114230616526	0.00031505391423037	0.00960020109481339
jcf7180000347637_65001_65100	HELPU_004066	7.40211847977244	6.46440372423451	23.5688575176316	9.56032233787153e-05	0.00482854998885468
jcf7180000347637_105301_105400	HELPU_004070	4.24176926844983	0.0827331659515341	11.6572182789672	0.00290309997958849	0.0342486091868568
jcf7180000347637_123901_124000	HELPU_004071	5.43692326269103	0.97444415785288	14.038578517287	0.00175374916652788	0.0254446472125685
jcf7180000347637_130701_131200	HELPU_004072	3.25380945845154	2.65396842948153	10.89163655173	0.00356818824788558	0.0388351808822101
jcf7180000347637_169401_169600	HELPU_004075	-2.00802308557071	0.34169532939174	14.6886506439348	0.00103705507161767	0.0187848809501204
jcf7180000413263_210701_211100	HELPU_004088	-2.07662612791099	1.88840423803725	15.339581201894	0.000852681592489475	0.0167718054176612
jcf7180000413263_213901_214000	HELPU_004089	8.34446301005534	0.479548786182062	42.2988714633378	5.35133583450927e-06	0.000986336595283775
jcf7180000413263_233501_233600	HELPU_004091	4.09050908924408	-0.221761137614439	10.5317903296508	0.00448327009288348	0.0444735610893654
jcf7180000413263_307501_307600	HELPU_004094	4.09093208309863	-0.167802708750843	15.5700465984518	0.00079618301630878	0.0161507303691413
jcf7180000413263_406901_407000	HELPU_004097	4.69887392679671	0.243524708624772	25.4943736591369	0.000117750188228435	0.00543366098029854
jcf7180000417112_136001_136300	HELPU_004107	1.12358935597352	0.980964435791778	10.4740830921762	0.00412708952557331	0.042290199433024
jcf7180000417112_425701_426000	HELPU_004119	-1.21311494084408	1.12164995813879	10.0824391284273	0.00474679389461883	0.0460189665243017
jcf7180000347322_22901_23100	HELPU_004121	5.49162469429973	2.09639389117367	17.1930812411124	0.000497935444047106	0.012440871897425
jcf7180000347322_160201_160300	HELPU_004129	4.81587606085342	-0.448840399008473	10.0277745651768	0.00532982140352862	0.0494764010970316
jcf7180000347322_180701_180900	HELPU_004130	-1.34855497947877	2.89379167927832	10.851185439509	0.0036188022619405	0.0391524769766878
jcf7180000347322_234101_234200	HELPU_004136	4.57809857200822	0.451618491448092	22.1260144434833	0.000135626051473461	0.00589751981864109
jcf7180000413259_209001_209100	HELPU_004149	-5.16991575271826	0.772215239115666	71.5445470240691	6.9904913945008e-07	0.000304758824756877
jcf7180000347366_301601_301900	HELPU_004167	1.94094568659437	0.40333586259132	18.3954959462981	0.000356273866796998	0.0103014793907797
jcf7180000392710_11201_11300	HELPU_004173	-5.38213951740198	0.653747010452077	21.3094316481419	0.000245170523564271	0.00837373651473358
jcf7180000393138_95901_96100	HELPU_004191	-1.5090734859825	1.72111609494031	13.2079016125021	0.00164776083777231	0.0245635054377334
jcf7180000393138_127701_127800	HELPU_004194	4.42755593796313	0.379030657707763	23.7220774554215	9.21848453864654e-05	0.00472347561887462
jcf7180000393138_148001_148600	HELPU_004195	-2.20551310399736	3.51204015809847	11.8790867466758	0.0025466085610819	0.0316271712407322
jcf7180000393138_169301_169500	HELPU_004196	7.93530188155703	6.01208752496876	42.7289587310525	2.25120014308992e-06	0.00058459157151842
jcf7180000393138_191401_191600	HELPU_004197	2.9110364948999	-0.0593836639856958	11.59359840992	0.00280391701653438	0.0335541065090826
jcf7180000347900_85201_85400	HELPU_004208	7.21034370823905	3.38161446707136	23.2565540238692	0.000103011835852358	0.00504451549114094
jcf7180000347900_207601_207800	HELPU_004216	1.80588354255068	2.54973166224026	21.3977519871399	0.000162598351568005	0.00657618724153756
jcf7180000347900_217001_217100	HELPU_004217	-2.93154094683786	0.375194200503811	20.4636010257756	0.000261745291450453	0.00866615635120552
jcf7180000347339_6601_6800	HELPU_004220	1.12424373127187	1.33143110870063	13.3791214576451	0.00155810182735315	0.023733377584731
jcf7180000347339_40901_41100	HELPU_004224	-2.02633340080914	-0.323986960373418	13.7982489863403	0.00136474590265319	0.0220227591455635
jcf7180000347339_235701_235800	HELPU_004235	6.51176618578397	-0.336092937323627	14.3018552552036	0.00162884147059029	0.0243893656697562
jcf7180000347339_256601_256700	HELPU_004238	-1.89222129371766	0.470369998862119	13.4248966499292	0.00153758512070785	0.0235636531970963
jcf7180000347339_264701_265000	HELPU_004239	-2.59955175789687	2.95870773067568	22.9978509079096	0.000109629418704287	0.00521262043678832
jcf7180000347937_25101_25300	HELPU_004241	-5.53881510492904	0.914733180219697	13.4445370296106	0.00152802256873381	0.0234746122460814
jcf7180000347937_35101_35300	HELPU_004242	4.30264466960934	0.463574719545909	13.0360630964626	0.00174121794227021	0.0253379859187898
jcf7180000417131_49501_49700	HELPU_004259	1.87423751609902	2.06633025429777	13.7322614822181	0.00139522027196797	0.0222945256378548
jcf7180000347741_59101_59500	HELPU_004280	2.78713458418402	2.62269977130503	19.9179661574357	0.000237601195529967	0.00821329925561934
jcf7180000347741_151601_151800	HELPU_004289	-1.50195192862083	0.46836363013719	12.852242112374	0.00184545860159262	0.0261800205776566
jcf7180000347548_27001_27300	HELPU_004299	2.36156206935417	3.56505437264555	13.0647719226201	0.00172520422698652	0.0252079085488336
jcf7180000347548_57901_58100	HELPU_004301	3.10477294145387	0.349837617001929	27.0752305909932	4.29082330936944e-05	0.00311377666083801
jcf7180000347548_57901_58100	HELPU_004302	3.10477294145387	0.349837617001929	27.0752305909932	4.29082330936944e-05	0.00311377666083801
jcf7180000347548_78701_78900	HELPU_004304	1.51476332032414	1.27692220506858	15.2034522801465	0.000886762242265578	0.0171593466264966
jcf7180000347548_161901_162200	HELPU_004307	-1.36647078114423	2.16905311883777	10.1620558176203	0.00461589804830494	0.0452408236477497
jcf7180000347548_233101_233400	HELPU_004314	-4.10395920599116	1.29944865071301	13.3066932100513	0.00159655361584086	0.0240932715706689
jcf7180000347490_26601_26900	HELPU_004336	-1.13768078818052	2.00682069464993	11.8866940573381	0.0025372993443925	0.0315668483714765
jcf7180000347490_74101_74200	HELPU_004338	6.73817232237132	-0.153557447288205	10.8525850854083	0.0049028412370549	0.0469165477417454
jcf7180000347490_107001_107200	HELPU_004340	-3.94003339650965	0.915844626688454	37.5985348069136	5.389171376247e-06	0.000990943818001809
jcf7180000347490_186001_186200	HELPU_004345	-2.69403070199805	0.689122927101865	12.5427348204995	0.00204377112939582	0.0278148452570302
jcf7180000417158_142901_143000	HELPU_004354	2.99326088702989	-0.505409599862019	11.9881792719565	0.002967277920571	0.0346939360573315
jcf7180000347406_76601_78300	HELPU_004372	1.63873489794251	5.06739614334584	13.9968554750992	0.00128429177313804	0.0212351116841546
jcf7180000347406_143101_143300	HELPU_004377	-1.41052763997916	2.24994675127406	17.1811576234269	0.000498717908485739	0.012452817921179
jcf7180000347406_312801_313100	HELPU_004390	-1.58320617551454	2.70783107471295	21.5100912383824	0.000157891115891439	0.00648198814413167
jcf7180000393217_111501_111700	HELPU_004394	7.48081257176653	4.02989174779781	27.6448625576067	3.78968887556346e-05	0.00290854559367903
jcf7180000393217_121201_121500	HELPU_004395	-2.44377306783515	0.859542295774098	13.2417701734991	0.00163000362606137	0.0243978390782755
jcf7180000393217_190601_190700	HELPU_004403	4.32932256217779	-0.309144970918482	18.3372836402162	0.000362439249026915	0.0103822769057938
jcf7180000393217_253101_253200	HELPU_004406	5.27333163018402	-0.171362277946282	19.848844093088	0.000460384418496163	0.0119151960851709
jcf7180000348865_57301_57400	HELPU_004416	4.03274523753274	0.362685463620205	12.0947686880796	0.0025139369782266	0.031401135007741
jcf7180000417361_42301_43400	HELPU_004430	0.965223199634853	3.72234472056491	10.8783270665792	0.00358122524518071	0.0389184985400472
jcf7180000417361_103901_104100	HELPU_004433	2.92183159257943	-0.0468186622405148	10.6581329052834	0.00387158945640397	0.0407005697353836
jcf7180000417361_172801_172900	HELPU_004435	-2.81457275134511	1.61226042034666	23.021057604278	0.000109017061508155	0.0051999050585506
jcf7180000414193_41301_41600	HELPU_004444	-1.45673974545416	1.06444750949023	11.407291974409	0.00298583611873322	0.0348175744811464
jcf7180000414193_100001_100200	HELPU_004447	3.77296817791041	-0.137836995594311	10.4552003517693	0.00436562228598687	0.0437336350905275
jcf7180000414193_108101_108400	HELPU_004448	-3.55596118376364	1.46224592389042	15.7547552891488	0.000753882985553811	0.0157020334372097
jcf7180000347248_248301_248500	HELPU_004465	1.97737921435044	1.21669821951652	10.2020807026433	0.00455029448867042	0.044871142308972
jcf7180000347248_297401_297600	HELPU_004466	-2.17548609840286	0.815273476046683	16.425061254493	0.000619990908442115	0.0141356814339057
jcf7180000392549_19201_19800	HELPU_004469	-2.88151158193362	2.49253382106394	23.5367352910875	9.63374559228459e-05	0.00485597471031347
jcf7180000392549_83501_83600	HELPU_004473	6.57768100268589	0.64288115662252	29.0601085954039	7.43869598980016e-05	0.00421363635710896
jcf7180000349196_36501_36600	HELPU_004483	2.64679101019442	-0.288515263545333	18.5406823202271	0.00034223662166348	0.0100566267086912
jcf7180000349196_98001_98100	HELPU_004485	-3.23248546452586	0.939451101332911	15.4828412716193	0.00081705978347982	0.0163887253895681
jcf7180000349196_107001_107100	HELPU_004486	-1.50084424224735	2.70621773264924	9.92554985093297	0.00502565851312746	0.0476574929029672
jcf7180000347924_173901_174300	HELPU_004508	5.51769642360523	1.98647023449175	13.3772109706009	0.00156107916111187	0.0237585133304883
jcf7180000347059_155901_156000	HELPU_004521	2.90159553250409	-0.00685939890940987	15.2432686349391	0.000877593457049042	0.0170464005766304
jcf7180000347059_261101_261200	HELPU_004526	7.76329636621365	-0.0257424685772369	19.633641317036	0.000673621111582559	0.0147781306776392
jcf7180000347059_272101_272300	HELPU_004527	1.5771470502036	1.13720122691707	11.4098505644526	0.00298267109058359	0.034794978421056
jcf7180000351905_24201_24300	HELPU_004537	7.70636479116421	-0.18633024084637	16.7462210952075	0.00268607194837579	0.032697132594876
jcf7180000421060_49601_49700	HELPU_004552	7.35388054673453	-0.390118172541472	17.1391748026071	0.00163327348601576	0.0244289099101325
jcf7180000421060_80201_80700	HELPU_004556	-5.30423313704964	3.13025572684111	21.4552678078112	0.000160265958448529	0.00653072950356194
jcf7180000421060_125101_125300	HELPU_004562	5.6566989773099	2.63096912787779	22.8493213497744	0.000113639633046424	0.00532986068029934
jcf7180000421060_183201_183300	HELPU_004565	2.1391528485443	1.87308076483136	10.6520885617086	0.00387981431137853	0.0407436690656359
jcf7180000347422_44501_44700	HELPU_004580	1.61500422654227	0.452820825969545	20.0072437995258	0.000324069021802536	0.00975128587321639
jcf7180000347422_174401_174600	HELPU_004590	-3.3473214496475	0.88470614112794	34.8042410527688	8.97334266704753e-06	0.00129506195338583
jcf7180000348415_83601_83700	HELPU_004597	3.71940917913385	0.638412470867492	14.1490800025916	0.00122491724935309	0.0206752485885396
jcf7180000348415_91901_92200	HELPU_004598	-1.3631430069986	1.24195781008692	12.3159000957606	0.00219950293247298	0.0290303333813611
jcf7180000348415_156201_156400	HELPU_004606	7.21246664568064	3.72904891867274	25.3928500479658	8.48256936423225e-05	0.0045135368665966
jcf7180000348415_162601_162800	HELPU_004607	4.2186712413498	1.13950332335641	10.9846007779512	0.00363906026651314	0.0392727158695818
jcf7180000350769_301_500	HELPU_004612	6.88365197835562	1.07785585393157	17.7087489655409	0.00120659754455349	0.0204886243119411
jcf7180000350769_51201_51600	HELPU_004616	-2.14325003934645	0.984676020428272	13.7882396816024	0.00137089605284243	0.0220683530949646
jcf7180000350769_88001_88300	HELPU_004619	-1.41118165088772	1.77940742050932	12.6295993269791	0.00198413195347858	0.0273107291575285
jcf7180000420427_116501_116600	HELPU_004648	4.96001399006113	-0.191711714899405	10.3621854861519	0.0050265238200777	0.0476590465825878
jcf7180000420427_164201_164500	HELPU_004651	3.16630326267444	0.189050161752962	28.2390013868969	3.33463387196098e-05	0.00271139892543312
jcf7180000420427_219601_219700	HELPU_004654	-7.10801975973335	0.701199094119539	12.769970662208	0.00233329039171132	0.0300786429194247
jcf7180000420427_248001_248300	HELPU_004655	3.92601519177247	3.74576849896419	27.2444102391577	4.1347590744092e-05	0.0030469005689185
jcf7180000420427_262801_263200	HELPU_004658	-4.3047704718124	1.15665360234292	10.5448525316882	0.00402900777104974	0.0417097109187708
jcf7180000420427_339801_339900	HELPU_004662	-6.56249902259921	-0.15773072269429	25.8271648343511	9.1757992523826e-05	0.00471087408578991
jcf7180000349287_78901_79000	HELPU_004670	3.99657167740327	-0.803103250383473	14.6650881086415	0.00146973921663545	0.0229513136300971
jcf7180000349287_151701_152800	HELPU_004677	-1.92657933660409	1.62724325924521	12.3619572603891	0.00216885903875845	0.0287975054651616
jcf7180000348078_124201_124700	HELPU_004684	1.92187503163388	2.08152805677644	12.3072860083824	0.00220834078192161	0.0290794040444689
jcf7180000348078_150501_151000	HELPU_004686	1.62094255090934	2.87440800364358	14.2649952991985	0.00118174000157054	0.0202403102582314
jcf7180000348078_161301_161400	HELPU_004687	7.79135880397911	3.47130711578985	15.5419373778652	0.00146725100961587	0.0229300684676554
jcf7180000347140_69701_69800	HELPU_004701	-1.84824616929739	0.233094644034319	11.1522075986081	0.00325821028038016	0.0367229133112363
jcf7180000347336_72701_72900	HELPU_004715	2.8940414329803	-0.229185512975379	19.5995347020647	0.000257772743676263	0.00858441348263863
jcf7180000347336_84801_84900	HELPU_004716	4.14940425185011	-0.305575292090466	15.1989339508791	0.000889330369612563	0.0171856407183494
jcf7180000350109_15801_16100	HELPU_004746	1.11887144381698	3.95523247838591	14.5217505775397	0.00109038848938434	0.0193157711577023
jcf7180000350109_44101_44300	HELPU_004748	4.22515788281804	-0.140865026174289	18.8946320496657	0.000436627035618729	0.0115873039869513
jcf7180000350109_86301_86600	HELPU_004755	-2.96443578278969	-0.634771538143031	10.6795024023428	0.00426143204206081	0.0431059893880263
jcf7180000350109_96801_97100	HELPU_004756	-3.67076685822257	-0.314054642211442	16.4720537355614	0.000734603897427898	0.0154850154937136
jcf7180000420550_44401_44600	HELPU_004761	-6.50147000012362	-0.665595055880011	13.4982925176549	0.00364506660447536	0.0393059819411213
jcf7180000420550_105601_105800	HELPU_004765	3.91468086051134	1.05712130616219	17.3891871125283	0.000471200957440987	0.0120752148731278
jcf7180000392502_185201_185400	HELPU_004786	2.09931898960648	0.388152664877269	10.8546110802893	0.00361448524032951	0.0391241992419356
jcf7180000349666_38101_38300	HELPU_004793	2.07618377706989	0.339515851223683	10.4943529997114	0.00410146239524131	0.0421327952019991
jcf7180000349666_48901_49000	HELPU_004794	2.94094906865535	1.21585183870797	11.5807374710684	0.00281616845002518	0.0336374762566874
jcf7180000349666_66901_67300	HELPU_004797	-6.66096405461693	2.22464649519224	23.752190176954	9.15289894499397e-05	0.00470755501188326
jcf7180000349666_136801_137200	HELPU_004802	-1.4527052368086	3.52053199437873	20.5284804468417	0.000202574062390889	0.00747426007579997
jcf7180000350538_8801_8900	HELPU_004805	-3.46018117891816	0.250691666836804	17.5236406006788	0.000453788212925772	0.0118182575435252
jcf7180000350538_51101_51200	HELPU_004808	3.77341700716599	1.17564682106604	13.5299278577	0.00171515827333213	0.0251160374804431
jcf7180000413260_173101_173300	HELPU_004828	-2.3601863215482	0.0805576332573324	14.4317777448726	0.00112253868607581	0.019638736149318
jcf7180000413260_267301_267400	HELPU_004830	2.78337080513879	0.821887033573793	10.3051829852241	0.00438602078784093	0.0438750663988724
jcf7180000349292_14701_14900	HELPU_004832	3.86894473140584	0.102042399805506	10.8621857133327	0.00379422993764458	0.0402462651686748
jcf7180000349292_87901_88100	HELPU_004836	-2.37434840354957	-0.130168065929969	9.73585753802144	0.00538144088015534	0.0497614892613313
jcf7180000349292_114401_114700	HELPU_004838	5.0089849138301	1.10438080504221	19.157485920298	0.000290455222531549	0.00919577959810367
jcf7180000347413_86901_87700	HELPU_004847	-0.942265348836057	4.49038810144108	9.94753219826569	0.00498157791847219	0.0473834695465159
jcf7180000417142_25601_25800	HELPU_004853	-2.01644064158753	0.110063959540148	10.8633320234174	0.00360352079818061	0.0390562728026828
jcf7180000417142_168001_168100	HELPU_004855	4.12742983612457	-0.21073494940357	10.916775977549	0.0037241400790468	0.0398064809650758
jcf7180000417142_198301_198400	HELPU_004858	3.29672101793034	-0.468517050396331	14.2846382296036	0.00117418726964246	0.0201666329125071
jcf7180000348969_35201_35400	HELPU_004872	-3.05765546182791	0.668391797990049	20.3006082981531	0.000215095760967974	0.00774654758414478
jcf7180000417208_33601_33700	HELPU_004884	5.41612865561874	-0.0146067173759926	15.7842030217856	0.000889113836409628	0.0171837958608952
jcf7180000349758_21101_21500	HELPU_004903	-1.54051370800951	0.262421965430963	10.8407912751285	0.00363024884130088	0.0392111503457006
jcf7180000349758_43401_43600	HELPU_004905	-2.26357457291109	0.339358567150645	17.1066643163539	0.000510244405946316	0.0126032920370805
jcf7180000349758_94501_94700	HELPU_004907	6.21755952334623	-0.322171785160319	28.9380007354123	4.08334925834159e-05	0.00302039995804197
jcf7180000349758_120101_120200	HELPU_004908	6.36740341088963	1.07708931262206	16.4634407675812	0.000815584143672484	0.0163696505329565
jcf7180000393066_118801_119000	HELPU_004919	4.76363618411502	-0.132356453632253	10.7447197401521	0.00395008867331028	0.0411952943107525
jcf7180000417202_98801_99100	HELPU_004942	2.0970567972268	3.63608489458675	23.5226555224545	9.66612410627159e-05	0.00486408806989995
jcf7180000417202_225901_226000	HELPU_004946	8.38176690307014	0.847615896450778	49.7930005089621	1.30510290700325e-05	0.00160367529105199
jcf7180000349962_45101_45200	HELPU_004949	2.28948892824226	1.54910529629327	18.3749136349062	0.00035873612370851	0.0103299197451953
jcf7180000349962_83001_83200	HELPU_004955	2.63096642113498	-0.324610028861097	10.8889860274139	0.00356795975634571	0.0388341696736142
jcf7180000347503_258501_258800	HELPU_004969	1.66859984242726	2.22522778038465	22.9649249017712	0.000110223264103832	0.00523134562338387
jcf7180000417403_32401_33000	HELPU_004977	2.44117498530918	2.95950905716106	11.7993802301748	0.00261570991720586	0.0321604543464768
jcf7180000417403_101201_101400	HELPU_004986	7.60641791904599	3.72795649005371	28.4390892350208	3.19535007557199e-05	0.00265700075358727
jcf7180000417403_133501_133800	HELPU_004989	2.40120830719319	2.06355467416432	34.5903944419917	9.34069707415751e-06	0.00132853047078054
jcf7180000348291_102901_103100	HELPU_004998	1.51471258891038	2.6987252371237	9.9815909639672	0.00492503274775777	0.0470436726152999
jcf7180000348291_156901_157400	HELPU_005003	-1.5862715955525	2.70428846097417	10.2592805569687	0.00445832987851187	0.0443059486542405
jcf7180000354452_73301_73400	HELPU_005029	5.11260842994502	-0.0884763744388512	11.3825110475669	0.00416472691561989	0.0425120930670374
jcf7180000354452_93601_93700	HELPU_005032	8.65760808121495	3.63808328642128	25.2505163427199	7.47906353570085e-05	0.00421943220669724
jcf7180000354452_115901_116200	HELPU_005035	-2.66634279022729	2.82106269230552	15.6590494909974	0.000775481902593257	0.0159145199479887
jcf7180000392584_22501_22900	HELPU_005040	-4.80817838375975	-0.0552251237949725	19.6457531441781	0.000255190983433852	0.008534982229333
jcf7180000347405_80201_80400	HELPU_005052	3.15691981844063	0.0455909298427654	13.6513151547808	0.001431242541348	0.0225704182894171
jcf7180000347405_213401_213600	HELPU_005058	-1.02231189086225	1.26624044376634	10.0509397477629	0.00479935620616011	0.0462991544848338
jcf7180000347405_247301_247500	HELPU_005060	5.70637170108501	2.29093203095419	14.9759380820218	0.000951057700684447	0.0178359591458092
jcf7180000422202_134201_134600	HELPU_005074	-2.83127979393133	0.77105122961785	12.2450354930187	0.00225426810858353	0.0294369758292108
jcf7180000422202_284001_284200	HELPU_005076	1.67803143316772	2.05415419416872	10.120570854034	0.00468500537439469	0.045669674109919
jcf7180000422202_301101_301300	HELPU_005077	-1.41545810543886	2.06373168933011	16.8110572554995	0.000553990357485332	0.0132496489749041
jcf7180000422202_309001_309100	HELPU_005079	-4.12062885904452	0.738869734906851	46.5118268550241	1.23816431949399e-06	0.00041785875354977
jcf7180000417393_28701_29100	HELPU_005081	3.41716493657162	3.20654310619028	12.455930522795	0.00210280841797195	0.0282863432458767
jcf7180000417393_53801_54200	HELPU_005082	2.6615595131244	1.44479401845387	30.5147542987423	2.07370878268067e-05	0.00204401572466237
jcf7180000417393_95901_96300	HELPU_005086	-1.64182536457113	0.957735867513417	11.775171955995	0.00263710665051944	0.0323222451362203
jcf7180000417393_105901_106300	HELPU_005087	-1.40105728417303	1.0979773269416	10.2291398101851	0.00450652954212313	0.0445966619028271
jcf7180000417393_138501_138600	HELPU_005093	1.64723863939477	2.73211738171506	19.9102110119224	0.000238083396836323	0.00822302099428886
jcf7180000368234_160401_160800	HELPU_005098	-2.24978507636617	3.33049157152395	19.6829999380072	0.000252701491456706	0.00849343335757127
jcf7180000368234_213301_213400	HELPU_005105	1.81401388955078	0.630400347622036	12.0704847477482	0.00238879051701824	0.0304668305499358
jcf7180000368234_228401_228600	HELPU_005106	-1.5730781239509	1.51649318589401	12.0728830735255	0.00238688298764012	0.0304556189193156
jcf7180000368234_314001_314200	HELPU_005112	-3.84691286824616	1.87976674012627	22.7710232317515	0.000115818524563281	0.00537917321931394
jcf7180000347758_166301_166400	HELPU_005118	4.63050828964722	-0.245953761183399	20.9648004825946	0.000265577081572447	0.00874149008774433
jcf7180000347758_222101_222300	HELPU_005126	-2.38271877751143	0.36939677769737	11.1198009934706	0.00329700430298806	0.0369884082680647
jcf7180000420491_45301_46500	HELPU_005131	6.36002018581543	2.28236811992502	15.6601102932052	0.000775238785395067	0.015910670649495
jcf7180000420491_121701_121800	HELPU_005134	-5.72640832246767	0.655029954732494	29.8150457652754	2.39403247585048e-05	0.0022298615130624
jcf7180000420491_144101_144200	HELPU_005138	2.29890311822101	1.26269399188853	10.1186539722666	0.00468822625339986	0.0456942909152199
jcf7180000348234_83801_84100	HELPU_005147	1.38986796366115	2.06237741022816	16.3416081265172	0.000634061649440226	0.0143058193039949
jcf7180000347374_72401_72500	HELPU_005158	5.64251177812409	0.29175655791208	19.1346802250645	0.000364157213667172	0.01040766787518
jcf7180000347374_79401_79500	HELPU_005159	4.97251508416201	2.26689780469738	10.7186602101461	0.00476305747877676	0.0461150711355325
jcf7180000347374_88601_88800	HELPU_005160	2.70387593639385	0.34511020551877	13.0319639499589	0.0017435178289657	0.0253528685555572
jcf7180000347407_35901_36600	HELPU_005165	-1.27635894676582	3.42343139921486	11.4330051863547	0.00296123731550057	0.0346577175077384
jcf7180000347407_54401_54500	HELPU_005166	1.14287087514152	1.86755585920068	10.1895639879546	0.00456732000173153	0.044958545815381
jcf7180000347407_134101_135100	HELPU_005171	-1.61661896671684	3.2097734728176	29.1796565834781	2.72348630648332e-05	0.00240468561130425
jcf7180000413307_120601_120700	HELPU_005182	3.66686283155242	-0.283562209341998	27.67832545654	5.24388875677822e-05	0.00346970872117549
jcf7180000413307_227701_228300	HELPU_005185	1.35516300037086	3.64043283182938	10.5539134066375	0.00401615852266583	0.041640100654707
jcf7180000413307_294201_294300	HELPU_005187	1.74188792962105	1.86529293991352	12.6083689672864	0.00200035030862171	0.0274574096918123
jcf7180000413307_313501_313700	HELPU_005189	2.89726224558715	1.15627899359292	15.4280606463621	0.000830483116673499	0.0165226530980563
jcf7180000347767_10001_10200	HELPU_005191	-1.85368201203337	0.0982671481160328	12.5890010970873	0.00201064188837799	0.0275340468618494
jcf7180000347767_151901_152100	HELPU_005203	5.56844332381209	0.731921898167922	15.4076950819037	0.000835535439781601	0.0165866843715037
jcf7180000347767_166301_166400	HELPU_005205	-5.05363488227729	2.94706671178524	10.6434408138945	0.0038916154920819	0.0408077521709882
jcf7180000413906_17501_17700	HELPU_005206	6.64561713789719	0.846482660204295	12.338834820387	0.00266279443697384	0.0325165105298233
jcf7180000413906_92401_92500	HELPU_005211	-1.56315217649323	0.571394891374723	11.8207808554648	0.00259604185726985	0.0320162101637129
jcf7180000413906_124601_124700	HELPU_005216	4.07524937008627	-0.250369181886283	10.8311013147251	0.0036442278168252	0.0393043357399071
jcf7180000392606_113701_113800	HELPU_005242	7.40680949302715	4.31915563667434	19.6917216486166	0.000316604138083738	0.00962266271847525
jcf7180000417730_22801_23000	HELPU_005247	1.66085339681712	1.68224494051076	10.5827925381961	0.00397550748358686	0.0413618845623441
jcf7180000396607_70601_70700	HELPU_005263	5.30509030561644	0.178052713782742	16.3987905829778	0.000682045575344615	0.0148740877119866
jcf7180000396607_214001_214200	HELPU_005272	2.34698172014476	1.67653430074506	20.2447482099629	0.000218229424135392	0.00780262130406039
jcf7180000396607_257301_257500	HELPU_005278	-2.26073440102647	1.33348600040543	29.6314626785399	2.48243974992223e-05	0.00227861481936029
jcf7180000396607_264001_266200	HELPU_005280	-3.5055505224515	3.41925253876945	11.7365614643448	0.0026716354546235	0.032587877027572
jcf7180000413443_42101_42200	HELPU_005286	6.38387549829909	-0.678438934770195	12.363584424837	0.00423538471029949	0.0429715042477048
jcf7180000413443_66901_67000	HELPU_005289	-4.28426050523084	-0.281497575034103	26.4745894228758	0.000118780851237956	0.00546363302995567
jcf7180000392874_118601_118700	HELPU_005298	-5.08054170641117	0.93546436803653	15.8954981188912	0.000723317581222283	0.0153521811661174
jcf7180000420437_58801_59200	HELPU_005300	-2.58128430919658	2.09100689907109	15.2959342506118	0.000863872982911279	0.0168990948556433
jcf7180000420437_474301_474600	HELPU_005311	-2.39834798971017	3.15229599308757	22.3571960139221	0.000128126971652176	0.00570303404963757
jcf7180000347765_79601_79700	HELPU_005332	-5.15770201948168	-0.0733846346675938	18.9040012312627	0.000435615815143304	0.011575482983955
jcf7180000347765_126501_126600	HELPU_005333	5.67758587933823	0.220990782569566	13.8845852271665	0.00252906088622349	0.0315063094608799
jcf7180000350235_60201_60400	HELPU_005341	-1.24333283589333	1.80037005802951	10.2087114590406	0.00453952652410552	0.0447958025122294
jcf7180000420469_168001_171000	HELPU_005358	-3.52766197479261	6.27681258246754	14.8572484308215	0.000985832199655577	0.0182279361855754
jcf7180000420469_193501_193800	HELPU_005359	3.48456158010374	2.31979221973433	14.8298465700738	0.000994058801731947	0.0183232692196201
jcf7180000420469_217901_218200	HELPU_005360	2.52362549225544	3.00433954852335	38.0237191644304	4.99809972480421e-06	0.000945902713047981
jcf7180000414371_61601_61700	HELPU_005362	7.23315245359916	-0.394574389064429	15.2859306338111	0.0024211471749969	0.0307067801050672
jcf7180000417127_116201_116300	HELPU_005379	1.80084857980578	1.5241572487123	18.9280272005039	0.000308857759144135	0.0094980890464223
jcf7180000393180_60701_61000	HELPU_005400	1.03769357546139	2.01335652034072	17.8715436694397	0.000411163899720572	0.0111925428695581
jcf7180000393180_90801_90900	HELPU_005403	-8.13391704155963	0.467176094870531	23.3054321343378	0.000266456464646724	0.00875032398525192
jcf7180000422503_20101_20200	HELPU_005407	4.10378700851046	0.776019917200994	12.7253309823865	0.00192548227321515	0.0268361690949441
jcf7180000422503_67501_67600	HELPU_005413	3.01808886136877	0.63199658362572	15.5803770757248	0.000793749221587331	0.0161286525610732
jcf7180000422503_109401_109800	HELPU_005417	-3.04128265087205	2.62650481598492	38.3994622884578	4.67840282863948e-06	0.00090787322967393
jcf7180000347329_109501_109800	HELPU_005434	-1.48601801531447	2.09944529738518	16.0935924668346	0.000682503681455348	0.0148757466694721
jcf7180000347329_212701_213100	HELPU_005438	-1.48030065267972	1.55775705657117	11.3658889617243	0.00302986465414195	0.0351364445237425
jcf7180000347329_221101_221200	HELPU_005439	5.44658198544637	1.11908489260321	27.9569719754697	4.17585037056812e-05	0.00306215129055482
jcf7180000347344_101101_101200	HELPU_005451	8.18839689318381	1.23423417569561	83.8963758248787	4.83080473847602e-07	0.000249643129353873
jcf7180000417211_146201_146700	HELPU_005462	-2.92906808160653	0.629493521360181	16.2008970969985	0.000661593108508144	0.014657961733498
jcf7180000417211_152901_153100	HELPU_005464	3.70905384347063	0.320184603505697	21.3964482249798	0.000162651654017739	0.00657648578562098
jcf7180000347432_29001_29200	HELPU_005473	2.91411759126345	3.28861313049161	18.0175676184655	0.000395660307180332	0.0109315901229614
jcf7180000347432_50501_50600	HELPU_005475	7.13531365529585	0.267824160010752	54.6203955059343	1.04199816159536e-06	0.000383994083273031
jcf7180000347432_77201_77300	HELPU_005478	1.83234860470237	0.428519409976495	10.7445012869575	0.00375615251267873	0.0400253526693831
jcf7180000347432_77201_77300	HELPU_005479	1.83234860470237	0.428519409976495	10.7445012869575	0.00375615251267873	0.0400253526693831
jcf7180000393256_76401_76600	HELPU_005496	-5.91289709901315	0.738184951645222	14.4312253187154	0.00142991706591637	0.0225619377204445
jcf7180000354443_82501_82600	HELPU_005508	2.34555865155616	1.81224677357593	13.0057490036019	0.00175830586130366	0.0254704027176262
jcf7180000417136_151401_151800	HELPU_005515	-2.59203743708625	1.06025241333994	18.2349636371679	0.000372723521270801	0.0105398440149108
jcf7180000417136_159001_159700	HELPU_005516	-2.79086857523246	1.26821678990389	28.015447372395	3.49845080533391e-05	0.0027865924756001
jcf7180000417136_174401_175100	HELPU_005517	-2.79086834098456	1.27178954117131	27.8835010879817	3.59921874492923e-05	0.00283140188809075
jcf7180000349073_47801_48000	HELPU_005525	2.94300872672696	1.21044936109167	22.7285390346875	0.000117020025286803	0.0054139387470236
jcf7180000347359_174701_174900	HELPU_005544	4.10540453597156	-0.0840460850651364	18.8172553733266	0.000318199096856139	0.00964248970749188
jcf7180000347359_178401_179000	HELPU_005545	4.12669161937963	0.841194818283267	21.2906362820992	0.000167042549246359	0.00667860081699985
jcf7180000415699_52501_52600	HELPU_005555	4.20481450918175	-0.380771978880872	19.3444877100659	0.000307756808622707	0.00947746042612366
jcf7180000415699_80701_80900	HELPU_005557	3.14104447052345	1.50057592866804	37.0271127193578	5.96879827206029e-06	0.00104500304564267
jcf7180000415699_114701_115300	HELPU_005561	2.87218340008382	4.19536265010607	47.3141124168882	1.0956289964511e-06	0.000394243375083542
jcf7180000415699_120601_121000	HELPU_005562	3.13464572360042	2.19136875132104	35.4248425380364	7.99431736133095e-06	0.00120968381126062
jcf7180000347762_28801_29000	HELPU_005567	4.2200663338461	1.63532098101897	15.387324344766	0.00084062304514526	0.0166432127723453
jcf7180000347762_58201_58700	HELPU_005571	-1.1131343679026	2.28123290891473	11.1225350177636	0.00329171614035242	0.0369478947775187
jcf7180000347762_72201_72300	HELPU_005572	3.43667220448763	-0.282722176841716	10.7271113517295	0.00377908468317532	0.040158488111147
jcf7180000347217_44601_45000	HELPU_005578	-1.89067958811278	2.52419532431439	24.6403958467078	7.43186878307228e-05	0.00421272091812595
jcf7180000347217_122001_122500	HELPU_005587	-2.30756682801615	2.51181067004522	15.098667505441	0.000916519427849829	0.0174649664134617
jcf7180000347217_148601_148800	HELPU_005589	-2.59817407315055	1.16706351166336	10.5928720625332	0.00396142695354882	0.0412618509045466
jcf7180000350319_4901_5000	HELPU_005590	6.39427277978152	-0.439767570916114	23.2283729633063	0.00013669494443216	0.00592600618266541
jcf7180000350319_45501_45800	HELPU_005592	3.46605961236441	2.8043682929954	10.8021513083203	0.0036812266063297	0.0395184134693661
jcf7180000350319_81601_81700	HELPU_005594	4.77290572920958	-0.125664906868899	29.3803315874694	3.74749874187328e-05	0.00289010452918293
jcf7180000350319_120001_120300	HELPU_005597	-2.25911820555273	1.77392524718216	21.9940856470933	0.000140121571025533	0.00601898638634228
jcf7180000417181_238701_238900	HELPU_005611	-1.85840710355224	1.22277179508583	9.76309323419663	0.00533050585873851	0.0494782812107361
jcf7180000352621_55301_55500	HELPU_005616	2.6184081939064	1.55236896544656	25.7636331463149	5.74627158337361e-05	0.00364456893447953
jcf7180000348810_79601_79800	HELPU_005623	3.3721374995549	0.879342185254954	25.8819428971801	5.59484823900402e-05	0.00358825704557368
jcf7180000348810_85401_85700	HELPU_005624	1.1404158153753	1.89678945221932	10.7860827447996	0.00369834004952789	0.0396354292851927
jcf7180000348810_166301_166900	HELPU_005631	1.61085767855557	1.57516881713045	13.3954703925155	0.00155001520904726	0.023664314603794
jcf7180000348581_128001_128200	HELPU_005639	3.99191083128753	0.694998851729372	22.0001358437857	0.000139911851313609	0.00601237243691955
jcf7180000349183_30101_30200	HELPU_005647	-2.90340856636403	1.4120211192711	21.2934957439224	0.000166922185458955	0.00667796532110509
jcf7180000349183_83901_84100	HELPU_005652	-1.68028309456895	3.4532368959157	13.4137714231763	0.00154303115962846	0.0236060817207819
jcf7180000349183_103101_103200	HELPU_005655	-3.81510036313539	-0.329843039409073	15.4417582426019	0.000827103985853647	0.0164964078654761
jcf7180000349183_142001_142100	HELPU_005658	6.09076118364519	1.14940070601588	20.298427263264	0.000357688144978186	0.0103150066080182
jcf7180000349183_157701_157800	HELPU_005659	-3.00473334649365	-0.198407250296699	12.9391031782683	0.00179653023693479	0.0257867585153856
jcf7180000417121_400901_401000	HELPU_005668	7.76494624597816	-0.0151171132920172	24.0624668504128	0.0002303131088925	0.00805862360624872
jcf7180000367543_155001_155100	HELPU_005673	6.23985284811269	0.5016630400115	15.3615079384593	0.00100190630006586	0.0184004241990872
jcf7180000367543_192701_192900	HELPU_005677	4.1152371610918	2.75689641078958	13.7411257046024	0.00139133688764455	0.022260102648128
jcf7180000367543_203401_203500	HELPU_005678	2.32455944019653	2.87043012847572	28.1295987812823	3.41377691256089e-05	0.00274354062776116
jcf7180000392457_44701_44900	HELPU_005683	3.42586187428767	0.144558760708958	19.7810146877437	0.000246277475070954	0.00838539410993624
jcf7180000392457_63101_63300	HELPU_005684	-5.14757961501678	3.35424588970444	39.0624861571675	4.1677676811574e-06	0.000850257260406603
jcf7180000349027_43601_43700	HELPU_005705	-3.06645816967535	2.24879347038674	13.129793290778	0.00168953469288778	0.0248887225399381
jcf7180000349027_100001_100400	HELPU_005707	-1.39353212555556	0.488846976426819	9.8066574694316	0.00524231236773259	0.048946761565751
jcf7180000349027_126901_127000	HELPU_005709	2.84096426289349	-0.0594970624517764	12.7310929931238	0.00192187500803289	0.0268077700797517
jcf7180000347238_25201_25700	HELPU_005713	-3.11162249251831	3.24843201137507	27.095684656549	4.27161449435364e-05	0.00310613283771066
jcf7180000350117_126401_126500	HELPU_005731	6.26720680356097	1.79824257537926	21.8064252750797	0.00014680178264311	0.00618512093920825
jcf7180000348034_46001_46200	HELPU_005734	4.73426145597668	-0.315448499613042	12.8759899321703	0.00183357806010432	0.0260988054972667
jcf7180000348034_90401_90500	HELPU_005739	4.78887225019016	0.70326115473367	35.9136214340529	1.86045718942372e-05	0.00192655521111739
jcf7180000347163_54401_54500	HELPU_005747	2.74711566767235	-0.189910401970987	10.9058030647475	0.00419901947875837	0.0427339255565403
jcf7180000347163_74701_74800	HELPU_005748	-3.31960880007628	0.0194402701228998	17.4834505697586	0.000458076144381531	0.0118876968155269
jcf7180000347163_188201_188500	HELPU_005754	5.12892977458778	1.87266387318377	16.8034425206672	0.000556166636268576	0.0132752618372235
jcf7180000347163_224101_224300	HELPU_005756	2.03528200007319	0.877621813359976	14.1938171949511	0.0012080497462674	0.0205047742029115
jcf7180000347163_240601_240700	HELPU_005757	5.5920212629515	-0.0879608153868507	51.3965166859436	3.1749771388448e-06	0.000709021404501012
jcf7180000350358_84701_84800	HELPU_005768	8.75457144129962	0.735020662459625	26.7533258886141	9.19639171054468e-05	0.00471806356524482
jcf7180000347055_112601_114100	HELPU_005780	2.88714126288659	4.8148153283864	12.3830169522664	0.00215385953558411	0.0286847782209862
jcf7180000347055_132901_133400	HELPU_005782	-2.68025436849303	3.17062656543272	31.6542002211717	1.64840655548058e-05	0.00180162048371969
jcf7180000347593_41401_41500	HELPU_005784	6.5797003685114	2.40433408004484	20.0037204619578	0.000232340363645648	0.00810085859256628
jcf7180000348837_173001_173100	HELPU_005808	4.621670780454	1.06717586934602	12.5100449643337	0.00252605280650822	0.0314906740603121
jcf7180000392461_14801_15100	HELPU_005810	2.44673042926157	1.3884816066156	16.1872268957635	0.000664228106946159	0.0146856707053854
jcf7180000392461_39401_39500	HELPU_005812	5.21598865281451	0.319852208877027	22.9192830792968	0.000111730912232538	0.00526967725967879
jcf7180000392461_68801_68900	HELPU_005817	6.64824665127888	1.00996117926969	15.9873254336632	0.000840010651227109	0.0166432127723453
jcf7180000348771_42901_43200	HELPU_005823	2.84253059102194	0.646435712273175	21.1344026281245	0.000173766689341356	0.00683831570275496
jcf7180000348771_48601_49200	HELPU_005824	1.75910295907528	1.88780046348003	11.9181487659273	0.00251348434665382	0.0313995891904663
jcf7180000348771_82901_83200	HELPU_005828	-3.3889263402045	1.56385055058738	20.5097918626073	0.000203794270184718	0.0075028510830589
jcf7180000348771_98401_98500	HELPU_005831	6.35329843263267	1.69198172391611	18.406622993131	0.000355648046392309	0.0102916955934542
jcf7180000417542_17501_17600	HELPU_005845	1.79778036365927	-0.132376633688064	10.0443182176941	0.00503677499211855	0.0477278046338552
jcf7180000417542_24201_24300	HELPU_005846	4.69580287084552	1.00979910080387	11.4989672941718	0.00402004710512219	0.041666366281123
jcf7180000417542_40201_40300	HELPU_005847	2.9108856917466	0.105897365901158	11.1018872548776	0.00331744719776998	0.0371421040736295
jcf7180000417542_61001_61200	HELPU_005849	7.17266731249448	1.4291805651651	20.2525537020262	0.000275610742910418	0.00892710146552101
jcf7180000417542_100801_100900	HELPU_005853	3.85936623530699	0.594443025633254	22.3442169815229	0.000128535652723549	0.00571412096890391
jcf7180000396624_50301_50400	HELPU_005859	5.95896872682171	0.697616545136074	19.0387712352049	0.000480345670896511	0.012207159464493
jcf7180000417148_126801_127000	HELPU_005866	6.65037477098543	1.64476417359379	16.2212242535735	0.00109145354666747	0.0193251901280966
jcf7180000417148_224401_224500	HELPU_005872	-5.22929475591731	-0.196124526208584	11.8862489596903	0.00306617371434371	0.0353816728849133
jcf7180000417148_262001_262200	HELPU_005874	-1.33947583159093	1.3831756640188	17.3519162748968	0.000475292683436357	0.0121366370186882
jcf7180000349182_12601_13000	HELPU_005880	2.85166230314016	1.9906088399238	21.1006511550657	0.000175258196020331	0.00686900373720789
jcf7180000349182_41801_42000	HELPU_005884	3.08612814346139	1.16757713815386	12.4519359551894	0.00210557029090847	0.0283062133537051
jcf7180000347047_107501_108000	HELPU_005895	-4.3075934056212	0.701244141652757	11.6967860797707	0.00270773075803574	0.0328518748102554
jcf7180000347047_116501_116700	HELPU_005896	-6.00691880394359	0.137260223011414	36.4154329826926	1.32811352438434e-05	0.00161875562744184
jcf7180000347047_155301_155500	HELPU_005899	4.90467908576404	0.434641073764105	19.3323694714909	0.000277241661796966	0.0089512562725816
jcf7180000348665_19101_19200	HELPU_005904	-4.79013484357261	0.413065699633502	10.2728784077542	0.00443677244324285	0.0442007562255401
jcf7180000348665_30601_31100	HELPU_005905	1.05317835762803	2.81231595591966	10.3656679705631	0.00428876549973998	0.043286451505702
jcf7180000348665_67601_67700	HELPU_005907	6.46455711989031	-0.372372792383867	33.6118496584258	6.10119232770354e-05	0.0037711398680344
jcf7180000348665_73201_73500	HELPU_005908	-0.889494951023548	2.02184041611804	11.747390749211	0.00265899156253557	0.0324931140756555
jcf7180000392934_62201_62400	HELPU_005920	-1.21003825679865	2.45615082891032	10.5454154368505	0.00402820818600139	0.0417086934205191
jcf7180000392934_94101_94300	HELPU_005922	3.37321535040081	1.31883481675003	26.0709043868279	5.36203568590269e-05	0.00351521575310244
jcf7180000392934_126801_127400	HELPU_005926	-1.54841611791333	1.64846584755333	24.9306405573867	6.9299824439056e-05	0.00403114151393288
jcf7180000349060_141301_141500	HELPU_005935	3.97964436347303	-0.0664916036920106	16.5013878138632	0.00060649186648863	0.0139373913545201
jcf7180000349060_163301_163500	HELPU_005938	3.17314154368931	-0.238665454682427	14.1355002137866	0.00210396695558381	0.0282926264407043
jcf7180000392467_67101_67900	HELPU_005943	-1.70874083749378	1.38120756056614	17.0233532215867	0.00052242975754432	0.0127876193957565
jcf7180000347213_18001_18100	HELPU_005953	-4.49048690992674	-0.0223741117586805	13.1430524368357	0.00168236160803177	0.0248429097656624
jcf7180000347213_147201_147400	HELPU_005959	6.64238417706892	1.33655989005975	16.1879208508109	0.000794469556058683	0.0161335580629288
jcf7180000347213_152601_152700	HELPU_005960	1.52062267529273	1.18142849045969	13.9867619298698	0.00128833979259945	0.0212712946726952
jcf7180000347213_235701_235900	HELPU_005961	2.75469495970182	1.4925582919491	11.1434903480698	0.00327018457903762	0.0368086280669631
jcf7180000347213_246601_247000	HELPU_005962	2.0345245016528	-0.0938006581636047	15.6774599994849	0.000770042304935333	0.0158585797426297
jcf7180000347213_247401_247500	HELPU_005963	4.53597347432924	-0.340119552365737	10.7500570942955	0.00416434123607754	0.0425112184484276
jcf7180000347213_296601_296700	HELPU_005965	8.03108697567827	0.986244823336672	20.1148706174417	0.000433802605409177	0.01154589885106
jcf7180000417404_73101_73300	HELPU_005966	5.72640760852177	0.680002523584033	14.6739321438462	0.0011248952617306	0.0196602804256111
jcf7180000417404_131101_131400	HELPU_005971	-2.5307653389633	2.14330553732923	14.1345454355025	0.0012304532184375	0.020720502322147
jcf7180000393238_64501_64800	HELPU_005976	-2.79676310135033	2.16841873736034	21.3657046927163	0.000163914160280535	0.00661166612965398
jcf7180000393238_153801_154000	HELPU_005983	2.28473824366014	0.647563995257818	13.7172488932235	0.00140091569474376	0.0223312321101798
jcf7180000393238_162201_162500	HELPU_005984	-4.24184445227719	2.13260440840263	37.0776842583931	5.91482727300866e-06	0.0010393657860896
jcf7180000393238_183901_184200	HELPU_005988	-3.60271792539189	3.45164346576279	24.3970134642886	7.86493117099342e-05	0.00433717489509845
jcf7180000347732_16801_17000	HELPU_005993	-6.80299769178305	-0.665846199615427	27.5432864692554	9.71495550004106e-05	0.00488094292055825
jcf7180000347732_39301_39400	HELPU_005995	6.38337012844843	4.7176650366311	15.262272628006	0.000872614949839359	0.0169923504138717
jcf7180000416169_104401_104500	HELPU_006005	5.46554631677131	0.535337761329109	16.4709465883342	0.000734827177111144	0.0154885822252126
jcf7180000416169_120701_120800	HELPU_006008	4.32724578005733	0.354076171691674	12.8554339074306	0.00184582652001536	0.0261833673062816
jcf7180000416169_146001_146100	HELPU_006012	4.3272435988416	0.360522388293787	13.8882170650849	0.00132861129272805	0.021672746758888
jcf7180000350533_22501_22700	HELPU_006029	-3.09104857404023	0.0515221903881596	13.6082833189783	0.00167498102067475	0.0247896261941155
jcf7180000350533_30501_30900	HELPU_006031	-4.9049111543554	1.54003159803019	36.5800728340866	6.47017983083987e-06	0.00108725598635086
jcf7180000417195_21101_21500	HELPU_006036	3.54147819786129	2.44992586081641	20.6154217169896	0.000198337579211086	0.00739196341776183
jcf7180000417195_38601_38900	HELPU_006038	6.47048078854935	3.32672994954644	20.7974820532384	0.000189306840833298	0.00719037136975984
jcf7180000417195_133201_133300	HELPU_006044	3.77264773871284	1.23940540236856	17.6715570198345	0.000435448160727872	0.0115731753115711
jcf7180000417195_147101_147500	HELPU_006045	-2.75510957023138	3.63084333617996	49.2323424745908	8.22721742276123e-07	0.000331901014753413
jcf7180000349747_80601_80800	HELPU_006053	-2.79883454218121	0.537237931677711	16.6940772550194	0.000573834725890187	0.0134792079796861
jcf7180000349747_99901_100000	HELPU_006055	-3.75853058138515	0.762464648994174	10.0297308384627	0.00484037941899464	0.0465514127924046
jcf7180000349747_109001_109200	HELPU_006056	-0.90559329716039	2.73849003383704	12.8597508878134	0.00184097260653416	0.0261455900819
jcf7180000350312_53501_53600	HELPU_006072	4.92805889513763	0.518354764452923	14.0657840777311	0.00125702108145412	0.0209767406955056
jcf7180000350312_129801_129900	HELPU_006076	6.64691585393412	1.64945856472471	17.2705108153377	0.000659303924681254	0.014628743143131
jcf7180000347434_75501_75700	HELPU_006082	-2.2349938260769	0.52334483373286	21.4080898638493	0.000162101703962126	0.00656537114829751
jcf7180000348119_19001_19200	HELPU_006089	-2.00775737519748	0.800603607514452	22.7977665800258	0.000114778534924182	0.0053613293252982
jcf7180000348119_101701_101800	HELPU_006090	4.61314521101752	-0.600653779691378	22.8129918209537	0.000445733290836931	0.0117184707436014
jcf7180000349578_29701_29900	HELPU_006111	5.18195865814815	2.07740874790086	16.0445386827076	0.000692434866531051	0.0149865529330429
jcf7180000349578_73001_73100	HELPU_006117	-6.57102530724504	-0.742788322889339	29.6594754140736	0.00014622985546828	0.00617135290712964
jcf7180000415693_21701_21800	HELPU_006121	-2.63304737014338	0.662168183732898	10.7240002277687	0.00378320369394159	0.04018304831835
jcf7180000415693_43101_43400	HELPU_006122	2.90749972056858	2.72368147454531	43.8144985886254	1.88928740895893e-06	0.000529453475116584
jcf7180000415693_158101_158500	HELPU_006127	-1.27532329085597	3.35584168878636	9.78114062891088	0.0052956460544952	0.0492616677747036
jcf7180000347850_117901_118100	HELPU_006137	-3.98553105675709	3.90751351437051	34.7943385466827	8.98999787820096e-06	0.00129591249232988
jcf7180000347850_141601_141700	HELPU_006138	-2.25439053289308	0.412820331482024	19.0319152937567	0.000300148169278701	0.00935072217554825
jcf7180000347850_202201_204200	HELPU_006140	-2.72164980018829	1.64561053789553	11.7001030992231	0.00270470007024629	0.0328342509522741
jcf7180000417396_45201_45400	HELPU_006146	-1.37636713516898	0.960614506830619	11.4726647242397	0.00291840369696915	0.0343623686274673
jcf7180000417396_107201_107300	HELPU_006152	3.03244929594041	2.73066580762698	10.5527739489229	0.00401777188740541	0.0416488128693811
jcf7180000348061_23101_23300	HELPU_006155	6.90364569326747	2.79463420228246	24.3082169081543	0.000107391791729416	0.00515414020269459
jcf7180000348061_40701_40800	HELPU_006156	6.46776114278847	-0.551892847476318	25.4134856859403	0.000178564434112987	0.0069538647409491
jcf7180000348061_91601_92100	HELPU_006158	2.77897807317781	2.27472052936154	16.5400072549085	0.000599785600139739	0.0138421760523226
jcf7180000351621_80701_80800	HELPU_006168	1.59553556261827	0.787141958156735	13.0966560126952	0.00170545169261741	0.0250297008292389
jcf7180000350009_138501_139000	HELPU_006183	3.15651034134892	3.17409842312427	15.973273890966	0.000707016009057878	0.0151589545943874
jcf7180000350009_145001_145200	HELPU_006184	-2.05319570977755	0.402681623668421	14.5203284749392	0.00109244503601855	0.0193318765804822
jcf7180000348019_65001_65200	HELPU_006192	5.81026728039911	0.925507715144063	25.2147986001209	7.53868032167639e-05	0.00424053729084211
jcf7180000417300_80601_80700	HELPU_006212	-2.39632925197554	1.10067398884406	10.187110721169	0.00457470933216005	0.0449818149633576
jcf7180000417300_83401_83600	HELPU_006213	5.25008694044178	-0.0973256231101476	16.4943145464662	0.000607729089739189	0.0139557460103204
jcf7180000417300_91201_91600	HELPU_006214	2.6597760063168	1.03038368773846	10.4285392846198	0.00419806898521745	0.0427306433983255
jcf7180000348030_18801_18900	HELPU_006231	4.95009787747484	-0.644268931737366	17.1089021787651	0.000559386905905631	0.0133131294805012
jcf7180000348030_34201_34400	HELPU_006234	2.23062679195783	2.34372528338714	12.4443391718164	0.00211083385294999	0.0283397303833743
jcf7180000348030_128501_128600	HELPU_006239	4.53693912523689	-0.414600427234361	19.9428915631015	0.000297093922114717	0.00931229162065574
jcf7180000417340_22801_23200	HELPU_006242	-1.58234166276952	1.61492405459944	15.2247097158743	0.0008819381627339	0.0171026998697599
jcf7180000417340_38501_38600	HELPU_006243	4.40375823192109	0.769743690332389	10.9273027105607	0.00371079116047224	0.0397052852075379
jcf7180000417340_131601_132000	HELPU_006251	-1.9990836290829	0.697742849053113	17.0941739091413	0.000512051126425338	0.0126304915594756
jcf7180000350793_18901_19100	HELPU_006265	-3.24417178896015	-0.142862447373369	23.9080208713394	8.82161329811513e-05	0.00461857016988906
jcf7180000350793_58301_58700	HELPU_006269	-1.75753773400719	2.30675457105369	16.9615313852819	0.000531679708987513	0.0129287226425135
jcf7180000347735_51501_51800	HELPU_006278	-1.88828185840724	2.08996772531349	10.7417859949872	0.00375972298318715	0.0400478309745387
jcf7180000420545_62101_62500	HELPU_006292	1.34167874984199	2.47492560074384	14.1528029440167	0.00122320946357676	0.0206610012906108
jcf7180000420545_94401_94700	HELPU_006294	-1.20660779282969	2.94355322278711	17.0783440325871	0.000513435297733083	0.012649004699363
jcf7180000420545_101601_102100	HELPU_006295	-4.14028101176337	0.111555305539481	26.5415587014716	5.63821469899159e-05	0.00360290336415143
jcf7180000420545_118801_119100	HELPU_006297	-1.89475201296726	1.53354866645617	17.4137858135818	0.000467960879736168	0.012029805388229
jcf7180000393350_70601_70700	HELPU_006306	6.42626309934785	0.13158862818949	16.0662555276319	0.00101028071233726	0.0184961120864574
jcf7180000413240_83501_83600	HELPU_006308	-1.22715859126037	1.30190972915334	10.7096656347532	0.00379858258418449	0.0402713810177289
jcf7180000413240_443401_443500	HELPU_006316	-2.64347652402096	0.396206428640312	20.0859434452459	0.000227416600388259	0.00800059566723312
jcf7180000349065_113401_114000	HELPU_006325	-1.50989872380045	3.45204243477678	10.4263093556879	0.00420138620267685	0.042746179520962
jcf7180000347182_61201_61400	HELPU_006331	-1.48436247537134	1.63317284446378	13.8139916354468	0.00135986389613422	0.0219672740498583
jcf7180000347182_65901_66200	HELPU_006332	3.86135275748759	0.0649414091162385	17.8039004269083	0.000462608233638345	0.0119468615572515
jcf7180000417233_67501_67600	HELPU_006338	5.9349164952552	3.0016134759497	17.5057587438572	0.000456062549214303	0.0118645438495736
jcf7180000348021_14201_14600	HELPU_006346	-2.37791459241107	1.68434241943784	9.73968067193951	0.00537610944843349	0.0497275366849597
jcf7180000348021_23001_23300	HELPU_006347	2.37648912032823	3.83524450842852	13.5517227110402	0.00147698154519099	0.0230104646747032
jcf7180000348021_23001_23300	HELPU_006348	2.37648912032823	3.83524450842852	13.5517227110402	0.00147698154519099	0.0230104646747032
jcf7180000349699_133301_133400	HELPU_006364	3.98436951476137	0.567625540201722	11.386739753843	0.00317701075284797	0.0361491144840101
jcf7180000349063_141301_141400	HELPU_006373	3.08241686760388	0.503005998204924	13.7131759848215	0.00140362232543806	0.0223512156461645
jcf7180000349063_166001_166700	HELPU_006375	-3.24412863216805	2.01033914961267	17.2890051284609	0.000484654898279269	0.0122601454401189
jcf7180000417434_62801_63000	HELPU_006380	-1.29213077135226	1.21858848784034	14.4457779593514	0.00111611349257927	0.0195837441398556
jcf7180000417434_159601_160000	HELPU_006387	3.94003576081774	1.00719173663487	11.7098661144078	0.00269580161232347	0.0327723937189837
jcf7180000356508_59301_59700	HELPU_006394	-1.65037057551498	1.14483541221465	12.9980247381318	0.00176268961219851	0.0254970117734192
jcf7180000347839_59401_59600	HELPU_006398	-1.83661456912205	1.65496497378162	19.1214923391102	0.000293260115749457	0.00923920165170991
jcf7180000347839_152001_152400	HELPU_006402	3.89255570649609	0.890904246596322	18.8616285330883	0.000314420211977968	0.00958654892093349
jcf7180000347470_263501_263600	HELPU_006409	-2.45567792313054	-0.32846349664502	10.6907680123115	0.00382511388263827	0.0404435545980964
jcf7180000347141_180901_181100	HELPU_006422	3.54021177315349	0.700871057006134	13.0543433768138	0.00173100231623558	0.0252601284100473
jcf7180000351136_79301_79400	HELPU_006431	-2.8543808417297	-0.0228570070592213	14.0942680801698	0.00124593929032042	0.0208623087284348
jcf7180000417296_86801_86900	HELPU_006438	4.92839452045813	0.209837123363546	13.2933044319561	0.0016033891928004	0.0241534635703292
jcf7180000417296_127601_127700	HELPU_006442	5.29439147267043	-0.410494569579352	12.8475106578932	0.00270254730545139	0.0328230341148046
jcf7180000347884_144801_145000	HELPU_006457	4.23491626676236	0.319430585550486	19.1772340920952	0.000288928879701233	0.00916772263500443
jcf7180000417423_165901_166100	HELPU_006471	-6.27575800657243	0.102432754417268	17.2326712066874	0.000665831073068828	0.0146995426032029
jcf7180000350797_21801_22600	HELPU_006485	1.24677703989646	3.44195889022742	13.8262159881363	0.00135391981394119	0.0219145112199217
jcf7180000350797_61901_62000	HELPU_006491	7.60469519420428	4.79867730196924	16.0296550570053	0.00102003981719133	0.0185986144309619
jcf7180000354486_40201_40700	HELPU_006498	-1.85206676093847	2.33648719603549	16.5021764165567	0.000606354100198369	0.0139361998109557
jcf7180000354486_46001_46200	HELPU_006499	-1.57478918388529	1.35761753796336	14.0389895675392	0.00126754514279708	0.0210750074079027
jcf7180000354486_60901_61000	HELPU_006502	8.16083732963626	0.824065301557843	20.8648981331358	0.000271843352257118	0.00886421628608258
jcf7180000421140_11801_12000	HELPU_006504	-6.76403973944834	-0.0399067762972737	11.962955387594	0.00349785287584246	0.0383567957759927
jcf7180000421140_59301_59600	HELPU_006507	-1.33565814444892	2.07487702133734	11.3498221490569	0.00304655358691642	0.0352472110611022
jcf7180000347763_155501_155700	HELPU_006518	3.71942056401976	0.096647991406591	24.095588818992	8.44026714301717e-05	0.0044985493058671
jcf7180000347763_163001_163200	HELPU_006519	4.73383132984852	-0.269015533137908	13.8682486847668	0.00133694012112033	0.021758883804587
jcf7180000417392_57301_57500	HELPU_006524	-1.35070027950992	1.41889643259163	10.12358042603	0.00467995343786923	0.0456421745155971
jcf7180000417392_69001_69100	HELPU_006526	4.76061785751163	0.223288775582302	13.0216034162407	0.00200351632414143	0.0274824563083596
jcf7180000417392_115901_116000	HELPU_006529	2.76187675285047	1.32796542084615	14.7130890614842	0.00102997252748694	0.0186998765226957
jcf7180000351937_39701_39800	HELPU_006537	-3.58914502462702	0.891167636750014	18.3675476219302	0.000359457705121562	0.0103444581638555
jcf7180000417259_106701_106800	HELPU_006547	3.63622021113739	-0.222619806232414	10.0059155505487	0.0053703978283851	0.0496971742953883
jcf7180000352209_18601_18900	HELPU_006564	-3.5479900348706	-0.211265757935815	12.0873560902604	0.00237540750296796	0.0303712270857454
jcf7180000352209_61001_61200	HELPU_006569	-2.25915145166946	0.71483359324918	11.2944036079738	0.00310490481240591	0.0356572940420587
jcf7180000415707_9901_10100	HELPU_006574	7.18639725498028	6.54004562657947	15.2590879393171	0.000873447066475901	0.0169984410377399
jcf7180000348304_158301_158600	HELPU_006590	1.69015922457798	0.450577624731904	11.5287453861614	0.00286470983157877	0.0339672082591912
jcf7180000347377_14501_14600	HELPU_006598	-4.5080463292768	0.0318286806751962	25.2672141993234	7.45137220811173e-05	0.00421736385321362
jcf7180000347377_46801_47000	HELPU_006603	-2.85703114273174	1.51513257814859	18.3495781164539	0.000361224743917245	0.0103638627495715
jcf7180000347377_56701_56800	HELPU_006604	3.06760218327551	-0.2829761330261	10.5515157198416	0.00401955425698193	0.0416642734109421
jcf7180000417588_36901_37200	HELPU_006612	1.99616935628672	2.40911022109876	34.3554869221025	9.72473380405284e-06	0.00136629839353803
jcf7180000417588_81201_81300	HELPU_006618	2.64275837241194	0.564936681175877	22.8556402685719	0.000113465769791104	0.00532543635579255
jcf7180000417588_110501_110900	HELPU_006619	-1.28923871713303	1.70297110706729	17.8975903988264	0.000408210840672097	0.0111432968074119
jcf7180000413279_89701_89900	HELPU_006624	1.92191101630909	0.102777847414304	13.7479847118366	0.00138736297053139	0.0222222465921258
jcf7180000417325_52901_53200	HELPU_006640	1.47953484932452	1.36144778993502	12.8315748284352	0.00186002088021991	0.0262987560795118
jcf7180000355701_66101_66600	HELPU_006648	2.15384729367901	2.62354278725737	12.2667547141497	0.00223812497254631	0.0292935213631658
jcf7180000417315_67701_67900	HELPU_006652	2.40568871623685	3.90254241060343	11.0848818015984	0.0033369837096132	0.0372719635389713
jcf7180000417315_130101_130300	HELPU_006659	5.18676719928526	0.559826000411995	47.4147708754298	1.07905937492899e-06	0.000391756168252106
jcf7180000349056_92901_93000	HELPU_006671	-1.4901034889508	0.442872562649646	9.83976087365035	0.00518193745102827	0.0486016830376134
jcf7180000348517_75601_75700	HELPU_006687	-6.18981647685171	0.0602860405526014	47.1381319597567	1.70732621318779e-05	0.00183472479436172
jcf7180000413306_75601_76200	HELPU_006700	-1.18855763838491	3.32932036979452	20.3154548594697	0.000213799120180679	0.00772103892115415
jcf7180000393026_34401_34500	HELPU_006705	4.08017383566898	1.89893226702257	32.0651721748876	1.5193985736675e-05	0.0017283430312147
jcf7180000393026_56301_56500	HELPU_006706	5.41332035967899	0.387582805617003	36.3743887705859	1.04881273067018e-05	0.00142508673627926
jcf7180000393026_63001_63200	HELPU_006707	-3.97811892424353	2.66466232391709	17.0316289523642	0.00052120506347482	0.0127739345747868
jcf7180000393026_155601_156200	HELPU_006712	-3.39863607012384	2.28469513582682	74.2816188346883	3.54074409515314e-08	6.40062249095825e-05
jcf7180000393026_170301_170600	HELPU_006713	-3.06230221081775	1.20778093212036	29.6240388505148	2.49068152597723e-05	0.00227872520305996
jcf7180000347759_44001_44100	HELPU_006725	3.37263090222875	-0.147999213677767	11.0993756541647	0.00394235430120771	0.0411491899911886
jcf7180000347759_56001_56100	HELPU_006727	5.00433340469709	1.03427442994498	20.2190529735387	0.000219687767676543	0.00782786041235283
jcf7180000414334_213301_213400	HELPU_006746	7.18642420686899	6.22851172529825	20.0120558976971	0.000332627042352903	0.00989236484892691
jcf7180000350813_78901_79000	HELPU_006754	5.71950291786001	-0.212929300288223	11.3968287223847	0.00414662271964682	0.0424119663519597
jcf7180000350813_105101_105400	HELPU_006757	-2.35984831650495	-0.0263969674474159	11.1019691981809	0.00331735336581688	0.0371421040736295
jcf7180000420420_45801_46000	HELPU_006760	-1.6762244277425	0.52373788314464	12.1191295815256	0.0023490292734674	0.0301901094319083
jcf7180000420420_146001_146200	HELPU_006764	4.76995974142706	1.05218389675205	13.5384019285829	0.0015886342834762	0.0240107515124921
jcf7180000420420_165901_166200	HELPU_006765	2.31821444292036	0.00255849638885946	14.3790657017806	0.00113925687753997	0.0198041215027679
jcf7180000417254_20501_20700	HELPU_006769	1.82292282540846	2.14979356405299	13.5787471340814	0.00146441244019373	0.0228993427967117
jcf7180000392747_49201_49300	HELPU_006780	-2.62067773506409	-0.143285993416231	12.4571978265623	0.00238893172543443	0.0304668305499358
jcf7180000349433_7701_7800	HELPU_006800	1.76413055967541	-0.127103782257297	11.7401114914544	0.002665526051754	0.0325399202272594
jcf7180000349433_20901_21800	HELPU_006802	1.83552136860257	3.03442244504913	14.4404597511007	0.00111954798187891	0.0196134362936855
jcf7180000347791_154101_154400	HELPU_006812	3.72657269280653	1.77271932744802	12.7777964519844	0.00189291119485624	0.0265641182150037
jcf7180000348329_70301_70500	HELPU_006821	4.21336840682516	0.296780945898267	17.134394326958	0.000506258404293426	0.0125494210855186
jcf7180000349440_20901_21200	HELPU_006824	2.34200108750952	-0.120008116224547	10.3630613312594	0.00429669583174344	0.0433280417194331
jcf7180000349440_56701_56900	HELPU_006826	2.94304230376795	0.0947871226679459	12.8307074465861	0.0019836133997685	0.0273101535885163
jcf7180000392690_6101_6300	HELPU_006831	-2.7090938325747	2.18008208957836	35.4558812767071	7.94853959480796e-06	0.001205958363504
jcf7180000392690_24801_24900	HELPU_006833	-1.17211748340135	0.823121715817487	10.1787237677143	0.00458432838616744	0.0450485599926163
jcf7180000392690_165301_165500	HELPU_006837	5.13352815352634	0.958667548840229	15.9721517751203	0.000707248295651622	0.0151627999684586
jcf7180000351371_102201_102300	HELPU_006846	-4.62896341678506	0.415534057216407	20.2629695028153	0.000274907560938116	0.00891778399464436
jcf7180000347174_138501_138600	HELPU_006875	-2.04981170526355	0.666162661558155	17.867564129928	0.00041161715456055	0.0111985435723133
jcf7180000347174_168401_168900	HELPU_006877	-2.30979775330868	2.49510540906323	21.2650763926673	0.000168122707186868	0.00670680816872047
jcf7180000348762_29101_29200	HELPU_006883	5.78694008979445	1.19591369147505	30.3613277857187	2.13968054791621e-05	0.00208102641866891
jcf7180000348762_99801_99900	HELPU_006886	-1.67172047241445	1.23905466489609	12.1389957456095	0.00233495835123655	0.0300947268896923
jcf7180000348762_121101_121200	HELPU_006887	2.66367914033555	1.39702914346943	28.3359852576778	3.2663577835799e-05	0.00268380109259162
jcf7180000417184_75001_75200	HELPU_006892	1.32101874593615	2.61126352679518	11.0484622346383	0.00337925461393865	0.037574466052058
jcf7180000417184_82001_82300	HELPU_006893	2.75095953952586	0.112127982611245	21.5049521298772	0.000158220163361106	0.0064824097741427
jcf7180000417184_99101_99300	HELPU_006894	3.09914823675873	-0.406048990334185	12.3077639749011	0.00234579720565185	0.0301663060058644
jcf7180000417184_104601_104800	HELPU_006895	5.02097193980156	0.549416331396604	26.5202332338414	4.85015227647382e-05	0.00333752795150187
jcf7180000417184_120101_120200	HELPU_006896	-3.50087282355786	-0.348412001691184	19.3406625627328	0.000276057395331307	0.00893136978491828
jcf7180000392982_122001_122200	HELPU_006916	4.38668033523116	0.00245495662641657	21.9354194882189	0.000142173204897466	0.0060761331780314
jcf7180000421895_17601_18100	HELPU_006918	1.96839155126706	2.13233199374873	13.9224856635399	0.00131445125849107	0.0215279310711831
jcf7180000421895_113601_113900	HELPU_006925	-0.899584171800611	2.25007987883883	10.8174255203553	0.00365807686973165	0.0393795611518257
jcf7180000350540_14301_14400	HELPU_006926	10.0105083038406	3.0779545100554	45.2454848619027	2.60927451245296e-06	0.000636384022081443
jcf7180000353918_54101_54400	HELPU_006937	2.33061025740287	0.611421581059221	10.5850215369146	0.0039723889204844	0.0413414519776029
jcf7180000353918_81801_81900	HELPU_006939	4.00207468093299	-0.43818519236147	12.0268850028958	0.00273872365581838	0.0330654358693766
jcf7180000352533_89801_90000	HELPU_006949	-1.32986865058305	1.17979335961538	11.7799005299882	0.00263002384426358	0.0322727204027454
jcf7180000421805_79101_79300	HELPU_006955	5.95270989409576	1.73633554080753	13.2967773635168	0.00199125053072939	0.0273771379909388
jcf7180000349563_19901_20000	HELPU_006957	2.14246591248337	0.502016132869786	13.2186306055468	0.00164211259093177	0.0245150309122701
jcf7180000349563_64401_64500	HELPU_006960	7.28132162572289	3.81711286893209	16.2715590518187	0.000957455424241826	0.017912353300989
jcf7180000420936_69901_70200	HELPU_006973	2.10101203411984	1.38028293653176	11.1396928559949	0.0032744675488691	0.0368394641038505
jcf7180000420936_74901_75100	HELPU_006975	6.76251464258087	3.83794664016373	19.6753591683476	0.000360705064841469	0.0103614205532899
jcf7180000347120_52401_52600	HELPU_006992	-4.59842145324888	-0.348815405639616	18.2537963083029	0.000409926766082506	0.0111727180348952
jcf7180000351293_36801_37600	HELPU_007010	-0.808746480695394	4.36496900595815	11.6165542791265	0.00277920071543234	0.0333726626973186
jcf7180000351293_47901_48000	HELPU_007013	1.78048972173637	1.82874143069608	11.0879087851031	0.00333349688104307	0.0372486547862776
jcf7180000347252_10901_11000	HELPU_007016	-5.14903218067412	0.318409483278923	11.0368694183121	0.0037832196825053	0.04018304831835
jcf7180000347252_82801_83000	HELPU_007020	6.8945620948593	2.66645596936576	51.8197443500834	5.66132435040859e-07	0.000270710542523286
jcf7180000347252_164401_164500	HELPU_007023	3.95039954196287	3.89724497033097	22.4601500976565	0.000124935463719563	0.00560575623096019
jcf7180000392722_12801_12900	HELPU_007025	4.07860540895906	-0.179392213958932	27.4849905950369	6.57345400236923e-05	0.00392334800903649
jcf7180000392722_19201_19400	HELPU_007026	-1.73860208813145	0.968707198479571	13.0886324060241	0.0017112073061396	0.0250782737162483
jcf7180000392722_74201_74400	HELPU_007030	5.61733289713413	0.516941837037428	18.9369662554108	0.000308117232021695	0.00948550025970314
jcf7180000349572_27301_27400	HELPU_007034	7.30141835726376	1.9279598768729	25.6254804129738	8.07061500338409e-05	0.00439074004302156
jcf7180000351593_22201_22300	HELPU_007060	-3.26444507978592	1.67733462208279	22.8026959899366	0.000114931632073514	0.00536295224762266
jcf7180000418691_17301_17400	HELPU_007078	4.75476484801188	0.418262179817315	20.319279292256	0.000214059440988989	0.00772509352802022
jcf7180000347417_47901_48100	HELPU_007090	2.69103078349914	1.4438716642918	11.3607269549646	0.00303521546086265	0.0351757094399557
jcf7180000347417_233401_233700	HELPU_007095	-3.04651812160888	2.37768305643273	28.1727938763983	3.38232703735994e-05	0.00272934394205309
jcf7180000348863_38101_39100	HELPU_007116	-2.53687296599701	2.84399642544531	9.8737626487064	0.00512068006737413	0.0482308789759214
jcf7180000348863_67801_67900	HELPU_007118	-6.42321531954905	-0.751144924303026	16.9231824386815	0.00091605820035191	0.0174596621075457
jcf7180000348863_89501_90000	HELPU_007120	5.16648119873195	2.37366723290761	20.4170432242598	0.000208722259683721	0.00760123212643727
jcf7180000352253_34901_35100	HELPU_007124	-1.28508912101409	1.67478253471523	11.0322591776925	0.00339655155424409	0.0376918396043342
jcf7180000420440_44001_44100	HELPU_007132	-1.71118302391027	1.22375479402931	11.6136050742385	0.00278497576603557	0.0334107701772184
jcf7180000420440_152401_152600	HELPU_007135	3.85567338974517	-0.135206351896928	11.7933838360606	0.00295228267432614	0.034593907280282
jcf7180000420440_200601_201100	HELPU_007136	3.85725304006002	1.95111403459008	66.5686490071141	8.48064213048541e-08	9.75021809370696e-05
jcf7180000392957_1601_2000	HELPU_007138	1.35101963519445	1.44065415219469	12.8186692655826	0.00186645427817686	0.0263429042837963
jcf7180000392957_28101_28300	HELPU_007141	-3.79821462107377	2.75539848623076	17.6432204601811	0.000438897245609795	0.0116256779046148
jcf7180000392957_110001_110200	HELPU_007146	5.91571788164128	2.88913226758466	10.561976647572	0.0040047622596097	0.0415530534226853
jcf7180000417839_70601_70700	HELPU_007153	6.8884147553141	0.597387148165787	12.8636188346433	0.00210388451688906	0.0282926264407043
jcf7180000392609_29501_30000	HELPU_007162	-1.27494507583649	2.36967727265313	22.4887704966555	0.000123755492964812	0.00557779930502472
jcf7180000392609_50201_50300	HELPU_007163	7.65119786483382	1.28936788118498	20.1746407496908	0.000602596547936295	0.0138779385250261
jcf7180000350316_44901_45000	HELPU_007169	-1.41467694721049	1.12845158226767	9.99223962501799	0.00490616650537165	0.0469279864295905
jcf7180000350316_75801_76000	HELPU_007172	-2.58279408644126	0.555157574149757	16.8449558240306	0.000549618116444722	0.0131876271519445
jcf7180000347748_45001_45200	HELPU_007178	5.561069963895	1.27174057587795	26.1284074810947	5.29332251885048e-05	0.00349008138049818
jcf7180000347748_56801_56900	HELPU_007179	4.22749257729279	0.730802457538202	29.186092599198	5.82426922415367e-05	0.00366805831382086
jcf7180000347748_167201_167300	HELPU_007183	3.72643099851113	1.1271719204983	11.7121865675991	0.00269369142061284	0.0327634274292697
jcf7180000351031_30601_30700	HELPU_007188	6.48333794162972	-0.594472097449765	14.1764811739006	0.00186510639270115	0.0263335519982976
jcf7180000351031_56201_56500	HELPU_007191	1.12792474794384	3.4672405634651	11.2695402661853	0.00313018140365756	0.0358274682495328
jcf7180000351031_73101_73800	HELPU_007192	-2.10332497171226	4.0036256193494	38.5474311875439	4.55028992024023e-06	0.000894303455897598
jcf7180000420514_189101_189200	HELPU_007211	6.06883013631335	-0.181138190335443	19.7954160859561	0.000547033870941911	0.0131535653586533
jcf7180000417540_30601_30800	HELPU_007218	1.38670354253477	2.46471229116112	11.5371045484649	0.00285817774658102	0.0339257303812806
jcf7180000352984_11501_11800	HELPU_007234	4.95391913639329	1.44353421995681	19.5232571154194	0.000263571088855575	0.00870309727059686
jcf7180000352984_74301_74400	HELPU_007242	5.55076241920268	1.46006496142177	74.1309556026221	2.07584837064418e-07	0.000156295836457009
jcf7180000350534_58301_58400	HELPU_007247	6.40456595327429	1.2939319499818	15.044983928236	0.00147827072314912	0.023023824175152
jcf7180000348575_80501_80700	HELPU_007259	1.27633465895377	0.904244315101946	10.2449424674971	0.00447712414467452	0.0444356782073768
jcf7180000348575_93801_94000	HELPU_007260	4.14447765140454	0.652266318314181	23.2481371279318	0.000136084515755817	0.00591142532175624
jcf7180000420513_32301_32500	HELPU_007264	2.21705405226324	0.770011680986877	25.0615360083195	6.72425972496271e-05	0.00396624699390835
jcf7180000420513_104001_104600	HELPU_007268	-1.54628433121	3.51047271643666	19.9487257562943	0.000235699200567545	0.00818404709170329
jcf7180000349333_59801_59900	HELPU_007274	8.04662148215222	0.189222113591624	51.4948982775641	1.09904676844985e-06	0.000394976999682289
jcf7180000349333_103001_103200	HELPU_007278	1.94114836587751	-0.0348333122943386	9.94203660978024	0.00499582023600021	0.0474716452488747
jcf7180000420498_108201_108400	HELPU_007281	2.11054536792254	1.31552809184569	18.1539298102634	0.000381096968620782	0.0106869455092172
jcf7180000420498_127801_128000	HELPU_007283	-4.36034377658437	4.67273178522817	25.397083084453	6.244827999894e-05	0.00381627341481894
jcf7180000420498_135501_135600	HELPU_007284	5.93442666622629	1.91689049001358	27.8433535033487	3.63051085600054e-05	0.0028419686607042
jcf7180000350331_124201_124500	HELPU_007293	-1.78554222177687	1.39799230754726	16.5441248974701	0.000598662180704396	0.0138240093866993
jcf7180000392660_32101_32300	HELPU_007298	5.13960069131303	1.73156921538143	32.3921490610871	1.42468774736493e-05	0.00166831168198895
jcf7180000392660_89601_89800	HELPU_007303	2.0452710706876	2.40986543212471	16.2091995473439	0.00065999840734305	0.014637785687694
jcf7180000392660_110801_110900	HELPU_007306	4.66784921602572	0.82955699970463	24.5930873384781	7.51394552630894e-05	0.00423244223257442
jcf7180000422217_37701_38000	HELPU_007311	-1.1050045107278	2.58416678782077	16.3951845240882	0.00062430737479579	0.0141790810702216
jcf7180000417492_21301_21800	HELPU_007320	-1.81579702647308	2.57976211133049	20.0068950490616	0.000232148091969409	0.008097832920291
jcf7180000417492_59301_59800	HELPU_007322	-1.76491715285528	2.95984231629448	10.1741912272712	0.00459589698094362	0.045121991655609
jcf7180000420489_77601_78200	HELPU_007330	1.49152334807798	2.52691303467628	10.8639335369622	0.00360276590418854	0.03905322453593
jcf7180000348494_144901_145100	HELPU_007339	5.01500444210667	0.751743309467532	17.2049246928846	0.00049627419568765	0.0124145265544303
jcf7180000348062_121901_122200	HELPU_007347	3.63856207890399	2.96676274866158	11.566815145749	0.00282949789211317	0.0337305777976568
jcf7180000347594_38001_38200	HELPU_007356	-3.59614706739191	2.61090494163503	29.8882510591016	2.35809198622619e-05	0.00220365811856055
jcf7180000347594_47601_48000	HELPU_007357	-2.24701913594379	3.04888048532756	31.2801926756435	1.7763531667301e-05	0.0018795548891282
jcf7180000347594_65301_65400	HELPU_007359	2.33857839134905	0.683008026522416	16.4046257238823	0.000748341292199563	0.0156327945117737
jcf7180000349206_46401_46600	HELPU_007367	-0.951315341824388	2.96924869499558	12.5648866890996	0.0020265736750507	0.0276570143903062
jcf7180000349206_122101_122400	HELPU_007372	1.53392632999691	2.41390339042315	11.0133077811597	0.00342062113613504	0.0378422432489478
jcf7180000349472_10001_10200	HELPU_007374	2.42975968456865	-0.0607278267754995	10.9824962115941	0.0048678341650344	0.0467204750322792
jcf7180000349472_22801_23000	HELPU_007376	1.91636440826048	0.414645673779279	18.4506651541963	0.000350718756357899	0.0102140641817309
jcf7180000349472_58501_58700	HELPU_007381	7.09168000985664	3.01397348262983	16.8960114153787	0.000593375663987348	0.0137496004618481
jcf7180000348120_63101_63400	HELPU_007388	2.33925170456457	1.4992842166058	21.3503782780713	0.00016454758428212	0.00662369600921948
jcf7180000399903_134801_135000	HELPU_007402	5.54691619895387	1.24056947512265	26.9931806809259	5.1177487186998e-05	0.00342490984170801
jcf7180000421154_40801_40900	HELPU_007425	6.44724943533971	0.130597556480499	19.9377369699554	0.0004513014680824	0.0117888669036423
jcf7180000421154_57201_57500	HELPU_007427	-1.47350684365423	1.85466207567472	10.1483349987484	0.00463862863901981	0.0453940513413482
jcf7180000421154_70101_70300	HELPU_007428	4.06422547286953	-0.56925935486509	14.7214077452711	0.00110733521322703	0.0195003613049161
jcf7180000421154_90301_90400	HELPU_007431	5.6783291915012	-0.0879242454438205	16.4198273068004	0.000825144290407043	0.0164687898870057
jcf7180000391647_133101_133400	HELPU_007457	-1.29525888727348	1.83528638158963	12.9411839363707	0.00179322638474407	0.0257601278731212
jcf7180000349430_69601_69700	HELPU_007473	5.33785432048357	1.32146708197392	11.9352057781091	0.00282044102801823	0.0336660469383304
jcf7180000349430_92801_92900	HELPU_007476	3.98103393669342	0.0762102207982972	12.3963307298266	0.00214443625174231	0.028608497544378
jcf7180000353467_10701_10800	HELPU_007477	-1.97591050485363	3.92262662852123	12.8474588828253	0.00185060286095745	0.0262277400126402
jcf7180000353467_18501_18600	HELPU_007479	2.33578878505222	0.0533080588574164	13.5957644624882	0.00145655839432194	0.0228288728432531
jcf7180000353467_24501_24800	HELPU_007480	1.41230944902296	1.54660985665757	9.75829241491861	0.00533982186525847	0.0495294416256603
jcf7180000417198_54101_54200	HELPU_007488	-1.42787352278925	0.383293842478428	10.1959554577936	0.00455778551385625	0.0449116785468455
jcf7180000349055_65201_65700	HELPU_007501	-2.45320313533256	2.09754217711819	10.487302942244	0.00411169207843813	0.0421933085035397
jcf7180000374134_142401_142500	HELPU_007507	2.14701643875987	0.00725493263666381	10.7276731989601	0.00377834134924797	0.0401526013857366
jcf7180000374134_153001_153100	HELPU_007509	6.62919150138691	0.298191997583318	34.1023023170255	4.25241635868068e-05	0.00309689005941477
jcf7180000374134_199001_199100	HELPU_007514	5.2646016695966	1.94033442121292	16.7634730208096	0.00056255312827041	0.0133571161734357
jcf7180000417353_26901_27000	HELPU_007527	-1.08737203048654	2.44295594032384	11.7490450841635	0.00265750896564379	0.0324857809023958
jcf7180000417353_53301_53500	HELPU_007530	-4.72222099166833	-0.189926124350826	20.1737188215924	0.000248931424447189	0.00843495576838223
jcf7180000413582_30101_30500	HELPU_007548	-1.31159814744856	0.79124116249213	15.8258371222861	0.000737077629835011	0.015507487460023
jcf7180000417302_66801_67000	HELPU_007555	4.97154226754346	0.385013133619355	13.4509544341754	0.00152491232601257	0.0234535822801269
jcf7180000417302_169501_169700	HELPU_007558	1.65086811136952	1.44680065680562	12.6641364124694	0.00196425873377073	0.0271716766317854
jcf7180000417302_183901_184300	HELPU_007560	1.91094308039833	3.84201059584766	12.1135224906136	0.00235481528335092	0.0302336580377585
jcf7180000348290_168601_168800	HELPU_007569	1.36272637369096	2.92610001080821	14.3822472234903	0.0011397703974785	0.0198059222009691
jcf7180000393205_212101_212200	HELPU_007581	6.22054003343243	2.32518009292772	12.7872539226792	0.00188710503855707	0.0265182026143707
jcf7180000359036_74501_75000	HELPU_007590	-2.03050663786492	2.06968073678744	18.8913350064647	0.000311918046955832	0.00955188407010043
jcf7180000350018_35201_35300	HELPU_007596	2.13951395484433	0.546100513345766	15.4626825148157	0.000821971361909543	0.0164386811393426
jcf7180000349763_201201_201300	HELPU_007602	2.86118451446688	-0.197551552958667	11.685623854792	0.0027179571133167	0.0329061979323656
jcf7180000348440_53601_54100	HELPU_007613	1.73792108654245	2.21769633484545	10.9833395230008	0.00345632877898864	0.0380675952926009
jcf7180000348440_86601_87000	HELPU_007617	3.00915852787499	1.40676780571996	10.3020430627028	0.00439092532825732	0.0438927376128057
jcf7180000414082_11701_12000	HELPU_007621	-4.79319246646686	0.65039505340397	24.4278543721435	7.80854613712248e-05	0.00431605257510147
jcf7180000414082_27801_28100	HELPU_007622	-1.50758102029602	0.785151601144807	12.3665652132626	0.00216303126526577	0.0287469229476452
jcf7180000393023_106501_106600	HELPU_007633	-4.69667183771023	0.210602191327653	21.5803837180752	0.000155318601715125	0.00641769202733095
jcf7180000393233_24701_24800	HELPU_007636	-4.16127456055215	1.99842114701585	11.8917277198579	0.00253583649865237	0.0315522172371635
jcf7180000393233_40501_40700	HELPU_007638	3.53095412171128	0.580774169037697	22.0740993624214	0.00013737581644467	0.00594293052058562
jcf7180000393237_90501_90600	HELPU_007648	6.67326511224356	2.57177941719256	13.4910728662708	0.0017354799237189	0.025291966424699
jcf7180000393237_124601_124700	HELPU_007651	2.9944118967302	0.482197872269389	13.9709024972217	0.00178758301625218	0.0257148312138492
jcf7180000392741_64901_65000	HELPU_007654	3.94618809939528	0.0516451102654134	10.6676250295242	0.00428170246493742	0.0432451732283874
jcf7180000392741_80201_80400	HELPU_007655	3.93429921892927	2.39486513441927	46.728848264867	1.19769435974228e-06	0.000412322118242671
jcf7180000422209_12701_13100	HELPU_007662	-3.22156718768831	2.48103964885891	21.3902964864236	0.000162903419125233	0.0065848063265288
jcf7180000348756_24401_24500	HELPU_007667	5.2684247510027	2.08822301650213	15.0717496038181	0.000923974228639049	0.0175474848419571
jcf7180000348756_124901_125100	HELPU_007670	1.66366390213888	2.46698815073845	25.60610515128	5.93775907007891e-05	0.00371096338024327
jcf7180000348756_139801_140200	HELPU_007673	-1.48519655185977	1.7003428961398	16.3946176287247	0.000624409713861294	0.0141790810702216
jcf7180000347616_76101_76200	HELPU_007676	5.95616849060325	-0.707008309867131	15.1438012792652	0.00116919727668306	0.0201140426040399
jcf7180000349190_14701_14800	HELPU_007698	5.78445446300615	0.878504392510708	26.2588565909351	5.1410116146019e-05	0.00343405908054006
jcf7180000349190_61501_61600	HELPU_007701	4.73107124849974	0.130804909227241	10.191175727596	0.00456806527470899	0.0449630963975973
jcf7180000417115_134201_134400	HELPU_007705	5.82580510366962	1.849500248892	26.6769868319224	6.46646469548225e-05	0.00388132875803205
jcf7180000351913_91701_91900	HELPU_007721	-1.79349979575683	1.75493401471479	21.8931353960872	0.000143446683252134	0.00610414546781446
jcf7180000417120_155001_155100	HELPU_007737	-3.55828075110971	1.12790785147973	18.7224151211919	0.000326444998276702	0.00978055945716208
jcf7180000417120_176601_176900	HELPU_007738	3.68631917961377	2.3608850153113	15.1083381520973	0.000913857433784463	0.0174369776067384
jcf7180000417120_310501_310700	HELPU_007740	6.87834415286084	0.283649695672149	27.001635320243	6.04550877754636e-05	0.00374966856350427
jcf7180000417118_26901_27100	HELPU_007744	6.15576078760241	1.9532454494213	45.2824404577623	1.49781143098511e-06	0.000467169436310646
jcf7180000349772_33701_34800	HELPU_007750	2.89478608975175	1.45197236371393	16.4149640220498	0.000621801414124115	0.0141551989861173
jcf7180000349772_50601_51100	HELPU_007752	-1.00915967261187	2.79720695789283	9.85583770843525	0.00515009082531424	0.0484002540618934
jcf7180000368342_169501_169700	HELPU_007760	6.88692167816564	2.61381076606114	38.8795439868609	4.30224176007856e-06	0.000863544639533301
jcf7180000347694_39701_39800	HELPU_007768	2.32535219284876	0.459121697174911	17.1989850680938	0.000497106564310213	0.0124277508855443
jcf7180000350347_15301_15500	HELPU_007772	-3.14707871946318	-0.418459199864138	23.0962714839094	0.00010678362804823	0.00513614008916379
jcf7180000350347_83801_84000	HELPU_007773	2.08789397770591	0.278723153626144	21.7052912672642	0.000150187987273766	0.00627815158068638
jcf7180000350347_105101_105300	HELPU_007774	1.73546964129605	1.67519008317543	13.7688698578839	0.00137925934153077	0.0221568769162442
jcf7180000347362_129201_129300	HELPU_007781	7.42061249227019	1.05173456051033	18.3101120952814	0.000365139397167662	0.0104202671166966
jcf7180000347362_159201_159800	HELPU_007783	1.45616265588047	2.8083699821371	9.90479635226635	0.00506350072938481	0.0478907450606096
jcf7180000417261_126701_127100	HELPU_007787	-1.23538021404497	2.60261088436811	16.9166701941232	0.000537557797789842	0.0130219102966467
jcf7180000417261_208901_209200	HELPU_007790	-1.80265781540938	1.26977269394267	20.1105859664106	0.000225642519988247	0.00795839306399134
jcf7180000417261_240001_240100	HELPU_007794	5.35293274224577	-0.617380496556357	13.2798415427839	0.00295817561765053	0.0346359595967281
jcf7180000349604_84401_84700	HELPU_007805	-3.79296901429355	2.00174482200269	58.4528598692341	2.30463854664449e-07	0.000166694622474682
jcf7180000349604_108501_109100	HELPU_007807	-2.36878911588106	1.47237371018601	15.844108387697	0.00073431637203784	0.0154823728740289
jcf7180000353448_89801_90100	HELPU_007817	-1.42171240366342	2.57973477699374	24.9990282220045	6.82164858399725e-05	0.00400554395032509
jcf7180000394172_77501_77800	HELPU_007823	1.26022717535914	1.8311533629271	11.3193340990473	0.0030753036529748	0.0354395493627283
jcf7180000347341_71801_72200	HELPU_007832	1.29889698800538	1.67233943062887	13.9212756263545	0.00131314705933835	0.0215172066799259
jcf7180000354565_33001_33100	HELPU_007835	4.55550463224353	-0.124238342375869	13.4759448066995	0.00205872826235427	0.0279466995261302
jcf7180000413388_6601_6800	HELPU_007840	6.4434674722705	2.3731170624552	23.3396630640197	0.000100980353875868	0.0049868103137247
jcf7180000413388_118701_119300	HELPU_007843	-1.16554745430035	1.71455671251428	10.8255796059351	0.00364768194559207	0.0393264721341681
jcf7180000347087_29801_29900	HELPU_007852	7.72467673977085	4.25970993057098	19.6974792671548	0.000316150217415276	0.00961590213053754
jcf7180000347087_67401_67600	HELPU_007858	4.20245577171125	-0.472077707330516	12.7893373324652	0.00188582863763148	0.0265105393467912
jcf7180000347087_88201_88400	HELPU_007860	3.23283951289556	1.7342741163275	20.8821248018224	0.000185263535817995	0.0071170170029159
jcf7180000350279_19101_19200	HELPU_007862	5.72160535032396	0.748668295475172	9.81051190928113	0.00523945372519847	0.0489323255955738
jcf7180000349642_42701_42800	HELPU_007880	4.69999075258443	-0.438316166610013	17.8475545951653	0.000414684562878537	0.0112350411740078
jcf7180000349642_94401_94500	HELPU_007883	6.78354473651163	3.3243386276446	16.997022812026	0.000794281823325751	0.0161335580629288
jcf7180000393169_9301_9600	HELPU_007885	-2.46180895253207	1.93425434024358	13.2378613611978	0.00163204215756155	0.0244168680628823
jcf7180000393169_76201_76800	HELPU_007888	-1.53805093120002	1.61981746854801	13.6564657899528	0.00142892003818234	0.0225546567768613
jcf7180000420447_100701_100900	HELPU_007896	-3.36769196651153	0.0491347512196327	14.7824373191472	0.00100847185614249	0.0184748044988375
jcf7180000420447_285101_285300	HELPU_007902	-1.71635790882497	2.70625660610398	13.7624543821371	0.00138204177439775	0.0221805621497028
jcf7180000392706_60101_60200	HELPU_007920	-5.49525956631183	0.799321918918387	52.0688639450082	5.46518528180473e-07	0.00026442172714721
jcf7180000392706_127701_128200	HELPU_007925	1.37907450570409	0.509421961082295	10.5072197571381	0.00407903264241476	0.0419905506997173
jcf7180000392706_133701_133800	HELPU_007926	-4.42136680366499	-0.30674379843801	20.8210258431437	0.000240000244835389	0.00826331892384492
jcf7180000353917_25801_26100	HELPU_007932	-2.60820350295508	0.287655484628126	11.9951782680856	0.00244955384225334	0.0309341897788941
jcf7180000353917_43201_43400	HELPU_007934	4.83196292697355	0.744600894744082	19.4666143039886	0.00026754836679576	0.00877229533352131
jcf7180000421139_72001_72200	HELPU_007940	-1.56909268808362	2.13411963346303	14.3681859762774	0.00114471546977883	0.0198569172639499
jcf7180000421139_79201_79400	HELPU_007942	-1.60415288501825	2.12872075383666	17.1718798225703	0.000500924663702334	0.0124774631402964
jcf7180000421139_202701_202900	HELPU_007945	4.78680373671561	-0.37405564943482	14.4843515572553	0.00129067304800399	0.021292685699841
jcf7180000394165_42201_42300	HELPU_007951	4.39537699027788	-0.525524734629575	19.7135399100773	0.000314120724218113	0.00958277310423062
jcf7180000394165_49801_50100	HELPU_007952	1.39910909956043	2.82363701875115	10.7107037666356	0.00380086393778644	0.0402793419826978
jcf7180000392711_78501_78600	HELPU_007961	2.12852258300857	-0.129747587769759	11.5823614670367	0.00281262351859879	0.0336217735721253
jcf7180000417459_13701_13900	HELPU_007964	1.23778605864397	1.70256680901828	9.79451158118395	0.00526749776593631	0.0490907002864528
jcf7180000417459_27301_27400	HELPU_007965	7.49316674730349	0.946076037103378	22.9033209986255	0.000440621395068693	0.0116566366711195
jcf7180000417459_37801_38000	HELPU_007967	-2.56395459400809	1.42800033684847	10.6455686261657	0.00388870807482199	0.040792930949379
jcf7180000349946_28001_28200	HELPU_007969	5.47882454118999	1.95380186793739	11.6013473046431	0.00279656388375266	0.0334947440373318
jcf7180000349946_125301_125800	HELPU_007972	-3.38686256872066	3.05781491987679	38.2170929794033	4.83066585901427e-06	0.000927374498941708
jcf7180000349946_149701_150100	HELPU_007974	-1.82605480922843	2.54484048052581	11.5552825663722	0.00284059232158778	0.0338025792114932
jcf7180000348113_138001_138100	HELPU_007984	5.40150197884364	0.182338630067463	52.6486504373526	4.12548560058897e-06	0.000843894856434223
jcf7180000348113_214201_214900	HELPU_007986	-1.75181524280788	3.68264033539278	29.2507284739463	2.6872437820252e-05	0.00238666410776475
jcf7180000349940_110401_110500	HELPU_007992	6.65083873592788	-0.295488778876713	18.6754893434724	0.000409380893408284	0.0111639045191699
jcf7180000350807_23901_24000	HELPU_008009	5.81518026345319	5.14997589946897	18.0324246635448	0.000394044156742499	0.0109037663687841
jcf7180000348421_34101_34200	HELPU_008016	7.39109558883577	-0.21303767790587	20.0062710017439	0.000756521211749589	0.0157224239300036
jcf7180000348421_42701_43100	HELPU_008017	1.25636828247091	3.6393995052891	15.9301404111201	0.000714838491549727	0.0152672466347859
jcf7180000348421_46701_46800	HELPU_008018	7.84703462462402	1.00780583288319	24.7773311990608	0.000164247716405447	0.00661766502558208
jcf7180000348421_72501_72700	HELPU_008019	4.00542503315194	-0.602606901245929	11.9456207085154	0.00324042124784566	0.0365970167017513
jcf7180000413429_135301_135700	HELPU_008036	2.16810935723446	1.21467844026205	15.0929557020825	0.000918095714459093	0.0174859692060549
jcf7180000350007_47101_47300	HELPU_008037	3.54675770923328	0.807565713108521	13.4002883368625	0.00165827573814641	0.0246650539985491
jcf7180000350007_86701_86800	HELPU_008039	3.16624347626722	1.39976601744311	13.7558691297893	0.00138490429971095	0.0222052162927288
jcf7180000347835_11001_11400	HELPU_008044	-1.41826052405326	2.4790867954312	9.84562783033923	0.00517313878632633	0.0485477744225645
jcf7180000347835_47501_47700	HELPU_008049	-2.56958347108402	1.70030184519495	27.8453746839746	3.62892834895844e-05	0.00284151239074827
jcf7180000413377_105601_105800	HELPU_008063	3.91085144348796	-0.00544492469151695	10.1696957255738	0.00536245793798852	0.0496650269177909
jcf7180000413377_134601_134800	HELPU_008066	1.83090557629948	0.406419353842569	22.3860279674396	0.000126909669024845	0.0056682294978605
jcf7180000348655_66201_66300	HELPU_008071	6.52322286274591	1.52156145773108	13.8904902646042	0.00224482571133769	0.0293624392191671
jcf7180000348655_87801_88000	HELPU_008072	2.14894678111209	1.67133500023615	11.5575125124691	0.00283844334158342	0.0337894023939035
jcf7180000348655_130101_130300	HELPU_008076	-3.703389398918	0.0639222286051424	28.5843705994274	3.09299077017918e-05	0.00261166621656426
jcf7180000348454_51901_52000	HELPU_008077	-2.0851470713922	0.276818469726076	15.2296157070648	0.00114116748615306	0.0198195978357393
jcf7180000350378_51301_51400	HELPU_008085	4.47771818451049	-0.0313062495510211	28.5015129490738	3.72968333075275e-05	0.00288299312685354
jcf7180000377925_5801_6000	HELPU_008090	6.40905057068398	-0.338542057954701	18.4776296019509	0.000549782577366511	0.0131886578130115
jcf7180000377925_11401_11600	HELPU_008091	3.89259383083835	-0.543644015292144	12.9933606130609	0.00176534249908726	0.0255232828219709
jcf7180000377925_18201_18300	HELPU_008092	-2.43969882002291	0.521413035052603	15.5657390472633	0.000797200282896702	0.0161664250393214
jcf7180000359007_48001_48100	HELPU_008104	4.20878516658817	-0.266169690658019	11.4277865744676	0.00296651117084634	0.0346868425511106
jcf7180000349078_61101_61400	HELPU_008110	-2.46026998351877	1.11865309631869	11.4469675932905	0.00294717813948751	0.0345609577465298
jcf7180000352218_54601_54800	HELPU_008117	-1.49325540414475	2.05348162898084	12.4636627082862	0.00209747372021638	0.0282369351711537
jcf7180000392507_12001_12100	HELPU_008120	7.34915846944147	2.61261490062863	17.46709166114	0.000561392691595786	0.0133431270828733
jcf7180000392507_73301_73400	HELPU_008125	-4.6952332907145	1.34448955928114	23.7544469777281	9.14800438277471e-05	0.00470588263531791
jcf7180000392507_89801_90000	HELPU_008127	-5.17031088825403	0.236764052846978	15.2652991012073	0.000871824984596966	0.0169838954542036
jcf7180000392507_110101_110400	HELPU_008128	-2.83722542481084	0.994889457724581	17.018200815525	0.000523193847404084	0.0127995254638204
jcf7180000420482_12701_12900	HELPU_008130	-1.31841358310021	1.36106359941359	14.956182221539	0.000955311873645946	0.0178841251001822
jcf7180000420482_69201_69500	HELPU_008135	1.45467863986055	0.934450696331983	13.2621533320395	0.00161733764649792	0.0242856707771145
jcf7180000413339_150001_150100	HELPU_008149	7.56434667363481	1.76752960455645	16.9316926803989	0.000587522640975978	0.0136681568783972
jcf7180000417222_164801_164900	HELPU_008171	6.02759046982122	0.433999824559785	20.0631992707892	0.000328580307821965	0.00982198620627446
jcf7180000348864_79001_79100	HELPU_008173	-1.45628568131954	0.797821140653362	12.7619559290533	0.00190035668541099	0.0266307792362802
jcf7180000350310_227001_227200	HELPU_008186	2.90594477460786	0.0514575337053765	26.2140046142102	5.17744261943325e-05	0.00344473718270942
jcf7180000421147_47501_47600	HELPU_008187	6.74400731206378	0.400174788644527	32.0878023897045	2.23967820966849e-05	0.00213758082409193
jcf7180000417327_44701_44800	HELPU_008209	-3.35592369657326	1.3561643027333	18.1359416932954	0.000382983758200605	0.0107146795184728
jcf7180000393082_248701_248900	HELPU_008222	1.90322050462026	2.58403431775573	24.8612061333552	7.06162522542635e-05	0.0040779034847645
jcf7180000392408_55601_56000	HELPU_008227	3.88279836057156	0.831628697359528	11.455849446897	0.00293827324319429	0.0344987525931395
jcf7180000393077_83701_84200	HELPU_008229	-2.01799510793249	0.753462416046675	11.595258126608	0.00280234026552994	0.0335422446817779
jcf7180000393077_179601_180100	HELPU_008233	1.28762221172912	3.09589010602531	14.7960709956266	0.00100352554707362	0.0184160809351911
jcf7180000417494_66101_66300	HELPU_008236	4.87474690173097	-0.380941757001297	19.2316996837319	0.000284764883016106	0.00908491324879195
jcf7180000417494_95201_95400	HELPU_008238	-3.86640726230611	0.143615539842959	22.932809979641	0.000111365958927044	0.00525870201794457
jcf7180000417494_118401_118800	HELPU_008240	-1.42903694026122	2.76193945547397	22.4396710291222	0.000125251922589557	0.00561398790215437
jcf7180000348495_10301_10400	HELPU_008243	5.94728328800054	-0.00413946506796332	18.7828197787967	0.000398275415462206	0.0109678715916348
jcf7180000348495_47701_47800	HELPU_008246	6.33978858035895	-0.873572191243846	16.6479024317275	0.00111943229567774	0.0196134362936855
jcf7180000351359_77901_78000	HELPU_008254	-1.90653903398646	0.805786097047343	10.5192021144599	0.00406563078416514	0.0419173690153726
jcf7180000347476_36301_36400	HELPU_008256	3.38372429825419	-0.192900218622684	10.3168045618032	0.00436792080158853	0.0437505403355923
jcf7180000347476_94901_96000	HELPU_008262	-1.96276594884171	3.75314216532214	9.98003031674785	0.00492780451307297	0.0470610917333272
jcf7180000347624_171601_171700	HELPU_008272	4.78096906955769	0.106638233480633	24.7009919542197	9.85274389656271e-05	0.00492253946635404
jcf7180000348121_64001_64100	HELPU_008279	-4.67192451595004	0.590216784034222	38.3399097612263	1.70653209507927e-05	0.00183472479436172
jcf7180000348121_81401_81600	HELPU_008282	-1.5482378359543	0.399038855566007	13.9258451732318	0.00131127254772801	0.0214963290995932
jcf7180000347861_85901_86000	HELPU_008288	3.14541415458377	-0.317505263027409	15.4479488568262	0.000824287523855852	0.0164626949168913
jcf7180000393801_28401_28700	HELPU_008312	1.86636328116478	0.788970331016357	10.8765757946629	0.00358694050932845	0.0389563799820051
jcf7180000421749_14101_16900	HELPU_008317	6.67388292604266	7.18274379642084	43.3327837896113	2.04131244142025e-06	0.000553680869941929
jcf7180000421749_25401_25600	HELPU_008319	1.59873853166126	0.375110420921002	13.7300445790553	0.0013943151054723	0.0222887315947715
jcf7180000421749_47801_48000	HELPU_008322	2.69209216155613	0.957042553889882	30.5161214166631	2.06587601963104e-05	0.00204112683916819
jcf7180000347925_32601_32700	HELPU_008325	-2.38983230473897	0.22801265630909	26.347084317784	5.03093658590572e-05	0.00339537246345716
jcf7180000347925_118101_118500	HELPU_008331	-1.39621223369274	0.866010123165362	9.88274706993889	0.00510227787003233	0.0481319416223612
jcf7180000349288_5501_5700	HELPU_008332	-2.58169878400834	-0.00996558585079369	11.5446464843136	0.00285086706831804	0.0338737855571151
jcf7180000349360_17301_17400	HELPU_008354	5.26046672170481	0.0596625724008343	15.5278011802609	0.000806221930236744	0.0162542231971146
jcf7180000392694_64201_64900	HELPU_008360	2.36424532817098	3.53008402038201	25.9278485944539	5.53728252205576e-05	0.0035722243604595
jcf7180000392694_117801_117900	HELPU_008365	-2.05303765209311	-0.197491088790431	10.7500373697625	0.00374525321009795	0.0399501579475914
jcf7180000421881_93101_93200	HELPU_008382	-3.70879384062916	-0.679251377213222	12.9577879415385	0.00204184939210606	0.0278005797325075
jcf7180000417619_26201_26500	HELPU_008413	-2.50410719036691	0.894779193789978	13.9445058190068	0.00130544049588186	0.021442447810182
jcf7180000417213_115001_115100	HELPU_008429	4.96830513326906	0.62102592228642	25.1496660577683	8.93840034073591e-05	0.00465152469912057
jcf7180000417213_162001_162100	HELPU_008433	4.16698800785248	0.0191167891357585	12.3422765255322	0.00265996491974351	0.0324994997256056
jcf7180000417213_182501_182600	HELPU_008434	2.36949066619443	-0.442177012490927	10.2139580439991	0.00452693560247675	0.0447254866617435
jcf7180000355154_79101_79400	HELPU_008447	2.06225255596931	1.32248656239165	14.3461624285372	0.00115250847685717	0.0199384678225134
jcf7180000413316_15001_15100	HELPU_008449	2.09936387915403	0.323686358201474	12.8914417059645	0.00182443023763328	0.026017728637022
jcf7180000413316_46001_46100	HELPU_008452	2.01512036612742	0.329214804916622	12.5754370433878	0.002022007644029	0.0276197044902616
jcf7180000349058_103101_103200	HELPU_008460	3.49251275995466	1.83718346038621	14.2077633871811	0.00120284418010054	0.0204527782709206
jcf7180000350329_28701_28900	HELPU_008464	3.28185943548394	-0.084835107272147	19.5577249113202	0.000371133388229433	0.0105114825462664
jcf7180000350329_38801_38900	HELPU_008465	3.49024835241093	-0.214018196316271	10.1199561859125	0.00516244818820387	0.0484717282365804
jcf7180000350329_74501_74600	HELPU_008466	8.21818515398922	3.46245868595675	20.9568665095228	0.000427556110279993	0.0114489247950479
jcf7180000350329_103701_104000	HELPU_008469	6.50984376709648	0.668236611570369	53.2149306199812	8.78446655815029e-07	0.000346571405351421
jcf7180000350329_115901_116100	HELPU_008471	-4.21865037835327	-0.0120448858152552	20.4401986562359	0.000207479754921791	0.00757707631834969
jcf7180000417458_22201_22400	HELPU_008474	6.47843135294764	4.06518855033121	23.2337849618339	0.000103576224979274	0.00505736502115652
jcf7180000417458_140401_141100	HELPU_008480	-3.01537751834726	2.57914728739691	32.1011865614854	1.50863453414204e-05	0.00172019770585471
jcf7180000348492_51901_52000	HELPU_008483	2.69219825669526	-0.162211465302578	13.2933068255748	0.00160338796785905	0.0241534635703292
jcf7180000348492_128001_128300	HELPU_008485	-1.54828600596578	1.62536194319424	14.9164906001323	0.000966982037516936	0.0180213263100959
jcf7180000348492_154801_154900	HELPU_008486	2.63457590544054	1.02010428993722	12.1641750063427	0.00262125862319222	0.032212083562085
jcf7180000413692_34701_35400	HELPU_008487	-1.71077870640111	3.18556493085557	25.6804957500956	5.8458774139157e-05	0.0036759980900892
jcf7180000413692_57801_58200	HELPU_008488	-1.75076936545918	3.28578795891156	16.5251931012291	0.000602348346995026	0.0138744535572774
jcf7180000413692_92001_92100	HELPU_008491	5.75798434660267	1.15837155702132	31.2031541524869	1.80404395846339e-05	0.00189398243753188
jcf7180000413692_101601_101800	HELPU_008492	-3.63824474205954	0.521009057072148	21.8110726752857	0.000146632168231491	0.00618183868855478
jcf7180000348076_25901_26000	HELPU_008522	8.84267598694117	0.744389456082538	103.79708305891	3.82397761728882e-08	6.51958593444754e-05
jcf7180000347628_75801_76200	HELPU_008529	-2.31793844194639	3.29262497847512	11.7479166022593	0.00266142899461568	0.0325062949401213
jcf7180000347628_94301_94500	HELPU_008530	-2.09033842812144	1.10006111594672	11.8829220538275	0.00254333493833737	0.0316033225519059
jcf7180000392923_175301_175400	HELPU_008541	3.94326822233455	2.19372436804607	12.2278639521057	0.00226712241708305	0.0295515187293094
jcf7180000348420_89901_90100	HELPU_008545	6.86453551431723	4.03719643394508	20.6227731846984	0.000197963854399801	0.0073850212196108
jcf7180000393098_80901_81000	HELPU_008555	6.9930441069141	3.53892696099351	24.088260849684	8.45481991301228e-05	0.00450261290842585
jcf7180000413397_106501_106600	HELPU_008562	1.70125889547574	1.39459786631203	12.6472129869399	0.00197513445289488	0.0272471143832453
jcf7180000348462_14001_14100	HELPU_008564	2.21286266850734	0.0539878630421231	13.243801616044	0.00162894529699732	0.0243896452996891
jcf7180000348306_66101_66500	HELPU_008576	-2.60323094659981	2.16767809507353	50.31748167255	6.98810170022155e-07	0.000304758824756877
jcf7180000348306_119601_119900	HELPU_008578	5.30560939217002	-0.182875927228631	15.1779113309541	0.000894956323836556	0.0172363942285861
jcf7180000348573_42201_42400	HELPU_008583	1.65293460288748	0.680857547502842	12.2701114848774	0.0022356414456485	0.0292784085022524
jcf7180000354541_88501_88700	HELPU_008600	-1.75414623029402	1.31764864871813	33.5038712131761	1.14377526984402e-05	0.00149829873207922
jcf7180000417442_94701_94800	HELPU_008604	8.815343528542	1.29137733981938	33.6277298653367	2.69251608447032e-05	0.00238855053531891
jcf7180000348873_59601_59900	HELPU_008610	1.7445178991782	1.06538184718229	18.8779532926227	0.000312413894121363	0.00955716911796429
jcf7180000348873_80901_81100	HELPU_008612	-0.940499226315747	2.69970461347973	9.86005241106582	0.00514174426310802	0.0483431814817829
jcf7180000422604_46501_47000	HELPU_008613	0.928467062588586	3.22164829122622	9.78516825262308	0.00528340202290625	0.049183315646455
jcf7180000349109_25701_25900	HELPU_008618	5.87775927880032	2.54410453154454	11.5173600108888	0.00369937783606763	0.0396379506004542
jcf7180000349109_95501_95700	HELPU_008623	-3.23225927279362	0.0424375305265683	15.3112574432565	0.000859925622697102	0.0168564136553697
jcf7180000358929_10201_10700	HELPU_008625	3.49178303168472	4.04810160029127	20.572691005026	0.00020052533603483	0.00743766056133129
jcf7180000417431_84501_85200	HELPU_008634	3.07738254121351	4.51057746202726	20.8627180171213	0.000186182093745354	0.00713259315438517
jcf7180000413845_38801_39300	HELPU_008637	-2.03630567317536	2.5588573965533	27.676446629871	3.76385397868836e-05	0.00289688095244504
jcf7180000420523_165001_165100	HELPU_008646	6.06051575519625	-0.657867413265891	17.3059351571594	0.00157859075916112	0.0239144769331064
jcf7180000420523_174301_174400	HELPU_008647	3.632854087496	0.536341740608671	10.8063702768559	0.0038674165020938	0.0406764206035521
jcf7180000420523_218201_218300	HELPU_008649	4.59056935842336	0.67882603518827	16.7532413413754	0.000564200978232185	0.0133787891044052
jcf7180000351356_70701_71400	HELPU_008650	2.26542832155565	2.8965205848796	20.4131440131136	0.000208932294938794	0.00760671524363669
jcf7180000351356_148001_148400	HELPU_008654	3.39256507505629	1.31092712643464	20.3164018936675	0.000214218789327529	0.00772509352802022
jcf7180000417210_170101_170200	HELPU_008669	-3.54550229326169	-0.386458377075316	9.76612812578368	0.00532462595994652	0.0494451733813196
jcf7180000348144_174101_174300	HELPU_008678	1.67731597352126	1.81153007085445	20.6880267037658	0.000194241983422942	0.00730516656852457
jcf7180000348859_21701_22000	HELPU_008680	2.03317879216449	3.62801247279864	18.0337996326342	0.000393894956267419	0.0109006908829766
jcf7180000348617_130701_130800	HELPU_008689	3.57825913125693	0.337583936292612	31.798302977958	1.60184705063585e-05	0.0017790979142807
jcf7180000348617_131601_132300	HELPU_008690	-1.56763536188331	4.07510478930444	19.4675618436596	0.000267481291519865	0.00877191022282577
jcf7180000348617_147501_147900	HELPU_008692	-3.03463716153485	1.34874208203936	15.2657863169722	0.000871697886180204	0.0169826072406921
jcf7180000349305_73301_73400	HELPU_008694	5.23420865163544	0.190971216502325	54.0609620465167	2.36273974389458e-06	0.000601023496114115
jcf7180000354375_72201_72500	HELPU_008704	-1.72054044117727	0.62385489029608	15.389518674918	0.000839218372079336	0.0166344514555631
jcf7180000347963_4301_4600	HELPU_008705	-1.9422739347806	1.99286709877866	18.3560629166797	0.000360585955244797	0.0103613115372092
jcf7180000417477_30301_30400	HELPU_008713	3.17122528223477	-0.375828897828011	11.6954831958395	0.00270892220377592	0.0328585395252499
jcf7180000417477_68801_68900	HELPU_008714	-6.69776152628682	-0.561605373908313	20.3583645208148	0.000580475146464618	0.0135693202622906
jcf7180000417477_103101_103300	HELPU_008719	3.36169610937586	2.26890960012026	26.8482868199894	4.51045710771332e-05	0.00319726985480864
jcf7180000349138_120901_121000	HELPU_008724	3.79419152003943	0.173545540518696	10.1060229625684	0.00470951135583383	0.0458261158670649
jcf7180000349138_145101_145200	HELPU_008725	-6.14947427824515	-0.616862749814209	16.967767630383	0.00120238493260467	0.0204513744315383
jcf7180000350225_33901_34000	HELPU_008729	2.81204698632907	1.35781772352412	11.2081671210087	0.0031981851574656	0.0362948841117872
jcf7180000350225_66001_66300	HELPU_008730	2.13132855123682	-0.185541581087051	13.7905711368232	0.0013680396429408	0.0220428046004832
jcf7180000421883_16201_16400	HELPU_008735	-3.00263289944007	1.6442279727935	32.7164096509145	1.33714479732584e-05	0.00162423811293039
jcf7180000421883_26701_27000	HELPU_008736	3.36651772135895	0.653023764984636	28.5230450226272	3.13878499805003e-05	0.00263217758869268
jcf7180000421883_33101_33400	HELPU_008737	3.47224404885462	0.847739258061985	43.0231389784066	2.14182685913708e-06	0.000566090224088154
jcf7180000421883_42401_42700	HELPU_008738	1.99153241428091	4.43212097235218	11.0635083924674	0.00336171949581133	0.0374605987405366
jcf7180000421883_57201_57800	HELPU_008740	5.02596431046551	1.41722082329115	23.1986742307571	0.000104453226082234	0.00508122014046469
jcf7180000348662_3101_3800	HELPU_008744	-0.911171530491701	2.31117711588113	10.3361651623562	0.00433397030474424	0.0435505933369695
jcf7180000417621_58501_58700	HELPU_008754	5.54162266529686	-0.444787150176699	15.849759959439	0.00119955579735431	0.0204235373220474
jcf7180000417621_88701_89100	HELPU_008757	2.27999048916842	3.8297972645333	21.9633693798389	0.000141191658418203	0.00604500794405837
jcf7180000347829_5301_5500	HELPU_008758	-1.52910533149741	0.470662447004634	14.9991790699709	0.000942982930416312	0.0177547772312491
jcf7180000351030_42801_42900	HELPU_008763	4.31136442389685	-1.0846884333615	12.0671009640488	0.00456950952093639	0.0449692803144905
jcf7180000347243_183801_184000	HELPU_008770	4.76590057772273	0.400861198876783	12.9987049723413	0.00201772638496039	0.0275878670098644
jcf7180000347243_218501_218700	HELPU_008771	4.76590123539649	0.408891154422218	13.0064455898898	0.00201291023289977	0.0275453556580566
jcf7180000349318_20801_21200	HELPU_008788	2.49309097705753	1.68000344259109	24.8264210491462	7.11857724345282e-05	0.00410169528084985
jcf7180000349318_94401_94700	HELPU_008792	-1.42702059876926	1.13556292078311	15.7147770357298	0.000761601023092607	0.0157746688209152
jcf7180000348663_88401_88800	HELPU_008800	-1.29798501172177	0.633028344105573	10.7070251668692	0.00380209977433922	0.0402851317991227
jcf7180000348663_161001_161100	HELPU_008802	2.11386612771201	2.79880074061054	12.570450170155	0.00202530978586866	0.0276476697186637
jcf7180000356425_47301_47400	HELPU_008806	6.3522455301483	0.735129132974243	14.9685645218632	0.00122796880972863	0.0207066656225211
jcf7180000413519_54001_54600	HELPU_008812	-1.72430226032473	4.65985457967301	11.6467719921024	0.00275388672484229	0.0331785779816776
jcf7180000347494_21301_21400	HELPU_008817	2.97405231636579	2.24166384943714	10.6434505677282	0.00389160215905766	0.0408077521709882
jcf7180000392625_34201_34600	HELPU_008824	3.45677054391818	2.49735524896127	34.3754938794356	9.72661286910768e-06	0.00136629839353803
jcf7180000392625_79301_79400	HELPU_008825	4.25264395660938	-0.365853533717336	18.3399827050449	0.000362172237372824	0.0103767037545249
jcf7180000392625_105101_105200	HELPU_008826	5.92190552556078	-0.475211088331474	13.1242362762241	0.00194118493159658	0.0269775728482491
jcf7180000348596_104901_105100	HELPU_008836	-3.99670039793691	-0.0121511470407937	11.5379394079222	0.00285736746438319	0.0339219741548379
jcf7180000349593_18401_18600	HELPU_008839	7.19500473939671	3.76269173214081	11.0917885279552	0.00371479014286887	0.0397391669935201
jcf7180000349593_133401_133700	HELPU_008845	-1.18175035976952	1.82011705713421	15.5747420121565	0.000793816234906224	0.0161286525610732
jcf7180000420418_36801_37000	HELPU_008846	-2.81254874881699	0.502517846262604	23.6615568614211	9.35187095861119e-05	0.00476539466831903
jcf7180000420418_58601_58800	HELPU_008848	5.18449435170465	1.52512986886588	16.0951157627886	0.000743383585287978	0.0155852093531898
jcf7180000352671_7501_7700	HELPU_008859	4.91302149782853	0.474622120970377	14.697801286526	0.00103478020204603	0.018757609577333
jcf7180000352671_63801_63900	HELPU_008861	5.6064752423795	2.28191807255207	10.255040797976	0.00468137317968195	0.0456479945738202
jcf7180000352671_85301_85500	HELPU_008866	-1.31145301146237	1.71548653502988	10.0857444128003	0.0047439085307661	0.0460089895622436
jcf7180000417251_42601_43700	HELPU_008882	-2.00669513372157	3.88612179744715	11.9547659625899	0.00248286635151036	0.0311925944323899
jcf7180000417251_172501_172700	HELPU_008884	-3.26399045162437	0.419251133460092	18.4545008406926	0.00035104081047529	0.0102172102654208
jcf7180000349181_61701_62300	HELPU_008889	-1.86650736362217	0.630596947458208	29.7572488603288	2.41458188475655e-05	0.00223964198673952
jcf7180000349181_96501_96700	HELPU_008892	3.70326142888778	3.66213520768973	10.9486418258932	0.00349818904753535	0.0383590136027873
jcf7180000349181_107201_107800	HELPU_008893	1.93595243088826	0.933197937279883	14.2871765277468	0.00117367107982176	0.0201638127627224
jcf7180000350668_101901_102200	HELPU_008904	6.07005210034256	0.868946756982554	28.973944918738	2.85325587996908e-05	0.0024697779447927
jcf7180000356465_34701_34900	HELPU_008915	3.6737664649241	-0.0958926296990111	10.4417747693193	0.00417843976750043	0.0425989666234506
jcf7180000356465_67501_67700	HELPU_008918	1.9028598369605	0.137529673744508	13.7500540568058	0.00266984148557707	0.0325734609875616
jcf7180000420520_64601_64900	HELPU_008921	-2.30340693767361	2.34667262490188	16.5750976383601	0.000593763114494895	0.0137519032583027
jcf7180000420520_98501_98700	HELPU_008926	4.15226707485843	0.266068046725469	23.1140190468445	0.000106601607611478	0.00513169389299712
jcf7180000347281_52101_52700	HELPU_008930	-1.8146335381386	2.00772166625695	22.8559190958271	0.000113314787162446	0.0053207236955046
jcf7180000349515_57501_57600	HELPU_008939	6.71343759776668	4.10522669479576	27.070675059896	4.29511444351112e-05	0.00311499356783901
jcf7180000349290_132901_133100	HELPU_008947	2.20248075938014	0.237883787596727	13.587431931262	0.00146039828792622	0.0228665336694825
jcf7180000417933_28501_28600	HELPU_008948	-3.66445922612676	-0.254670282603664	16.2935760855504	0.000853535120508422	0.0167816792944718
jcf7180000417933_73101_73200	HELPU_008952	7.56945788418729	4.30361589417091	19.9551513059658	0.00038718990647408	0.0107861110606303
jcf7180000417406_114101_114200	HELPU_008963	6.39316250399164	0.645390735524418	10.5602451076936	0.0040072065194989	0.0415703811724117
jcf7180000417406_131301_131400	HELPU_008965	-2.2547160188114	2.28440495045771	13.1654674702435	0.00167031179032563	0.0247528143195157
jcf7180000350306_83701_84500	HELPU_008976	5.76356853842885	2.62873338799161	35.5840226585099	7.76258070312945e-06	0.00119474083990073
jcf7180000348352_23601_23900	HELPU_008978	1.950885192841	1.66103226307023	21.4867101354587	0.000159006517529849	0.00649672640086691
jcf7180000348352_36001_36300	HELPU_008980	-1.51765378463771	3.84515828686582	13.032851879612	0.00174301935778741	0.0253523278084104
jcf7180000347051_92501_92600	HELPU_008989	-2.60938048061249	0.465213990180537	26.9236399287179	4.42264533995234e-05	0.00317008267464096
jcf7180000393215_54501_54600	HELPU_008995	-7.51889367329004	-0.234935323206211	36.924048001456	1.58843351919395e-05	0.00177031224747925
jcf7180000393215_119701_119800	HELPU_009001	7.02751905403946	-0.451834803147874	12.1412610060982	0.00508500120392096	0.0480211552863656
jcf7180000413640_25901_26000	HELPU_009004	2.73573899988161	-0.265228178561663	11.9641861983233	0.00247505647433888	0.0311422860997832
jcf7180000413640_60501_60700	HELPU_009009	3.84775081845937	0.500053503944467	13.6521499942322	0.00143086581557341	0.0225694478196621
jcf7180000350543_30201_30400	HELPU_009011	5.2686459159078	-0.464255967657527	18.8470858787164	0.000391786730072954	0.0108588282205137
jcf7180000351100_17801_18000	HELPU_009019	-1.04788721829539	2.58744488204335	9.94723116148745	0.00498362854642889	0.0473936702166536
jcf7180000353956_42101_42300	HELPU_009031	-2.59972378638335	0.586434295972763	20.9136399260025	0.000183782497941951	0.00708292108961506
jcf7180000349791_86701_86800	HELPU_009037	5.3497081733139	0.321472372986177	12.3867325272188	0.00375636740726302	0.0400253526693831
jcf7180000417109_72001_72100	HELPU_009047	5.14456232205306	0.101243687989051	15.9763695128001	0.00131761307666334	0.02156571204054
jcf7180000417109_92801_92900	HELPU_009049	6.00548709802872	-0.600718547401697	15.6266973444953	0.00102293277080223	0.0186186922564831
jcf7180000396601_47801_48600	HELPU_009054	-1.82562218131503	2.86947080273959	17.6768654548199	0.000434805359223722	0.011562528514193
jcf7180000392555_31401_31500	HELPU_009057	4.51435247634011	0.534869793765081	20.5890876916712	0.000199682715670367	0.00742299464818982
jcf7180000351042_94201_94400	HELPU_009067	-1.52869063577297	1.36606839852198	10.1412776324831	0.00464649004591719	0.0454395918051802
jcf7180000350589_45201_45500	HELPU_009071	4.63310662111019	1.75677108494948	16.726339260682	0.000568559147596081	0.0134300974765349
jcf7180000417356_31401_31500	HELPU_009075	4.64489801382849	0.473457034749679	16.4031092903912	0.0006239345081658	0.0141789157890427
jcf7180000417356_90001_90100	HELPU_009079	5.31935602901079	1.33826175848532	15.6700699177433	0.000772960317139902	0.0158866607444386
jcf7180000347629_52101_52900	HELPU_009083	-1.23425863290195	3.97347204509997	21.7241992828254	0.000149481182616225	0.00625499586460445
jcf7180000347629_100401_100600	HELPU_009086	6.97018409500868	2.45907619837372	16.5921380892004	0.00113452007175201	0.0197494336083453
jcf7180000347629_117301_119400	HELPU_009087	-1.05656277524632	4.40680668839018	12.7226625568625	0.00192481139413424	0.0268320413290353
jcf7180000392864_120901_121100	HELPU_009095	4.10758991946438	0.91480028728952	24.9940841395678	6.84864739797285e-05	0.00401234920895719
jcf7180000413506_64001_64200	HELPU_009101	1.84609939906836	0.533625727717522	10.9954836787617	0.0034418092426466	0.0379711369287587
jcf7180000354455_26101_26200	HELPU_009116	4.02496986557274	-0.704623699324215	11.5668146349274	0.00339230381980054	0.0376695125298135
jcf7180000354455_64101_64200	HELPU_009117	5.96768254635097	0.317642873723457	20.5169347051354	0.000468900263754214	0.0120464342852568
jcf7180000348220_185301_185400	HELPU_009124	-6.08276962477118	-0.163268095820444	23.6718728837097	0.000204457671461387	0.00751271555628098
jcf7180000369424_149401_149500	HELPU_009132	4.81520853500954	0.631300218534398	44.3526095200734	1.73403698267467e-06	0.000505264507463436
jcf7180000359003_4401_4500	HELPU_009135	6.84752260814574	-0.680050817826905	16.1455666344089	0.00169551284559418	0.0249391802919429
jcf7180000351891_64201_64300	HELPU_009145	2.68474531343966	-0.130956972108451	11.012112733109	0.00342203719571587	0.0378495395828635
jcf7180000351891_95701_95900	HELPU_009146	2.93893140930083	-0.0735792870072985	12.4845007467899	0.00208317131784635	0.0281238928665524
jcf7180000360000_59901_60600	HELPU_009153	1.70803451786545	2.38990995184997	12.0260613228952	0.00242443019320451	0.0307407115585107
jcf7180000349397_54701_55100	HELPU_009157	-3.75963809032478	0.974498094253002	11.4215696268037	0.00297280752585102	0.0347391492865796
jcf7180000351300_8201_8300	HELPU_009161	6.99495462308135	2.8995473287372	11.855131956617	0.00256716110225661	0.0317863527369859
jcf7180000351300_63801_64000	HELPU_009166	2.05685233108305	0.275000815773904	12.3115199362563	0.00220525491441117	0.029059833887102
jcf7180000351300_103601_104500	HELPU_009168	-1.03904835711905	3.52373825839196	13.1729321849067	0.00166419764360418	0.0247095090179159
jcf7180000417336_53201_54900	HELPU_009171	-3.87758052394638	3.26234827399342	26.5900438504636	4.77556923922125e-05	0.00331118850274129
jcf7180000420593_95301_95500	HELPU_009179	1.04677649320621	2.5360959058492	15.972345430355	0.000706051214240955	0.0151473396106205
jcf7180000349843_40501_40700	HELPU_009182	-4.33500953667606	-0.46834280358115	12.6974061003857	0.00194307096995153	0.0269985441307028
jcf7180000349843_51001_51200	HELPU_009183	1.736370586473	0.42564922370547	20.3170480464601	0.000213711000598824	0.0077200909028275
jcf7180000348199_90801_91100	HELPU_009189	-2.57101879865215	0.468938030065002	22.4948143622038	0.000123880698175701	0.0055816009704775
jcf7180000351888_36701_37100	HELPU_009195	-1.36912607076859	2.47807641166776	10.1892746460762	0.00457117116616547	0.0449713009299411
jcf7180000362230_12501_12900	HELPU_009201	-1.6244889035227	2.98413188982139	11.6017607905696	0.00279617211704154	0.0334942443286989
jcf7180000421116_130601_130700	HELPU_009215	-2.84878798193192	3.79420135534625	14.0125069346396	0.00127804254030701	0.0211684433408036
jcf7180000421116_168501_168600	HELPU_009217	3.47091230990732	-0.214574866541142	9.91739724917252	0.00504048647908462	0.0477426397298281
jcf7180000350810_75901_76000	HELPU_009233	7.0664640039331	-0.598189131174572	29.0949732204228	0.000639212248809394	0.0143668005030661
jcf7180000352588_39501_39700	HELPU_009242	5.98584773966837	-0.338701633722099	30.2950317163675	3.12649255907083e-05	0.00262549849329077
jcf7180000417553_98501_99000	HELPU_009248	-4.46145198325505	2.32629522846471	21.3930589238706	0.000162790310916142	0.00658116307477455
jcf7180000417553_109301_109500	HELPU_009250	6.89153850728219	1.63172715368428	13.5052330375178	0.00172804298181692	0.0252310836087514
jcf7180000351292_29801_30500	HELPU_009260	1.82067804882546	1.9865261598519	10.7643909925558	0.0037301129885047	0.0398533477410694
jcf7180000351292_50901_51200	HELPU_009262	-5.02172438910701	3.34760616920973	15.2189741668512	0.000884003689188746	0.0171291113978667
jcf7180000355121_65201_65500	HELPU_009270	-2.22730453110951	0.909158387693311	21.8638645881352	0.000144555472325974	0.00612403346722553
jcf7180000417386_61501_62000	HELPU_009273	-1.77776892253534	1.34957478834565	32.1172994906315	1.49828944026843e-05	0.00171388846037697
jcf7180000417650_65201_65400	HELPU_009280	5.98584773966837	-0.338701633722099	30.2950317163675	3.12649255907083e-05	0.00262549849329077
jcf7180000393348_34701_34900	HELPU_009281	4.22705565326968	1.64220430777905	15.8347615558175	0.000736336638261987	0.0154998672953234
jcf7180000347773_9201_9300	HELPU_009282	8.7555432126607	0.658965738790201	74.7073746956864	5.80649450245192e-06	0.00103236300487511
jcf7180000347773_81701_81900	HELPU_009288	3.33825761233556	0.758529579430847	19.2100959062357	0.000286408556739354	0.00911602885667107
jcf7180000351350_47101_47200	HELPU_009302	6.87790803020235	-0.492550065988066	14.1363698145412	0.00237199660403478	0.0303494984054261
jcf7180000348063_116701_116900	HELPU_009310	-1.790387380226	0.434862273983797	9.90752514947239	0.00505850697383114	0.0478529948145034
jcf7180000348063_143801_144300	HELPU_009311	-4.43710848643962	1.26757249605003	25.2067928316761	6.52229929370368e-05	0.00390175985755569
jcf7180000349484_6401_6500	HELPU_009313	4.90574659267463	-0.783077143673376	12.916637235057	0.00292283769264328	0.0343909802321298
jcf7180000347638_13301_13500	HELPU_009325	-4.69246391394637	3.5490097394142	14.3499190560944	0.00115117505914168	0.0199207116158031
jcf7180000347638_69901_70600	HELPU_009331	2.80220993038681	2.24180546781419	23.1938472556169	0.000104574433685898	0.00508366281692985
jcf7180000347638_83501_83900	HELPU_009333	-1.34008793723243	1.41571957757344	11.7542869513008	0.00265432037267742	0.0324609974546294
jcf7180000348135_159101_159200	HELPU_009338	-5.05459396531708	0.409748133139785	12.2772338132003	0.00236911071105829	0.0303336323842131
jcf7180000347994_86101_86200	HELPU_009341	-7.96434692082194	-0.00434956785973806	56.7698162043274	4.21462708484728e-06	0.000855848285376534
jcf7180000347994_93701_94000	HELPU_009342	2.54210265073589	0.607367180609312	12.8770896460029	0.00183292532754381	0.0260947016647144
jcf7180000348244_27501_27600	HELPU_009348	3.82201658499581	0.90328459035174	18.7905820417303	0.000320494738194044	0.0096872481360287
jcf7180000348244_101101_101600	HELPU_009351	3.74152641322455	2.85695843138959	15.2072005032669	0.000887128837550512	0.0171629619421196
jcf7180000358947_28201_28400	HELPU_009352	-2.15433351255027	1.90654726567164	46.7857655325976	1.18095601250594e-06	0.000408030986482556
jcf7180000355696_52201_52300	HELPU_009362	4.8939423914428	-0.297726701648847	13.7682631367369	0.00159617393575393	0.024089114911017
jcf7180000392725_76501_76700	HELPU_009370	8.39508369331642	3.07881407443374	51.1537033308367	8.39599496411903e-07	0.000335944935853896
jcf7180000356429_63601_64100	HELPU_009373	2.8236682818148	1.78149246537308	11.527598080487	0.00286742234016266	0.033987468596142
jcf7180000356429_98401_98500	HELPU_009376	6.7291406492976	-0.684405673963343	28.9700927785025	0.000123047370927592	0.00556427049458123
jcf7180000351960_3301_3500	HELPU_009377	3.23352144713259	0.733946121956917	15.9028029665234	0.000721768974170581	0.01533294681931
jcf7180000351960_42301_42500	HELPU_009382	-1.87121009970533	0.257693093468174	12.4277401383102	0.00212119931185654	0.0284269290832889
jcf7180000351960_49001_49400	HELPU_009383	-3.01530543933511	2.69335291206969	40.578567061249	3.21572312727284e-06	0.000715147387775699
jcf7180000360152_18801_19100	HELPU_009387	-2.08785054046989	1.50731807749509	11.8035704530759	0.00261202591310226	0.0321351360253706
jcf7180000352607_59601_59700	HELPU_009403	3.28904144276774	0.44281671226852	16.0491679331945	0.000691499253390919	0.0149764882155766
jcf7180000349296_61901_62000	HELPU_009415	-6.56265377398856	-0.661279467785654	15.289812864226	0.00138635101576548	0.0222208863416302
jcf7180000347488_65401_65600	HELPU_009427	2.66295607617892	0.0494183848706473	14.9842183600878	0.000948682772182831	0.0178105242343791
jcf7180000347488_88101_88200	HELPU_009429	-3.12505010752928	1.80997026595733	18.3514438879586	0.000361040827232011	0.0103638627495715
jcf7180000392943_74901_75200	HELPU_009430	1.80310978336195	1.92903676196763	12.4599623615833	0.00210002484298154	0.0282621724240321
jcf7180000351029_65001_65100	HELPU_009445	1.56763314803058	1.94501344996287	20.9411416466161	0.000182083720185629	0.00704220187625003
jcf7180000351029_101001_101300	HELPU_009446	-1.5324151644212	1.25838957523889	13.1195876945541	0.00169313691811603	0.0249183089119936
jcf7180000374646_72601_72900	HELPU_009450	2.85288502956728	0.233072585660777	11.6009418549381	0.0031423488754459	0.0359079019376777
jcf7180000374646_77601_77900	HELPU_009451	-2.00281592414425	0.542845591154745	12.0678445749673	0.00239089235459007	0.0304784335056048
jcf7180000413293_18901_19300	HELPU_009468	-4.17403981501542	-0.1414156647217	18.5837791049798	0.000338926196554516	0.00999818302338092
jcf7180000413293_31801_32000	HELPU_009469	-2.11019538281564	0.0490719975798365	10.2708860244607	0.00443800865979544	0.0442036897589883
jcf7180000413293_145301_146100	HELPU_009472	-4.96984463702633	1.53964256846436	32.2506407808514	1.46485408731548e-05	0.00169593274724136
jcf7180000347641_41201_41400	HELPU_009476	-2.18129274438984	-0.228842281423996	10.6700823982077	0.0038535665522513	0.0406064861622281
jcf7180000347258_67501_68000	HELPU_009494	-3.49002216509515	1.77583710064816	20.4196024668735	0.000208584529885729	0.00759718224079091
jcf7180000347258_79401_79500	HELPU_009495	3.60002955611671	0.145131743390197	31.5882285875812	1.6702175922789e-05	0.00181210384205935
jcf7180000420539_50401_50500	HELPU_009497	4.41191505943875	0.174232930247834	17.4192434202531	0.00046724535656698	0.0120205018545497
jcf7180000350122_61001_61100	HELPU_009514	4.93894448513103	-0.778686858905275	18.0382699538251	0.000806155202556712	0.0162542231971146
jcf7180000349951_30901_31100	HELPU_009520	1.70501569896145	1.81607903132846	21.2964378357363	0.000166544744504582	0.00667173587891102
jcf7180000356381_34301_35000	HELPU_009543	-2.67744692802432	2.51781222796463	13.3731455803372	0.00156310042176741	0.0237816936420681
jcf7180000348658_23501_23600	HELPU_009548	2.63677453040356	0.494097650956343	11.4613964948625	0.00293272693740981	0.0344648582543854
jcf7180000348658_129901_130200	HELPU_009552	-1.73577079387569	1.0456093181166	10.4320418235388	0.00419286451562317	0.0427004303863608
jcf7180000350450_133101_133300	HELPU_009559	-2.29003094906391	0.563193570003767	10.4133440248053	0.00422073102173051	0.0428714253825031
jcf7180000351597_61301_62300	HELPU_009565	1.18075119790425	3.90301966730234	13.0019744217787	0.00175900881620187	0.0254780085056006
jcf7180000349508_32601_33100	HELPU_009567	2.61138879057279	1.72426139368588	35.7776627452344	7.4905929634333e-06	0.00117559083153016
jcf7180000349301_83101_83400	HELPU_009573	6.03682469927507	0.609944555582491	32.7738973783594	1.32225150103908e-05	0.00161573605242372
jcf7180000349301_83101_83400	HELPU_009574	6.03682469927507	0.609944555582491	32.7738973783594	1.32225150103908e-05	0.00161573605242372
jcf7180000393807_14001_14100	HELPU_009575	4.48399069119938	-0.502200769148636	11.8528547154445	0.00361438251214662	0.0391241992419356
jcf7180000393807_20501_20600	HELPU_009576	3.0917854311219	0.182177319206037	14.23519187257	0.00119267841415445	0.0203584803415385
jcf7180000393807_99301_99400	HELPU_009579	7.12632020989274	1.33192915048365	26.9585163371188	6.09962162240849e-05	0.00377098278100928
jcf7180000417344_57001_57300	HELPU_009580	-1.3432031322261	1.90188670591173	10.6764122984381	0.00384683323571418	0.0405713566244166
jcf7180000417344_71701_72100	HELPU_009582	-1.17719720009983	2.72020360868342	16.1273775467636	0.000674782203042853	0.0147877461416186
jcf7180000413315_41501_41600	HELPU_009591	3.39938679301512	0.236372379528639	13.2865303245692	0.00199734067618971	0.027429270645778
jcf7180000356489_68101_68200	HELPU_009596	-7.62740976671431	-0.089133589099001	35.3905590123739	1.57241426997088e-05	0.00176343736141327
jcf7180000415688_60901_61200	HELPU_009599	-2.86204127431421	0.764157215444739	12.695926461305	0.00194400788158231	0.0270076318328552
jcf7180000355796_26001_26100	HELPU_009615	-7.19658280389396	1.1855935749951	38.9267414515731	8.90247539690921e-06	0.00129240208844932
jcf7180000348011_8801_8900	HELPU_009617	-4.55993716632747	0.360785687294353	14.816152423197	0.000998198481237326	0.01835586776999
jcf7180000348011_120301_120500	HELPU_009621	3.4501026722027	2.54193127115284	58.2940283406842	2.35260709955778e-07	0.000167624426294785
jcf7180000356396_26101_26200	HELPU_009624	3.10484965435338	-0.166871001466689	12.611890448172	0.00199804968599031	0.0274363764997913
jcf7180000356396_34201_35100	HELPU_009625	2.17192358557548	3.72885693631998	32.3986644769185	1.42286781600797e-05	0.00166686200382705
jcf7180000417397_84601_84700	HELPU_009646	3.72298267064194	0.0840554283561217	16.4266346816456	0.000619709306442161	0.0141327090692485
jcf7180000349934_1801_2100	HELPU_009651	2.13449797554184	0.833620901034089	16.4413349129513	0.000617085166968923	0.0140937607144093
jcf7180000413696_61601_61800	HELPU_009672	-3.88766465832997	0.0759214585458463	18.5892881770876	0.000338420294359156	0.00999100285017624
jcf7180000353919_59701_60000	HELPU_009681	-2.67241924427619	0.0545062378919894	28.30636965012	3.27646983916056e-05	0.00268979485990611
jcf7180000413571_35201_35300	HELPU_009682	5.70939035752145	0.159101748582573	12.1446939940127	0.00401403549855524	0.0416221317650031
jcf7180000413571_67401_67600	HELPU_009684	2.53593907684281	2.38545441047102	26.4022793372701	4.97910311346181e-05	0.00337950134473821
jcf7180000348856_26201_26600	HELPU_009688	-1.85181824189142	3.75073988480929	14.3848748982757	0.0011388489163658	0.0198002434561153
jcf7180000348856_63901_64100	HELPU_009691	3.83415935209584	1.71641845365873	14.6927805211722	0.00103636453155555	0.0187773615859802
jcf7180000352593_39901_40400	HELPU_009697	2.33303145257987	1.24961063399192	10.5244139311942	0.00405815967659108	0.0418846514499711
jcf7180000420484_122101_122500	HELPU_009705	-1.3868920411658	0.815847198810813	10.4727790677499	0.00412956197639094	0.0423024229538188
jcf7180000347887_166501_166600	HELPU_009728	1.1711193440939	1.20872913602528	10.719158294901	0.00378596783446443	0.0401943514927219
jcf7180000349931_48701_49300	HELPU_009735	1.55366058212658	1.14141217750235	14.1927314645423	0.00120734848170587	0.0204978569152322
jcf7180000349931_107701_107800	HELPU_009739	6.7377725180199	-0.0599029209582749	27.4775647095603	9.87128250403095e-05	0.00492803444705983
jcf7180000366633_41501_41600	HELPU_009753	3.3261302570543	2.06564066853111	50.3768963162792	6.9613045738835e-07	0.000304413066440264
jcf7180000347816_48901_49500	HELPU_009762	1.18288615935581	0.56240559698945	11.8689801958964	0.00414088285576867	0.0423759567720971
jcf7180000347816_228301_228500	HELPU_009770	-1.1230357012532	1.41819507427788	13.1205263137614	0.00169242101416791	0.0249141735018282
jcf7180000350978_9301_9400	HELPU_009778	6.8779032873064	1.04641513979175	16.6438571648137	0.00151800027291386	0.0233975280724264
jcf7180000350978_40201_40300	HELPU_009780	6.55683912250066	3.83966332980852	31.8793294391618	1.57630487480462e-05	0.00176641735671229
jcf7180000350978_55601_55800	HELPU_009781	-2.39416165250792	1.40178960027244	42.5564720239625	2.30408281380162e-06	0.000591884778572877
jcf7180000350978_66601_66800	HELPU_009782	3.42555836982026	2.57331702190033	31.2273696930238	1.79528901405979e-05	0.00188981714968799
jcf7180000352302_16101_16400	HELPU_009796	-1.48664934685633	1.23668375612292	12.5062189841919	0.00206813922317878	0.0280027849710423
jcf7180000351440_67501_67700	HELPU_009803	1.79967082886176	0.432878951080364	12.9990295277019	0.00176029421775248	0.0254846681485856
jcf7180000420430_6101_6400	HELPU_009805	-1.93943324945556	0.249075421439146	9.7963329538456	0.0052664973526294	0.0490893630518918
jcf7180000353200_17401_17500	HELPU_009812	6.2083906636603	2.87657036752522	11.1750764232466	0.00361364227862842	0.0391202931794052
jcf7180000347630_15901_16000	HELPU_009818	9.4835307442915	1.89441323267195	74.5757255825082	1.99462518295207e-07	0.000153167428224507
jcf7180000420511_105401_105600	HELPU_009828	2.80781545278744	1.336063823134	21.1834007337255	0.000171626271188462	0.00678678128196037
jcf7180000417221_19101_19300	HELPU_009834	-5.17817448619047	0.00231868764044488	37.5832882166609	6.75916317640077e-06	0.0011121675513746
jcf7180000353926_40801_40900	HELPU_009846	5.58250078740715	-0.452694986259277	27.2715783379857	0.000163172253104793	0.00659288178022945
jcf7180000347209_37401_37700	HELPU_009861	2.28126109185483	1.05589247305381	9.79008677487574	0.00527845992408111	0.0491592729856863
jcf7180000348615_22101_22200	HELPU_009868	-2.59167039590669	0.5935843090578	14.6258780248435	0.00105773391937112	0.0190005364266989
jcf7180000348615_39901_40000	HELPU_009870	3.28372253777486	-0.221190817278907	9.89789630793831	0.00507615240688029	0.0479644741677003
jcf7180000347728_27301_28200	HELPU_009872	2.48090634439624	2.11370943752798	10.3950646839718	0.00424817275869134	0.0430554962228401
jcf7180000347728_75501_76700	HELPU_009875	-1.00961301816707	2.81357992286602	10.997109690489	0.00343643321078955	0.0379327715047854
jcf7180000393644_47801_48000	HELPU_009883	2.71994016522201	0.413262187943618	18.9799037779487	0.000304587410890448	0.00941833729235868
jcf7180000417939_35101_35400	HELPU_009885	3.11654669183706	0.208391371454103	22.637267623797	0.00011964802551684	0.00548414546402815
jcf7180000417939_48801_49000	HELPU_009886	4.80920745770934	0.797102435580045	23.4126041800187	9.9233760647781e-05	0.00493630225096595
jcf7180000352226_71601_71900	HELPU_009895	-2.49648519268217	2.14569325190765	17.5718405938408	0.000447719925906232	0.0117461249565599
jcf7180000352226_75501_76100	HELPU_009896	-0.866889821970407	3.75601584851773	10.0894620603379	0.00473337622485346	0.045945735121191
jcf7180000392543_89801_89900	HELPU_009904	-4.34678923876539	-0.43326126842767	20.7240891685833	0.000192891612543759	0.00728264934267771
jcf7180000349324_49701_49800	HELPU_009928	-2.15282799937928	0.225772910449346	11.9263611397871	0.00250658123465417	0.0313546377135475
jcf7180000353940_75701_75900	HELPU_009932	1.39075830110812	1.17550823563124	10.2707027554088	0.00444021383535894	0.0442133540142658
jcf7180000417528_57901_58200	HELPU_009940	-1.27677745992165	0.737450194084463	11.982831533022	0.00245691759413535	0.030998481884213
jcf7180000349970_3401_3800	HELPU_009945	1.98318558620119	2.98156698976468	13.8156207958081	0.00135916927272225	0.0219585299384068
jcf7180000349970_50301_50500	HELPU_009949	2.11370239800586	-0.0177388327950975	13.104913917711	0.00170166164248075	0.0249936843890485
jcf7180000351767_4601_4800	HELPU_009951	-2.26989651067211	0.993885964110202	18.4354808371531	0.000352863152807133	0.0102450497686382
jcf7180000347471_20401_20600	HELPU_009957	-1.50737034832821	0.2459555140106	10.6987927660989	0.00381308881922869	0.040366027830783
jcf7180000347471_81601_81700	HELPU_009959	-1.74072273934855	0.772704029242561	14.6162561807543	0.00106084711114618	0.0190313951837822
jcf7180000355720_40101_41100	HELPU_009979	-1.93980766170427	2.31712937463921	9.86808873478265	0.00513121158714142	0.0482868393665071
jcf7180000393057_17201_17600	HELPU_009992	-2.61481967400055	2.36232844992166	32.8206310009598	1.31027882296536e-05	0.00160727722666167
jcf7180000393057_51201_51700	HELPU_009994	1.30326969863579	1.8464892948069	13.9512929420862	0.0013008873877591	0.0213944843079723
jcf7180000347479_132601_133000	HELPU_010000	-1.48474184246147	1.84898639721553	14.9833638656388	0.000947994449756925	0.0178043873012333
jcf7180000348353_24001_24200	HELPU_010002	3.54192337897255	0.800880635056242	24.6724127239319	7.37688265334728e-05	0.00419720631729352
jcf7180000347662_113501_113800	HELPU_010009	2.01695531164855	0.71937153555348	10.3791672230112	0.0042721998125808	0.0431813598601906
jcf7180000364315_71901_72600	HELPU_010024	2.20742460299127	3.75964775869908	21.7523959713891	0.000148789627069711	0.00623790493452811
jcf7180000352252_11301_11500	HELPU_010034	7.44898638046184	4.80270251830347	16.1182749792644	0.000677696854008884	0.0148142163476458
jcf7180000352252_50601_50800	HELPU_010039	1.57129493558074	0.626105498592637	11.6706251372807	0.00273176576285174	0.0330088552877307
jcf7180000417455_28001_28200	HELPU_010040	2.86249915123938	-0.286990387506044	10.4551791584515	0.00415866383966036	0.0424810826389311
jcf7180000417157_33801_33900	HELPU_010051	3.92635360360615	0.504483869076813	14.1185666159679	0.00123657122915886	0.0207725238426207
jcf7180000355488_51401_51900	HELPU_010059	-1.30842872775473	2.48124740616014	15.1291500575308	0.000907239658821398	0.017376054374094
jcf7180000355048_61401_61700	HELPU_010065	-1.39386674852815	1.94776556085247	18.6569916990157	0.000331610428651549	0.00987519940445138
jcf7180000392430_48001_48100	HELPU_010073	-2.19062881641452	1.16292820670981	10.723655733818	0.00378366009720258	0.0401840947627225
jcf7180000422244_67901_68100	HELPU_010078	-1.8745655475587	0.803310870992471	14.0298071539528	0.00127117410238167	0.021104717402207
jcf7180000350164_31701_31800	HELPU_010080	6.44182674400244	0.0202029452505687	18.6290492771062	0.000832860923616933	0.0165535948767488
jcf7180000350164_53901_54600	HELPU_010081	1.31709956654584	2.59695299956914	14.4024932973417	0.00113163351025233	0.019721404241956
jcf7180000357798_17901_18000	HELPU_010083	3.95373809982017	1.73630163051863	16.1440976028476	0.000672617766801263	0.0147686698323102
jcf7180000357798_30601_30700	HELPU_010085	5.3497081733139	0.321472372986177	12.3867325272188	0.00375636740726302	0.0400253526693831
jcf7180000357798_59601_59800	HELPU_010087	-4.92616922169522	-0.679374790524178	20.4040621987057	0.000479140358125057	0.0121908430934817
jcf7180000348823_88801_89400	HELPU_010090	2.36469851428937	3.60856979268396	33.0437511485549	1.25473935467059e-05	0.00157483443972077
jcf7180000420629_113301_114000	HELPU_010104	-2.08006473302795	2.13463932736536	25.3279058048395	6.34416465389023e-05	0.00384335881835833
jcf7180000347862_75501_76100	HELPU_010106	1.95478144290572	4.34474674213932	21.3031117458416	0.00016651811859938	0.00667160234383334
jcf7180000348965_41601_41800	HELPU_010112	5.42626822321569	-0.124467724786706	16.4201428962952	0.000620872076729619	0.0141430353365225
jcf7180000350633_59401_59500	HELPU_010125	6.84158550733118	-0.147839003980875	17.6486651775862	0.000767655982280248	0.0158365312256774
jcf7180000421968_17701_17800	HELPU_010131	1.24152414680776	1.48066915823308	17.6880568413682	0.000432647332469047	0.0115265822345874
jcf7180000421968_69101_69200	HELPU_010137	3.58688812621492	1.03844161203857	24.3663070523591	7.92151642027688e-05	0.00434870627718606
jcf7180000421968_92101_92400	HELPU_010138	3.74383064775711	1.96457517777695	16.8685427859977	0.000545935352038744	0.0131446156300877
jcf7180000348204_36601_36800	HELPU_010139	5.18371206948904	5.4795197650751	15.3634379700389	0.000846632333975808	0.0167029569044753
jcf7180000348204_112601_112700	HELPU_010140	-4.12715227071601	0.29577252565481	19.283161691107	0.000280891279525897	0.00902016089468082
jcf7180000348204_160301_160600	HELPU_010143	1.88359238841488	0.557112905547619	9.88160286702763	0.00510616710614516	0.0481540533731799
jcf7180000412819_63201_63300	HELPU_010155	3.23306793926538	0.177119966263182	13.9069944340615	0.00153117765494348	0.023505768151597
jcf7180000412819_96901_97000	HELPU_010156	5.09868244025815	0.884457420765387	14.3538103334584	0.00160539838595542	0.0241672067847823
jcf7180000412819_131601_131700	HELPU_010157	-1.48507706702838	2.49201110905094	17.5238892717861	0.000453756673641611	0.0118182575435252
jcf7180000348962_10801_11000	HELPU_010160	-3.28119427285763	0.825647526681279	20.0290869342819	0.00023080891247959	0.00807005668637593
jcf7180000348962_110401_111200	HELPU_010164	1.44804579785621	2.82771156589494	10.3984760301823	0.00424303650159896	0.0430308471495055
jcf7180000358098_10301_10900	HELPU_010167	-2.28107464598926	2.54959172062993	12.5207215018131	0.00205856712470095	0.0279466995261302
jcf7180000354447_63101_63700	HELPU_010173	1.54846708209114	1.5050722316786	13.475763007183	0.00173192330753214	0.0252645580500326
jcf7180000417809_58901_59000	HELPU_010186	6.71607398925992	3.31210934141344	25.7133128937453	5.81203997427207e-05	0.00366615170927844
jcf7180000351636_13801_13900	HELPU_010188	7.54332404931286	2.84253805274825	14.4278424214589	0.00112389720157142	0.0196527644315725
jcf7180000347271_83601_83700	HELPU_010201	4.54518546825507	0.258201362125261	11.5559864004467	0.00318869830249708	0.0362288492141742
jcf7180000347271_153701_153800	HELPU_010205	4.76504245280992	0.83410573242184	13.8263871797917	0.00145363846942156	0.0227980784033844
jcf7180000347467_70601_70800	HELPU_010227	1.52677925709084	3.78745804118223	11.7914712247837	0.0026226791401404	0.0322221653664149
jcf7180000418264_16601_16700	HELPU_010229	4.30951270241298	-1.04219965470406	12.4714537071671	0.00276036870933591	0.0332270427207454
jcf7180000349606_64701_64900	HELPU_010248	3.37571153329987	0.829398737328066	22.7726244396742	0.00011577350732607	0.00537917321931394
jcf7180000354481_65901_66100	HELPU_010253	5.43842750833095	1.75428842218633	16.5775602254368	0.00079115156702505	0.0160988327570534
jcf7180000421756_15401_15900	HELPU_010255	1.27236962740269	4.02188509953598	12.4656579209385	0.00209609958892762	0.0282252605405375
jcf7180000421756_29801_29900	HELPU_010256	-2.67492827625952	1.37018740821833	25.4242912367726	6.2062285184728e-05	0.00380451268538866
jcf7180000417751_8401_9000	HELPU_010258	-1.70221389317986	1.53700611714708	11.0090541843544	0.00342566435336024	0.0378723464426782
jcf7180000417751_12201_12600	HELPU_010259	2.12553705809124	0.283391926680354	11.7911314457839	0.00262297900576178	0.0322221653664149
jcf7180000350144_59601_59700	HELPU_010263	-2.97844661398311	-0.171963396333067	10.8833737019028	0.00357846288122514	0.038908567273305
jcf7180000350144_63601_63700	HELPU_010264	3.40314303322853	-0.0880312965978362	16.5751794971828	0.000791652809487316	0.0161026153968569
jcf7180000350144_74601_74800	HELPU_010265	1.92679742228546	0.284740850368131	12.253660603024	0.00224784197908996	0.0293832296741249
jcf7180000350144_78701_78800	HELPU_010266	-1.06622717714304	2.73762683236056	12.1048878143143	0.00235890128848086	0.0302630573929816
jcf7180000357223_57801_58000	HELPU_010271	1.83310841912245	0.928288386258766	10.0701417834095	0.00477056421722472	0.0461524974379801
jcf7180000348556_46001_46400	HELPU_010275	-1.39904538014039	2.19641611048043	15.1732423257321	0.000895416321456655	0.0172406164765976
jcf7180000417612_53501_53600	HELPU_010287	7.08796761978817	3.00017724397479	20.7863455622733	0.000189846026539781	0.00720702820990191
jcf7180000349450_27901_28000	HELPU_010292	5.21724018315988	-0.0229733438894461	48.333411167687	1.24905265972726e-06	0.000419828114808342
jcf7180000413371_154401_154800	HELPU_010300	-1.49626831244546	2.34773508854745	20.0345897802463	0.000229978748179373	0.00805085833595369
jcf7180000347473_151001_151600	HELPU_010319	-1.09453412657616	3.24011006015372	10.7177200957415	0.0037900589484936	0.0402228765215523
jcf7180000347821_35601_35900	HELPU_010338	4.86366873298247	0.000234425930426392	21.3048266074612	0.000213703524804808	0.0077200909028275
jcf7180000355151_4401_4800	HELPU_010356	1.8187840094711	1.25877751266677	9.90360771646529	0.0050656776699288	0.0479065888983622
jcf7180000355151_20401_20600	HELPU_010357	-2.0929662741315	0.277756865786238	26.6466549026657	4.70178429449417e-05	0.00328183977650586
jcf7180000393840_33701_34000	HELPU_010360	2.83962390161128	0.556343662635213	18.6496611722139	0.00033293046913212	0.00989830553063169
jcf7180000393840_51201_51600	HELPU_010362	-1.47530182814431	1.81538267729601	16.2632456985502	0.000649204908817774	0.0144967501690145
jcf7180000357179_15301_15400	HELPU_010366	7.77514094468674	4.8734792634758	13.419397307997	0.0015402745046111	0.0235822218052301
jcf7180000393467_32501_32600	HELPU_010374	6.73230472306567	5.29873482343492	14.0109520116144	0.00127866187475824	0.0211763768499171
jcf7180000347971_75901_76200	HELPU_010379	-2.81396345257307	0.657740531853891	10.3191808149738	0.00436423013510469	0.0437270121225377
jcf7180000362304_47001_47200	HELPU_010393	-2.43089456273998	0.119905259853498	12.1028846813012	0.00236316298798216	0.0302953169401276
jcf7180000361240_35201_35300	HELPU_010403	4.60654073448571	1.54601637995786	15.9366759805431	0.000714635701735143	0.0152640537017817
jcf7180000350767_107501_107600	HELPU_010435	2.05298807400444	0.193246464809799	12.2790546409898	0.00222883875356873	0.0292347665736334
jcf7180000420452_93501_93600	HELPU_010439	-2.83451411072751	0.793077318797316	21.7974984582968	0.000147128188480741	0.00619170681835272
jcf7180000348976_47301_47500	HELPU_010442	-2.32585393516661	2.31435462582079	12.3186066894755	0.00220010046713095	0.0290303333813611
jcf7180000348976_56501_57100	HELPU_010443	1.80704119249995	3.67019445605293	17.4871970790623	0.000458436666499223	0.0118928212186734
jcf7180000349338_5201_5400	HELPU_010450	-2.14444740273376	0.354753382508078	10.1584792687835	0.00462181119335926	0.0452786371611422
jcf7180000417152_55101_55300	HELPU_010459	1.8473378679258	0.882495904253091	13.3650655812915	0.00156712629808314	0.0238151148228491
jcf7180000420468_66901_67000	HELPU_010472	2.68070572989747	1.18215489745556	20.9418413585578	0.00018246824997383	0.00705124574139967
jcf7180000420468_103101_103500	HELPU_010475	-1.40161953860099	2.81433607531172	14.1562105713963	0.00122221141281398	0.0206545724430982
jcf7180000361099_11901_12300	HELPU_010478	2.0246882355289	1.10887899728675	15.6356741041636	0.00078086056744775	0.0159734002108525
jcf7180000393081_39701_39900	HELPU_010494	-2.17328104922853	0.915325684724023	21.9816861694058	0.000140552461595847	0.00602845461478192
jcf7180000393081_50801_51100	HELPU_010495	1.89145512775103	2.35455353292378	29.3938160866075	2.60445711400663e-05	0.00234513309586161
jcf7180000393081_59301_60300	HELPU_010496	1.36066735746455	2.50302778008844	20.5737749302126	0.000200021031394461	0.0074259784781881
jcf7180000359545_21401_21600	HELPU_010499	1.72606675103935	1.49357880286026	22.0580450088421	0.000137586788892491	0.00594936159150204
jcf7180000413693_63301_63400	HELPU_010509	5.24019725738139	0.420795241634482	13.1564823926293	0.00395623568875655	0.0412317694437824
jcf7180000355757_5301_5400	HELPU_010511	4.81997309648602	1.24864333708247	23.3092294506769	0.000101719089854066	0.00500602985388841
jcf7180000355757_47401_47600	HELPU_010516	4.11684555682392	0.328851952143774	49.9322324628286	7.42569277448913e-07	0.000316505789333125
jcf7180000354519_15501_15600	HELPU_010518	-4.10848852364453	2.04772771321513	16.0885171997846	0.000683602560547679	0.0148865073070775
jcf7180000348797_47801_48300	HELPU_010531	1.44877561623203	2.34081209393269	18.2300291065236	0.000372506857304352	0.0105357975330417
jcf7180000348797_53701_55300	HELPU_010532	2.00023808034489	2.96821242702145	13.6194539491559	0.00144570241295123	0.022711094353138
jcf7180000356576_32701_32800	HELPU_010568	7.24530215720816	3.54233819925924	18.7044009379456	0.000520441460129093	0.0127651355728055
jcf7180000347769_18201_18500	HELPU_010586	-1.59958180998743	1.17588421943055	24.0915241171385	8.42559036080458e-05	0.00449382881522957
jcf7180000347769_32601_32800	HELPU_010588	1.92437105145766	0.659420341429502	10.5787639769149	0.00398115068691678	0.0413989692830843
jcf7180000411895_29101_29600	HELPU_010592	-1.48523843335407	2.18102342477993	15.4614327463437	0.000822276933873428	0.0164406539348267
jcf7180000347927_16701_16800	HELPU_010594	-1.49022345003797	2.57333095398614	12.8225174390649	0.00186562912705293	0.0263377472509434
jcf7180000347927_19901_20500	HELPU_010595	-1.13236646558341	1.60238975009578	11.0045259323344	0.00342761082644892	0.0378784220608864
jcf7180000347927_48401_48800	HELPU_010599	3.32203331009636	1.13513820838164	28.6504988235354	3.05500989458292e-05	0.00259347160366242
jcf7180000417499_6301_6400	HELPU_010609	6.42168580893501	-0.583807792655255	23.7039423434702	0.000382463292128019	0.0107053467579744
jcf7180000417499_13101_13300	HELPU_010610	6.34201441514546	0.606331120298866	23.2371866348015	0.000118288651685248	0.00544992766603108
jcf7180000417499_69801_70100	HELPU_010613	2.22366842511516	3.55138231217725	17.9801366719278	0.000399764579726122	0.0109901177971043
jcf7180000358165_29201_29500	HELPU_010616	-1.55755023816099	0.571473455727652	11.5736132104731	0.00282028130734771	0.0336655434056963
jcf7180000351798_29801_30000	HELPU_010625	3.35575330458847	0.209757589639902	40.4045134138278	3.30801480177479e-06	0.000730535663552773
jcf7180000417451_127501_127700	HELPU_010641	-2.1104572649953	0.137560681132041	17.7983978221531	0.000420053925752611	0.0113237283216092
jcf7180000417235_191301_191400	HELPU_010656	6.22624136398858	0.512519351801209	27.5869512526652	0.000121328554787089	0.00551935753338248
jcf7180000348369_6501_6600	HELPU_010668	6.03219141287719	0.396005225953671	42.2367472446719	4.08406293983208e-06	0.000837355687664483
jcf7180000348369_19301_19400	HELPU_010670	2.41321746599994	0.206185109138881	16.2403264507853	0.000654057365499447	0.0145551774553578
jcf7180000348369_71601_72000	HELPU_010671	-1.36018866131241	0.720128889097289	12.9227110511432	0.00180382943445205	0.0258390004871958
jcf7180000352733_14501_14900	HELPU_010680	1.03630277251272	2.76552653004647	10.2592653593717	0.00445431754279248	0.0442829756283857
jcf7180000392760_67901_68200	HELPU_010691	2.37825867830434	2.93395715972687	14.1420227556021	0.00122760178673729	0.0207051957317437
jcf7180000353457_22301_22800	HELPU_010693	-0.946198827557061	2.59760243498015	11.5585943428885	0.00283436771134313	0.0337661456747028
jcf7180000393623_89201_89300	HELPU_010697	3.45332566647136	-0.0852485951107617	14.8092371357469	0.00117408389355208	0.0201660666453851
jcf7180000347204_111201_111300	HELPU_010703	-2.63242306931859	-0.106952211808832	19.3552194539441	0.000306221154130493	0.00945252791401387
jcf7180000414413_68001_68100	HELPU_010706	8.41637762125878	1.81606810558135	46.6795415493574	8.05712936490153e-06	0.00121270593410439
jcf7180000353491_24101_24400	HELPU_010710	-1.30775407732618	3.26839670915441	25.5727969282569	5.9828376095403e-05	0.00372495743876599
jcf7180000353491_34801_35400	HELPU_010711	-3.51667682929448	2.44797315080713	17.8311638330538	0.000416571380103736	0.0112617785996526
jcf7180000356468_13101_13300	HELPU_010731	-2.77294147566194	1.09092608043754	14.7496586526838	0.00101857205132203	0.0185873175932731
jcf7180000349236_33001_33300	HELPU_010735	-2.64312793352465	2.70776633200767	22.3744908135816	0.000127584621225035	0.00568675880756201
jcf7180000421157_89301_89400	HELPU_010739	6.26172680867477	0.90266363555404	22.2166172179127	0.00017242352079915	0.00680549358497083
jcf7180000362274_33101_33600	HELPU_010746	-1.32466509083803	0.909600146468339	11.8032107415708	0.00260946863911568	0.0321195648429733
jcf7180000422531_23201_23400	HELPU_010748	-1.29017108549609	1.19584421328847	10.1431328438512	0.00464456845513213	0.0454301065088321
jcf7180000376262_13001_13200	HELPU_010750	2.64308982162883	0.266673425466182	10.0190454865633	0.0048590289634796	0.0466719345715148
jcf7180000417135_162501_162900	HELPU_010755	-2.14263826366175	1.32445203012679	15.6911458439042	0.000768163121729567	0.0158402334863045
jcf7180000353522_69501_69600	HELPU_010759	2.23798395545897	0.599682125871447	9.86774231357685	0.00513185536892033	0.048288499926207
jcf7180000348502_34701_34900	HELPU_010763	6.53391007838647	3.30481089751342	18.5659168357288	0.0003405722505027	0.0100317860957154
jcf7180000418182_56401_57000	HELPU_010766	0.793264042154814	2.74874219459832	11.1281007687933	0.00328424169162739	0.0368980979727235
jcf7180000392909_100201_100400	HELPU_010780	-4.4096536590822	0.821393479742583	10.3867628313738	0.00471030137749361	0.045830017795157
jcf7180000392909_111601_112100	HELPU_010781	1.22184565019303	2.90200971735286	12.314097783658	0.00220312757370981	0.029043826646798
jcf7180000392909_188301_188800	HELPU_010783	-1.89964634841868	3.79252678136089	27.8098456112424	3.65685733064961e-05	0.00285012972692782
jcf7180000354625_4701_5000	HELPU_010784	4.62850827395335	0.0199878511339012	19.454999834685	0.000268372051639287	0.00878881294511429
jcf7180000420519_52701_52800	HELPU_010788	6.07676227058568	-0.965442211668316	12.9602583016065	0.00362958334446747	0.0392093345529752
jcf7180000417216_156201_156400	HELPU_010796	3.21452674619639	0.181592330722422	9.83033566126697	0.00520190206934634	0.0487181518441276
jcf7180000420479_60801_60900	HELPU_010799	6.5867140424858	2.13876096663749	15.0113196140008	0.00133941585895609	0.0217794417390415
jcf7180000348578_51601_51700	HELPU_010805	-1.93627506711077	0.387822314639705	13.4392301696554	0.00152872200284521	0.0234819143620393
jcf7180000354684_19301_19500	HELPU_010814	-1.42162398092246	0.748068148694198	11.9412043404843	0.0024913710081114	0.0312487267358699
jcf7180000347082_82601_83100	HELPU_010820	1.69047802300329	1.61097758108384	11.8866583172049	0.00254015033749566	0.0315853110795689
jcf7180000392651_58201_58400	HELPU_010824	1.83217382859505	3.3048627598903	23.722546723013	9.21745850797764e-05	0.00472347561887462
jcf7180000392651_112101_112200	HELPU_010826	3.56461767350869	0.211308436020914	14.8146142955657	0.000998664639516149	0.0183620822122668
jcf7180000351638_132101_132600	HELPU_010833	-4.50586136838497	1.3607418725211	39.4216560987367	3.91701062004512e-06	0.000816596465830157
jcf7180000351638_137801_138300	HELPU_010834	-4.72061143528227	1.28581892714088	60.4965505255633	1.77462034776377e-07	0.000140448442883375
jcf7180000392411_16001_16100	HELPU_010835	3.75986532502292	0.529685928798387	10.7608330442003	0.00392829250563191	0.0410450894652402
jcf7180000421885_6501_6600	HELPU_010849	4.91562012345007	-0.445296964279957	19.6927980575844	0.000476835929231184	0.0121554543166519
jcf7180000347701_23401_23500	HELPU_010855	7.259237014704	0.741231576239083	17.1516129858419	0.000993090096054657	0.0183148423760638
jcf7180000348308_32501_32600	HELPU_010862	9.41988551910253	5.22299721298649	9.98578530573238	0.00491759202510347	0.0470043092496267
jcf7180000351290_5201_5300	HELPU_010866	1.4377038216033	0.0632438682626021	11.0389407457445	0.00338699827935872	0.0376295627074931
jcf7180000396733_23101_23700	HELPU_010872	-2.37633246689328	0.311304783699662	16.8965654032626	0.000540644005219324	0.0130646284048726
jcf7180000417246_98601_98800	HELPU_010876	1.70289769816773	2.45096327260732	11.1100540605562	0.00330810997587039	0.0370723430517089
jcf7180000358939_28301_28400	HELPU_010881	5.04878388795237	-0.105889879779162	14.8669375519752	0.00126356850971309	0.0210369761411063
jcf7180000416184_12201_12300	HELPU_010888	4.12546908555115	0.808726412996974	28.1628822698991	3.38951525190568e-05	0.00273247589377311
jcf7180000353038_10401_10500	HELPU_010893	3.97185811188673	2.61114046660018	66.5681124607369	8.4811755035831e-08	9.75021809370696e-05
jcf7180000349197_112701_113200	HELPU_010900	4.5509858400161	0.184645064874527	30.3928684214115	2.12593192100872e-05	0.00207357090045656
jcf7180000349197_115701_117400	HELPU_010901	4.15728464599537	1.96478605940288	38.437989092189	4.64691676985524e-06	0.000905443829686618
jcf7180000349197_118101_118700	HELPU_010902	3.66371945085276	1.00943985933792	32.9782379373702	1.27077332580265e-05	0.00158047673204374
jcf7180000414239_36501_36700	HELPU_010904	-2.05138358845577	1.12169610740546	10.0486310151889	0.00480758661528333	0.0463487920382281
jcf7180000417171_144901_145100	HELPU_010910	3.4993461427518	2.46074929523693	16.9178112638666	0.000538330373627641	0.0130329096379887
jcf7180000417171_148701_148900	HELPU_010911	3.08982422096502	1.05562978452107	22.7699892546362	0.000115847604616177	0.00537917321931394
jcf7180000413903_36401_36800	HELPU_010915	1.62125992418756	1.25103042470721	19.5068804375181	0.000264158901807206	0.00870982407827012
jcf7180000352207_17501_17600	HELPU_010917	-2.89297533515935	-0.100995946014396	15.7311501315065	0.000758656585445067	0.0157452162741304
jcf7180000352207_104301_104500	HELPU_010919	2.93623733442425	1.63886443124971	70.211270696069	5.54033734040415e-08	7.77893236960755e-05
jcf7180000349278_32601_32800	HELPU_010926	6.52455699450932	1.5511949209723	22.9082656401503	0.000112029135026152	0.00527418952303348
jcf7180000360046_6901_7000	HELPU_010937	2.55103602677681	0.178285430345724	11.4791757458728	0.00291502813033495	0.0343400000940795
jcf7180000360046_30201_30300	HELPU_010939	4.57288377470334	-0.66817618162522	11.4591575008634	0.00406884972482663	0.0419354618449468
jcf7180000360046_36101_36300	HELPU_010940	1.73060920803775	2.19122074669672	13.6124207459124	0.00144891608776899	0.0227439408270624
jcf7180000392563_180501_180600	HELPU_010949	-1.69749019016311	0.337150693649567	10.5207694611652	0.00406338239821644	0.0419020927986495
jcf7180000392563_188501_189100	HELPU_010950	2.39731561789857	3.06015740394173	30.495884843293	2.08170031356477e-05	0.00205039606503926
jcf7180000420938_43001_43100	HELPU_010954	-5.36452506120863	1.8466525380966	16.7073115719439	0.000688831250845318	0.0149453293611801
jcf7180000420938_138601_138800	HELPU_010956	5.29268515517287	0.960755342688395	21.7252454391477	0.000149799738443459	0.00626375031870723
jcf7180000349192_23801_23900	HELPU_010964	2.20742986303792	0.82824845632166	29.803877541793	2.39138128685553e-05	0.00222822435865377
jcf7180000349165_159601_159700	HELPU_010971	2.62121057408561	2.26046934250995	19.3822213711477	0.000342107456198314	0.0100565702491482
jcf7180000353663_10001_10100	HELPU_010974	-2.56366242738517	0.879435254770668	13.6826354166135	0.00141718396097287	0.0224502215939914
jcf7180000353663_25601_25700	HELPU_010975	5.67227741740234	0.523964784713099	12.7277851357891	0.00342516543550817	0.0378699861111827
jcf7180000416161_4501_5100	HELPU_010984	1.41282528918656	4.59959502874473	14.7441709507458	0.00102027389691895	0.0185986144309619
jcf7180000416161_27001_27100	HELPU_010986	6.58929982279696	-0.726783164495533	18.4158447493081	0.000741881419810984	0.0155685302536597
jcf7180000347889_8201_8400	HELPU_010988	-1.62230324591895	2.01068147505578	28.4761138461996	3.15997302148961e-05	0.00263816418718979
jcf7180000349498_11501_11700	HELPU_011007	-1.47632977198719	1.34155736050001	16.1429776935181	0.000671721439500453	0.0147652093978271
jcf7180000350605_22101_22300	HELPU_011027	-2.8476353509082	1.76112379562456	12.0120819398192	0.00243576700964765	0.0308266806854166
jcf7180000349967_4301_5200	HELPU_011029	-0.917697597254197	1.54440569104176	10.0593352213762	0.00478489007788982	0.046226447326624
jcf7180000350817_9201_9300	HELPU_011034	4.21156952279917	-0.156424451606458	19.0489841295961	0.000299001698367534	0.00933832662398316
jcf7180000350817_21701_21800	HELPU_011035	6.69109121767765	3.11745007209337	15.9466576907358	0.00104256712574607	0.0188469432541888
jcf7180000413330_30701_30800	HELPU_011044	-3.98656498054221	0.871077146529091	22.5737103070386	0.000121516458951809	0.00552212466337691
jcf7180000351296_49001_49100	HELPU_011051	-9.07741009033621	1.53422142131022	27.4015888869688	6.68258914153701e-05	0.00395551551982439
jcf7180000347301_72801_73000	HELPU_011056	3.65755498477161	3.52242441940717	105.894448303991	1.89569969032948e-09	1.46751236541082e-05
jcf7180000357677_76901_77400	HELPU_011061	2.22286759886127	3.13058565944765	14.1687641723789	0.00121746374613583	0.0206010804285726
jcf7180000354478_14901_15200	HELPU_011075	-2.38310815002049	0.606313396721664	10.8297217464491	0.00364598154586499	0.0393119948992739
jcf7180000393496_35101_35300	HELPU_011084	-2.77035356172311	0.708857383251801	30.0061243973285	3.3182491435979e-05	0.00270762306902012
jcf7180000393496_92501_92600	HELPU_011086	3.64623006244684	0.331886271702999	16.3819226182215	0.000753030989251278	0.0156909942643879
jcf7180000413318_42801_43000	HELPU_011098	1.75101061666028	1.12637828914286	13.3795263008713	0.00155992930085883	0.0237485845570901
jcf7180000393506_80701_80800	HELPU_011110	7.51686053415352	0.674365037068482	33.2138826344883	1.82339075111528e-05	0.00190547896261674
jcf7180000350097_21201_21300	HELPU_011114	4.50987497058429	-0.9660891815219	11.8497359388975	0.00435161295332812	0.0436604821137352
jcf7180000350097_94301_94500	HELPU_011119	2.97891157579959	3.23103512492673	12.4539418385578	0.00210418290684533	0.02829401793529
jcf7180000358862_14101_14200	HELPU_011123	6.77698521853122	2.66932026466999	18.5297009367576	0.000542883673592386	0.0130999614133148
jcf7180000358862_38101_38300	HELPU_011125	1.64215138632073	1.29084340741863	20.4036816877607	0.000208979049643285	0.00760671524363669
jcf7180000358862_63801_64300	HELPU_011126	-2.86630678869084	1.06572611034264	19.081079997519	0.000296445019517463	0.00930044865194053
jcf7180000350772_79801_80100	HELPU_011131	-2.39909523327129	1.66120310813279	26.6671780764627	4.69462807157343e-05	0.00328047873787891
jcf7180000347854_35301_35800	HELPU_011133	1.62534524874874	1.13638592167137	10.5681744604261	0.00399602691384774	0.0415060197582197
jcf7180000347854_77901_78000	HELPU_011134	-6.7348917381474	0.838781352879003	12.9892784899192	0.00360281120542901	0.03905322453593
jcf7180000353028_62901_63400	HELPU_011142	2.33153604865329	1.65327570044873	31.0290420922204	1.86839482697598e-05	0.00193058703140783
jcf7180000349878_28901_29100	HELPU_011152	1.39206512085974	3.50531742118382	12.3305765000043	0.00219142467336817	0.028960191700601
jcf7180000417457_49501_49700	HELPU_011155	1.59758991743321	1.25376547648057	10.2696292768015	0.00444191292871669	0.0442195118321123
jcf7180000350535_74601_74900	HELPU_011166	1.33140940069533	2.16384426120815	12.8690701571865	0.00183682392105527	0.0261164539705186
jcf7180000350535_94901_95100	HELPU_011167	-6.22656330130347	3.70862407940606	39.2979903317948	4.00142301910296e-06	0.000824808548403547
jcf7180000413517_36501_36600	HELPU_011173	5.39815123990064	1.40521093818709	36.5201942775072	6.54078803546353e-06	0.00109494932474209
jcf7180000413517_72101_72400	HELPU_011174	2.94400987550979	1.57034159429246	32.1601885225849	1.49118094784822e-05	0.00171051055406216
jcf7180000348239_12101_12300	HELPU_011181	1.29505739312326	2.16994342732501	16.1049975740506	0.000679200110387016	0.0148380176964245
jcf7180000371391_185301_185500	HELPU_011190	1.98247023068532	1.46676639569955	29.0805183851441	2.78076058787238e-05	0.00243595510408113
jcf7180000348461_73101_73200	HELPU_011192	3.11936980800583	0.491229195188409	24.2104224493326	8.21578570918641e-05	0.00442667955854991
jcf7180000422184_28401_28500	HELPU_011197	3.83893154560399	-0.0242826895891046	13.4433700160431	0.00152858892443002	0.0234811294571338
jcf7180000417329_39801_39900	HELPU_011206	7.75707671699843	3.24125515035101	30.5753903255211	4.53821679945587e-05	0.00321256148608376
jcf7180000347667_94301_94400	HELPU_011212	2.46288876688994	0.821756042011155	41.4942977786646	2.74515156667723e-06	0.000651978049576002
jcf7180000347667_133401_133700	HELPU_011213	1.42040861586685	0.642407958202008	10.2400126603044	0.00448500857216132	0.0444841523654246
jcf7180000347667_147101_147400	HELPU_011214	-1.46929533894611	1.53777628152216	9.81350986404254	0.00523375548873091	0.0489067233254185
jcf7180000347667_230501_230600	HELPU_011215	-5.05459396531708	0.409748133139785	12.2772338132003	0.00236911071105829	0.0303336323842131
jcf7180000352575_36201_36800	HELPU_011216	2.77955815038019	1.12603105724711	40.3866590113602	3.31445052614693e-06	0.000730829962165271
jcf7180000349776_31101_31400	HELPU_011222	1.85027070900154	3.36331401731953	17.8794222179962	0.00041104307264959	0.0111915032972177
jcf7180000363026_35201_35500	HELPU_011230	-4.78023037213014	2.3064412045806	36.5067649969338	6.55673990284184e-06	0.00109569856484906
jcf7180000418419_34101_34200	HELPU_011232	7.6529462339228	2.6124260321135	14.7398167393429	0.0016027134116546	0.0241470934911363
jcf7180000362371_13201_13400	HELPU_011235	-2.26554932417672	2.25154954679211	16.9246866595154	0.000537278434996677	0.0130169634719751
jcf7180000348525_19201_19400	HELPU_011238	6.37039619717655	1.53718982462028	16.3233184500676	0.000638503782851477	0.014362776746197
jcf7180000348170_27601_27800	HELPU_011246	-1.42597800472918	1.4679762146073	10.4012552272391	0.00423885712907291	0.0429991192417115
jcf7180000417301_49801_50400	HELPU_011249	-1.19460788378144	1.14664999375316	14.2632539315208	0.00118070414042577	0.0202293891421666
jcf7180000417301_97801_98000	HELPU_011250	2.4968337523769	-0.150255888073378	10.1895232116235	0.00457076493903008	0.0449713009299411
jcf7180000357181_32701_32900	HELPU_011266	2.29182915303713	-0.0123677099377878	12.3782386460538	0.00215472330910632	0.0286877591811934
jcf7180000350132_23201_23300	HELPU_011268	6.3881469676731	-0.540764563192695	12.3920495377283	0.00477398400697838	0.0461687215278669
jcf7180000413493_43801_44200	HELPU_011270	2.34636745582549	0.18996895195292	19.906618060087	0.00023825705112769	0.00822703464537082
jcf7180000347080_5601_5700	HELPU_011287	-1.80873864780181	-0.0575003374899742	13.9072587928894	0.0013189155333083	0.0215747012826326
jcf7180000347080_16101_16200	HELPU_011288	5.75417951659519	0.816842604210605	15.2884162560721	0.00178321670171798	0.025676724825205
jcf7180000347080_103101_103200	HELPU_011293	6.71183224762906	1.99866472030974	25.2867878704719	6.40403313052796e-05	0.00386020957505354
jcf7180000351305_69801_70000	HELPU_011299	-1.09679985634353	3.04386350422434	15.8990475429525	0.000721389449494355	0.0153271579148668
jcf7180000354048_59301_59400	HELPU_011306	3.47939512746366	2.52943096623575	10.8545600814857	0.00361454946754356	0.0391241992419356
jcf7180000358990_25101_25200	HELPU_011346	4.99141348233719	0.641346845730334	13.0724958882234	0.00183755297963955	0.0261216331976385
jcf7180000393155_28901_29500	HELPU_011347	-1.79141835987886	1.43506111959037	28.1403532651946	3.3949996652034e-05	0.00273305106550088
jcf7180000393155_37001_37100	HELPU_011348	2.75100270169559	1.31406197601254	16.1553161119011	0.000670424296923777	0.0147535533299211
jcf7180000350511_18801_18900	HELPU_011353	5.55598222779175	-0.700235205030665	15.8914999917601	0.00105663269107211	0.01899086865005
jcf7180000353594_62701_62900	HELPU_011361	5.72684811646756	0.178553882579049	20.8221706540016	0.000188117526522054	0.00717069444042722
jcf7180000416155_96701_96900	HELPU_011369	-1.59595324076579	1.66732762539774	13.6149347033739	0.00144776648090908	0.0227346167668501
jcf7180000413901_50601_50800	HELPU_011373	3.03588615332689	0.194206229331978	9.86690631568257	0.00513340933922542	0.0482999486500991
jcf7180000363547_16101_16400	HELPU_011375	-4.46318856881958	2.85981898124598	21.7633093753808	0.000148385721672796	0.00622461586139044
jcf7180000363547_39101_39300	HELPU_011378	-1.99778938443364	0.275906006855062	14.7191207686787	0.00102729145833583	0.0186645097886106
jcf7180000349432_115401_115700	HELPU_011386	-1.17322569657931	1.48431355713063	13.0611351944598	0.00172504835261354	0.0252079085488336
jcf7180000413447_34001_34800	HELPU_011392	2.2848420757817	3.5836477044094	20.8708909267427	0.000185794644479917	0.00712785998318366
jcf7180000413447_39301_39400	HELPU_011393	4.38940194069034	-0.128853036979869	24.1440943553686	0.000154866356237414	0.0064110284460202
jcf7180000349617_29301_29500	HELPU_011403	2.42511347834027	1.94239283313022	26.1200056678537	5.30330144138577e-05	0.00349306521486805
jcf7180000358952_40801_41000	HELPU_011405	1.37092925964854	1.30940234186396	12.0964929423216	0.00236643818605922	0.0303191096471587
jcf7180000392637_12501_12700	HELPU_011407	-3.45405967550751	3.04003736633872	33.873018191333	1.06992934231938e-05	0.00144282792717755
jcf7180000370498_145201_145300	HELPU_011414	4.52247383574079	1.31883111260061	10.4199710235937	0.0049303565983762	0.0470776160750442
jcf7180000359957_22801_23100	HELPU_011417	1.31333951051743	0.595732651480249	10.9875787491647	0.00344780825168895	0.0380044400271892
jcf7180000413399_63601_63800	HELPU_011422	-2.47311545232165	1.99075089778775	17.6012746060798	0.000444058326878673	0.0117002353215438
jcf7180000357494_23101_23500	HELPU_011428	-3.08909420160363	1.21639312146305	14.6424280208652	0.00105240269207835	0.0189392149964768
jcf7180000392761_15201_15300	HELPU_011434	3.63643711174862	1.68469760808975	13.1915625210901	0.00165640385181626	0.0246448904505831
jcf7180000392761_130001_130200	HELPU_011438	-3.47045835159404	0.101362013070273	16.2699022633576	0.000648467059827324	0.0144893107531914
jcf7180000392452_114801_115300	HELPU_011449	-2.05278452120926	3.7057438782	37.3096613920131	5.66126396421837e-06	0.00102176361277831
jcf7180000348660_38701_39000	HELPU_011457	2.39958592897895	1.94828619833846	18.4028547574211	0.000356013482721708	0.0102960387243768
jcf7180000348660_50401_50600	HELPU_011458	-3.23323007419418	1.78004135945262	38.9878462252536	4.22206575231051e-06	0.000855848285376534
jcf7180000348660_60801_60900	HELPU_011459	3.18334254164385	-0.0859725720715582	12.6066794507032	0.00200145512965032	0.0274647050457698
jcf7180000417238_3601_3700	HELPU_011461	5.81174902408766	1.61109705532773	17.8878088561824	0.00050228968513946	0.0124940796913105
jcf7180000417238_146701_146800	HELPU_011464	3.97887141903363	1.74710036740553	15.2634844006994	0.000872298559934967	0.0169908099031957
jcf7180000347864_15301_15600	HELPU_011510	2.80732081987332	-0.105447314647005	14.7799183904228	0.00100826905038451	0.0184746340387975
jcf7180000347864_85601_85900	HELPU_011515	1.63668513694811	1.06868093132222	23.8206712962743	8.98172042512434e-05	0.00466379900011906
jcf7180000348685_33701_34100	HELPU_011518	-1.34605479558619	1.4055310906794	11.2175859863247	0.00318784731286045	0.0362259935184728
jcf7180000421167_25701_25800	HELPU_011525	3.54128177597288	0.0847747587371385	18.2629945467551	0.000369874446410595	0.0104901998312583
jcf7180000421167_105801_106400	HELPU_011526	1.54412429792657	2.60870217598268	19.2756537518856	0.000280989823922054	0.00902074336432664
jcf7180000351319_8001_8100	HELPU_011527	7.1581603833468	1.30465530060753	16.2376972785802	0.00197089322595361	0.0272214212112147
jcf7180000351319_19101_19200	HELPU_011529	-6.67073464476881	-0.172324885399039	17.3128696692491	0.000652082214893828	0.0145304148564956
jcf7180000351319_30901_31000	HELPU_011532	5.68442537211707	0.546348118479684	14.0638719438159	0.00214406898541071	0.0286062626832603
jcf7180000355820_46201_46300	HELPU_011537	7.22954776905907	-0.401869004560451	19.2088487743555	0.000621666830496937	0.0141543077363547
jcf7180000418110_208901_209000	HELPU_011544	4.57809857200822	0.451618491448092	22.1260144434833	0.000135626051473461	0.00589751981864109
jcf7180000392681_57801_58100	HELPU_011549	-2.76921603876646	2.13888413817659	20.9590767245484	0.000181670149270662	0.00703083851440993
jcf7180000357143_36101_36200	HELPU_011565	7.72467673977085	4.25970993057098	19.6974792671548	0.000316150217415276	0.00961590213053754
jcf7180000357143_47701_48300	HELPU_011569	-1.79930929292412	2.15966843347125	20.679908140465	0.000195085632239107	0.00732208736041034
jcf7180000357143_55601_56100	HELPU_011570	1.45260375909139	3.14536549863848	14.5287158938732	0.00108964117254105	0.0193049206486927
jcf7180000357143_55601_56100	HELPU_011571	1.45260375909139	3.14536549863848	14.5287158938732	0.00108964117254105	0.0193049206486927
jcf7180000417426_54201_54500	HELPU_011581	-4.44301391747861	1.31079865355345	19.0861535192576	0.000329114561177195	0.00982769979298379
jcf7180000417426_111401_112400	HELPU_011584	-2.08021808571856	1.0802742800303	18.5160119578842	0.000345218056520687	0.0101091216919116
jcf7180000417426_123401_123700	HELPU_011586	3.66832745267114	3.8846044418478	14.4340549409875	0.00112175340310711	0.0196309929731631
jcf7180000422154_80701_80800	HELPU_011595	6.58758334457088	0.343916352581926	31.100947911323	2.69265727949369e-05	0.00238855053531891
jcf7180000347823_8801_9000	HELPU_011597	3.52517841996808	1.58384212816837	9.99255349960699	0.00513474209874511	0.0483094932489024
jcf7180000348576_36401_36600	HELPU_011605	2.58030686636155	1.09285353084864	46.9959695844108	1.1436759989296e-06	0.000402814858773446
jcf7180000347423_87501_87600	HELPU_011609	4.38751603431272	1.25791228746927	16.5708113702588	0.000594495164085002	0.0137599250846139
jcf7180000417391_59401_59500	HELPU_011613	5.65767975682022	-0.832019316058088	11.2259795508926	0.00405267903882015	0.0418576625938317
jcf7180000351684_28801_29000	HELPU_011621	-1.60674238095143	0.727982815905545	13.5012539508506	0.00149916597606937	0.0232196838278063
jcf7180000420502_8101_8300	HELPU_011635	2.50452252736103	1.17683569671372	13.2453067910853	0.00162816163014193	0.0243848525427822
jcf7180000420502_39201_39900	HELPU_011637	1.98450650943314	2.76961890956264	30.4756928636653	2.08647240176584e-05	0.00205297846314182
jcf7180000348449_59801_60500	HELPU_011644	1.67535476455724	4.69635064527933	15.9190045840311	0.000718347331300049	0.0152983141233319
jcf7180000372510_2801_2900	HELPU_011648	7.34922838574408	3.68934715253526	17.390077365929	0.000719141345407283	0.0153077807774206
jcf7180000348579_88401_88500	HELPU_011654	5.93323379556108	1.00561634721431	18.0694841669153	0.000478940003641498	0.0121902926860394
jcf7180000417616_5301_5400	HELPU_011664	2.24877022103715	1.54832542192107	18.2645359589349	0.000369718475228132	0.0104880017534087
jcf7180000393494_64301_64700	HELPU_011671	4.61360058393895	3.49124856171386	35.4588486390111	7.9441782903273e-06	0.001205958363504
jcf7180000350773_31901_32000	HELPU_011682	6.8258654875105	2.71261407379397	15.7195864534903	0.00110712596680874	0.0195001087993559
jcf7180000393532_30701_31500	HELPU_011697	-1.37275123079317	2.73652843863303	16.6779005573521	0.000575979919310462	0.013511479271724
jcf7180000348739_39701_40700	HELPU_011705	-1.29768593890565	2.6200522172987	23.3839420526115	9.96561621728102e-05	0.00494957786763855
jcf7180000351055_9001_9200	HELPU_011707	-1.44418007035568	1.17057798437926	17.5196586526289	0.000453458534713885	0.011816117878684
jcf7180000348456_113801_113900	HELPU_011716	3.39184764189774	2.023891315149	11.0455744808853	0.00338263165503181	0.0376000091996195
jcf7180000350036_68901_69600	HELPU_011718	-1.38778117986103	3.7744141729331	16.0608633983373	0.000689141709595714	0.0149478217164059
jcf7180000362047_33701_33800	HELPU_011725	5.11058576002006	-0.523341208846356	12.6901026333083	0.00239070154307424	0.0304784335056048
jcf7180000350318_32301_32400	HELPU_011727	7.04555569869324	3.0791036239768	23.9596355946375	0.000193007611573862	0.00728264934267771
jcf7180000372533_21001_21300	HELPU_011754	-1.55602424503832	2.1833937828008	12.3238522921767	0.00219629374765683	0.0290098145842796
jcf7180000371219_89301_89600	HELPU_011756	-3.15710326767523	0.796852195322779	21.7131942238665	0.000150250514123041	0.00627984882660446
jcf7180000350795_25601_25700	HELPU_011765	6.86790447159347	1.10113296754574	36.3490556094519	1.05333174231055e-05	0.00142981959342296
jcf7180000347734_4501_4700	HELPU_011784	-5.44991039200774	-0.0403279439308211	18.1165998260073	0.000385024054714942	0.0107485940436951
jcf7180000353944_51201_51500	HELPU_011791	-1.41640811446595	2.11073069746328	10.250392062154	0.00447248415921093	0.0444019347776614
jcf7180000357182_19301_19400	HELPU_011794	-2.92236268729951	0.333795510119091	14.3167043452453	0.00116302404621973	0.0200544210812381
jcf7180000417189_24001_24500	HELPU_011797	-1.38757023855504	2.64862961528155	16.4604190106362	0.000613254690424852	0.014039456191405
jcf7180000417189_48301_48400	HELPU_011798	4.38519946472963	0.586640258128579	11.577514102802	0.00281924834771271	0.0336614134939732
jcf7180000381220_28301_28400	HELPU_011804	-6.34889516357063	-0.801202638805811	23.3851766704093	0.000261316550298467	0.00866297633707629
jcf7180000351358_41001_41400	HELPU_011813	3.74641510827135	3.63449931464174	11.5964671198658	0.00280119232593706	0.0335299057353493
jcf7180000392967_6901_7100	HELPU_011820	4.72203512853792	0.571243563665782	14.609560766373	0.00106301941989609	0.0190524662651008
jcf7180000348745_41601_41800	HELPU_011826	4.46321508630039	0.41133499200509	15.6986658166085	0.00124697365825984	0.0208723073874703
jcf7180000417200_80701_81200	HELPU_011831	-0.900310184915051	3.25856366524997	11.7887915283017	0.00262216257251342	0.0322176629700284
jcf7180000413391_52301_52400	HELPU_011836	3.45899962270151	-0.654300012211164	12.3926853380958	0.00374723830470808	0.0399659059959475
jcf7180000355716_6201_6400	HELPU_011841	3.65733710418813	0.364899550037092	17.0239636685865	0.000522339311340465	0.0127876193957565
jcf7180000355716_48101_48200	HELPU_011843	-3.1119594571273	1.81600008726774	18.5763582120605	0.000339608982420412	0.0100110412337717
jcf7180000353981_32001_32200	HELPU_011845	3.55403077915581	0.064053134955961	16.2887322620737	0.000644935393051807	0.0144509825413166
jcf7180000417172_118701_118800	HELPU_011850	-3.17202210443314	0.253028386257374	17.5266485032568	0.000453406879026828	0.0118160353115643
jcf7180000359932_14301_14400	HELPU_011855	5.48291262708642	-0.190144323849121	15.177530468647	0.00142767412151552	0.0225402059091239
jcf7180000413576_34001_34200	HELPU_011857	1.66808435273521	1.25126809259875	18.8600781757732	0.000313940920982907	0.00958239089667212
jcf7180000413576_43701_43800	HELPU_011858	7.43686379601847	0.985335376482102	11.8131407105133	0.00293350931840165	0.0344670244299725
jcf7180000366752_11301_11400	HELPU_011861	-2.87442767740852	1.12182906027619	17.6257288083186	0.000441041351743148	0.0116612343077388
jcf7180000366752_31701_31900	HELPU_011862	-1.2731715103038	0.286655160690299	10.6504731734491	0.00387830314971934	0.0407337734686906
jcf7180000365148_14901_15300	HELPU_011866	4.90369533390218	0.809143146026235	25.0372241936841	6.78103216335678e-05	0.00398987407447369
jcf7180000355846_45801_45900	HELPU_011868	-1.19187994941053	2.44695059785939	12.3154338330444	0.0022008905806417	0.0290314871384696
jcf7180000417795_37701_37800	HELPU_011870	7.50771264609094	0.326466750474684	15.9517679440198	0.000848383362477663	0.016724012482064
jcf7180000351053_13901_14900	HELPU_011893	3.65460413974781	2.49149135934776	47.4329624850155	1.07609433650787e-06	0.000391642277665744
jcf7180000349075_63201_63500	HELPU_011900	2.93604140877297	0.455802954575318	11.9083260563419	0.00252176874482064	0.0314564348172085
jcf7180000417409_23501_23600	HELPU_011906	4.67144657230513	1.0370175390679	17.2465365886594	0.000490485749540205	0.0123354093364292
jcf7180000358879_51201_51400	HELPU_011911	-4.26842331686563	1.24188044146185	10.802381764531	0.00368093043723509	0.0395184134693661
jcf7180000350388_10201_10300	HELPU_011926	6.88732691892634	3.62683170644042	15.7111494729012	0.00110961025732488	0.0195234558126908
jcf7180000370388_23701_24300	HELPU_011933	-1.4178144682305	2.80569200426511	13.9710453733606	0.00129467104528715	0.0213307040829031
jcf7180000347608_17601_17800	HELPU_011935	2.36477258766939	1.43646277718621	26.056627039188	5.37924827224761e-05	0.00352093680273095
jcf7180000347608_31801_32000	HELPU_011936	-3.03375302212375	2.06017230142088	35.9966184789651	7.19561790864796e-06	0.00115722585666497
jcf7180000347608_146101_146300	HELPU_011937	-1.42693820630572	1.05568241060804	10.4144760220531	0.00421903810053876	0.0428603094883141
jcf7180000347608_253701_254100	HELPU_011938	-1.55249787018726	2.10803635686845	18.5448593313942	0.000342251673274512	0.0100566267086912
jcf7180000349616_10701_11300	HELPU_011953	-1.14760181148834	1.44326792460264	12.8296263925242	0.00185904326110984	0.0262899484220939
jcf7180000348867_45001_45300	HELPU_011958	1.96300787892759	4.03084396671938	15.4170341787822	0.000833214377069734	0.0165571731914078
jcf7180000372847_24101_24400	HELPU_011963	2.29241882819058	0.591232230550072	10.5228612445632	0.00406038384853554	0.0418904140253031
jcf7180000361192_27801_27900	HELPU_011975	-4.48105559593531	0.437006896469355	31.0301353181849	1.86798297397044e-05	0.00193058703140783
jcf7180000349036_8101_8300	HELPU_011977	2.29584219067249	0.0274939670632191	14.2009841586821	0.00129674141738084	0.0213571246021586
jcf7180000371019_29801_29900	HELPU_011981	5.9752014879063	2.3446854628397	21.368043987458	0.000163817716514195	0.00660954538839494
jcf7180000393039_14801_14900	HELPU_011984	6.62803143720067	-0.799786754082676	13.8483094675938	0.00394295812886616	0.0411504504402433
jcf7180000349473_12301_12400	HELPU_011988	7.16404260846825	1.33333926581939	22.9924562710819	0.00012526401729819	0.00561398790215437
jcf7180000421987_51501_51600	HELPU_011992	-1.81387947378617	-0.19411968736803	11.2025453159306	0.00320108957690186	0.0363134573346773
jcf7180000421693_108101_108300	HELPU_012007	1.96675716589645	2.5238434143912	11.7529347812633	0.00265693222498562	0.0324818441421296
jcf7180000392450_74401_74500	HELPU_012015	3.59494978854938	-0.407608895102995	15.191293710183	0.000891370473595768	0.0172055105223138
jcf7180000392450_121001_121300	HELPU_012017	6.45192837479277	2.19625195275705	27.4537225865141	3.950265979399e-05	0.00295652687139095
jcf7180000422356_54401_55500	HELPU_012023	-2.64992179480914	3.16262572861353	21.4658107505695	0.000159842433052169	0.00652368033226469
jcf7180000364165_8201_8300	HELPU_012024	4.17128743241732	-0.477736906892523	9.77856526747795	0.00530060501232016	0.0492965904235284
jcf7180000393977_5701_5800	HELPU_012029	5.3371375679418	-0.415705933300185	15.0826640545123	0.00146368252773961	0.022892928268054
jcf7180000393977_22501_22700	HELPU_012030	-2.25557524037373	2.67905832789539	36.7252783085637	6.30241448314801e-06	0.0010732352396936
jcf7180000393977_53301_53500	HELPU_012031	-1.94423739338803	0.744351971338598	23.2084157773698	0.000103940354827904	0.00506659700685707
jcf7180000366665_34301_34700	HELPU_012034	-2.85637992291908	1.2595748457695	15.9622825931251	0.000709294927486217	0.0151896237902875
jcf7180000349725_4801_5000	HELPU_012044	-4.69667580600029	0.217558818408732	21.437891995314	0.000160966673053218	0.00654531534108661
jcf7180000349725_14401_14500	HELPU_012045	6.16606844984482	0.521941186278228	21.2657419568744	0.000287307633716765	0.0091324673845957
jcf7180000349725_49901_50200	HELPU_012046	3.42132096741442	-0.561328921719168	21.3061044405815	0.000166004481871149	0.00665847440539248
jcf7180000357257_10801_11000	HELPU_012047	2.14205296668692	0.392429074206302	25.3774183458755	6.25497086258985e-05	0.00381921240515673
jcf7180000351896_2701_2900	HELPU_012052	-1.35024741886882	0.863863849352072	11.9781581451109	0.00246075916988827	0.0310303654013389
jcf7180000392530_12301_12400	HELPU_012056	5.8128081422577	3.00263078025827	17.1857322201816	0.000498969357411548	0.0124547534758447
jcf7180000351658_39701_40400	HELPU_012065	-1.89910251826691	1.74942923290092	10.7525955821083	0.00374553123235453	0.0399516357311887
jcf7180000413891_53001_53200	HELPU_012071	1.76271479256023	1.19269781928073	10.6012678745389	0.00394974072098143	0.0411940569307267
jcf7180000417775_47201_47300	HELPU_012072	6.07856457142511	-0.9171601742372	17.2418866013168	0.0019496679174909	0.0270547712127884
jcf7180000349932_35901_36100	HELPU_012090	1.98209276410392	1.10069000364831	13.5681990628664	0.00146930423081711	0.0229482743290394
jcf7180000392988_83801_84000	HELPU_012102	3.14682435812884	-0.26361027918142	10.536806376214	0.00404045630063406	0.0417724084718892
jcf7180000347573_4701_5200	HELPU_012103	-2.60913509158592	2.93861518151625	26.5867118790242	4.77910013474319e-05	0.00331247035671819
jcf7180000413326_4901_5300	HELPU_012108	2.62677778783082	1.04830331459748	11.9099644470084	0.00252038483889461	0.031447389277316
jcf7180000413326_17201_17400	HELPU_012109	-2.69033113960122	2.11243394147216	30.8659374292136	1.93097684630416e-05	0.00196897082647334
jcf7180000417374_120401_120500	HELPU_012113	-4.19644139039894	0.514267063616494	36.1902570599458	6.94538274957911e-06	0.00112838635553811
jcf7180000417841_65701_65900	HELPU_012117	-2.69099596719774	-0.30457393569005	14.2096372230524	0.00139790662591338	0.0223087566615256
jcf7180000362484_28801_28900	HELPU_012136	6.30022821304566	2.04435767763936	11.9188213875718	0.00251291816681501	0.0313938854523628
jcf7180000349062_42301_42400	HELPU_012145	2.18078510996612	2.57271992380713	21.1993754070042	0.000170934736255197	0.00677257277532419
jcf7180000349062_111901_112700	HELPU_012148	2.25578865090591	1.29981124637553	26.6001613996973	4.76486525791542e-05	0.003307770385916
jcf7180000392798_80001_80200	HELPU_012161	1.36007022752365	1.27627689878181	10.7542414863133	0.00374337556738933	0.0399375659716401
jcf7180000392798_87901_88200	HELPU_012162	-1.08052386734439	2.22263138884478	14.0891878594968	0.00124617129582385	0.0208649737387582
jcf7180000392773_20801_21200	HELPU_012165	2.69459602922168	3.00560026937585	12.0214901143732	0.00242813084663644	0.0307758992090372
jcf7180000413484_5001_5100	HELPU_012169	-7.19658280389396	1.1855935749951	38.9267414515731	8.90247539690921e-06	0.00129240208844932
jcf7180000355089_14601_14800	HELPU_012171	-4.21971298950104	-0.0455545521747782	9.85782574207563	0.00515032222364669	0.0484002540618934
jcf7180000382570_16001_16800	HELPU_012179	-1.92479743633998	1.86408643223771	11.8674188825986	0.00255659639711351	0.0317090315954976
jcf7180000382570_79601_79900	HELPU_012182	-1.46519332965	0.528293722001331	11.4321691107741	0.0029594121124796	0.0346448495173578
jcf7180000352220_48401_48500	HELPU_012185	-4.68066762096181	-0.0496538529210682	19.4710119337247	0.000378058202919457	0.0106352683595476
jcf7180000354484_32401_32500	HELPU_012195	6.03812782395689	0.882301096140241	12.677775694625	0.00283764692374984	0.03378439452198
jcf7180000349003_67001_67100	HELPU_012202	2.49000312959709	0.122713144947958	10.1114359097711	0.00470037663223271	0.0457712238267668
jcf7180000348193_30001_30100	HELPU_012217	6.92928971636018	0.386843538481652	21.3831239833259	0.000328813913768618	0.0098232631380537
jcf7180000413549_64301_64700	HELPU_012220	2.90930705829725	1.67793141245038	11.5282931288446	0.00286674531640535	0.033983662806971
jcf7180000393402_65301_65500	HELPU_012235	2.24857939942331	0.827026483298778	11.3623181477754	0.00303356495414956	0.0351665415704305
jcf7180000392441_70201_70400	HELPU_012241	5.0500781753017	-0.17244906244768	16.5322758535398	0.000800747152989409	0.0161859989265559
jcf7180000353602_19001_19200	HELPU_012247	2.14049974573978	0.98536432432397	24.2469341872318	8.13138048489288e-05	0.00439898792645086
jcf7180000353602_32801_33000	HELPU_012249	-1.74033425632452	0.924920179163964	12.6671447679876	0.00196233238485243	0.0271568332606719
jcf7180000361303_24001_24200	HELPU_012259	1.17786208900682	2.80921633969603	15.2330275355559	0.000878933929705243	0.017060884296807
jcf7180000379810_21401_22300	HELPU_012261	-2.01509394761498	3.91732056634449	14.1584060333663	0.00122137963239173	0.0206453477912779
jcf7180000347410_16801_16900	HELPU_012263	4.26070514470557	-0.280044695711159	20.321632230316	0.000355787240520868	0.0102933737987807
jcf7180000347410_20401_20700	HELPU_012264	3.44680573668839	0.806892072801667	23.2009264296147	0.000104396725306231	0.00508017909653096
jcf7180000393432_52501_52900	HELPU_012274	2.22732840452934	1.0906299437867	11.0784120884982	0.00334444984141031	0.0373281848458906
jcf7180000356455_70601_71400	HELPU_012284	1.47033922491579	5.88775536675588	14.5766854593572	0.00107375732454873	0.0191577090158869
jcf7180000355853_43901_44000	HELPU_012298	4.99062901776574	1.61772349617845	15.9737760469519	0.000706912086212032	0.0151589545943874
jcf7180000355853_74201_74300	HELPU_012299	5.96768254635097	0.317642873723457	20.5169347051354	0.000468900263754214	0.0120464342852568
jcf7180000413329_120601_121100	HELPU_012305	-1.91501073670209	3.80827312637733	10.0518726043936	0.00480198711742908	0.0463135148523085
jcf7180000347704_18701_18800	HELPU_012312	5.56486089121358	0.0573816339538124	33.9977111206778	1.98902480253564e-05	0.00199835529327732
jcf7180000347704_52401_53600	HELPU_012314	3.74300208945168	3.79008757868106	21.8751607195242	0.000144315073501647	0.00612018560228844
jcf7180000347704_57501_57900	HELPU_012315	5.91571344172941	0.617850114757607	13.3845920373067	0.00155741677591138	0.0237292523471444
jcf7180000351255_36401_36600	HELPU_012330	-3.91330252780422	1.08634216156928	55.8353422097614	3.24355698935721e-07	0.000199794042535617
jcf7180000392708_18801_19400	HELPU_012339	1.63568806544485	1.89689389215367	14.0269729989915	0.00141802446478495	0.0224502215939914
jcf7180000359959_8901_9000	HELPU_012351	6.85216442970489	-0.652822294170592	25.5748243794753	0.000278525341569915	0.0089714286054159
jcf7180000396864_28701_29000	HELPU_012357	-1.96351492484223	2.91871207096294	10.5381599804232	0.0040385277916614	0.0417712643658376
jcf7180000396864_42101_42200	HELPU_012359	2.60001477169457	2.89905323953934	27.054485848581	4.31040235264187e-05	0.00312079566299825
jcf7180000349053_86901_87300	HELPU_012380	-1.35930698175568	1.70825096266861	10.9147203775504	0.00353965713690256	0.0386259286327183
jcf7180000394617_39201_39500	HELPU_012385	-2.3969741227811	2.78733227058931	23.2260180688214	0.000103769526151853	0.00506344021585977
jcf7180000347970_44001_44100	HELPU_012393	4.81904449491953	-0.556473809530749	11.394779324387	0.00495288512552973	0.04721219256161
jcf7180000365076_7201_7600	HELPU_012395	1.84039156792694	0.910206365916498	11.9907193769745	0.00245320496109545	0.0309649709458289
jcf7180000349456_19201_19300	HELPU_012400	3.53407448495746	-0.499229713825931	9.93051722950441	0.00501664759989313	0.0475906111381641
jcf7180000353502_20801_21000	HELPU_012403	2.73083834005534	0.590413262747223	26.8522167305674	4.50655001163024e-05	0.00319726985480864
jcf7180000348885_36901_38200	HELPU_012407	3.10428757507796	1.56282866796348	10.983125064187	0.0034565857954155	0.0380689621880061
jcf7180000349955_35601_35800	HELPU_012413	2.15172981575442	1.73818452922746	28.7317337557482	2.99910944099044e-05	0.0025632714186337
jcf7180000348902_42201_42700	HELPU_012420	2.67882989771329	0.876561198065146	26.6344280137985	4.72880838727603e-05	0.00329551922127083
jcf7180000396620_28801_29100	HELPU_012423	-4.07408542964441	1.53127770446204	36.3589727222926	6.73515167195402e-06	0.00111130845365807
jcf7180000347507_89601_90100	HELPU_012433	2.82427427246772	1.04636276216224	36.0197821400775	7.16516776848742e-06	0.00115362423182942
jcf7180000393462_30001_30100	HELPU_012435	6.10338980669636	-0.436084271394783	23.2111736530482	0.000224432021039922	0.00792674138668805
jcf7180000393462_181701_182000	HELPU_012438	-2.48417209142032	0.647564952522571	27.4951403256876	3.90261301838768e-05	0.00293852192170802
jcf7180000370363_19101_19300	HELPU_012441	2.58632795407516	2.90284061811922	26.6377519992409	4.72532676669167e-05	0.00329469612902433
jcf7180000354352_29001_29100	HELPU_012453	4.89265789119946	1.94168685866366	13.9911244675912	0.00128658846654486	0.0212546818956652
jcf7180000362492_22901_23100	HELPU_012464	5.45177370314306	0.656209147389415	25.6272006537063	5.92652109993088e-05	0.00370623171663307
jcf7180000413507_116401_116700	HELPU_012482	-1.40379743774377	2.58845506457488	19.3809072033844	0.000273123234899897	0.00888672825203598
jcf7180000413507_121701_122000	HELPU_012483	2.15307157433913	1.30531977349461	18.8415778941883	0.000316121586597406	0.00961590213053754
jcf7180000421143_132901_133700	HELPU_012513	1.35718903484621	3.00201017851757	12.9431030660305	0.00179421035640853	0.0257650802043029
jcf7180000421143_138601_138800	HELPU_012514	3.11022841530852	2.61311065451561	42.2043692515005	2.45292351510584e-06	0.000613074627976631
jcf7180000368475_17101_17300	HELPU_012524	5.42964979166503	0.331037571261776	13.449373858227	0.00207454982266178	0.0280534612070765
jcf7180000355752_12901_13000	HELPU_012531	5.23601659654662	0.35793657626845	18.5449345082409	0.000476320166110538	0.0121509726512863
jcf7180000351596_51801_52100	HELPU_012538	-2.11015447218619	0.325164774737879	19.620244754017	0.000256607350485331	0.0085643525492265
jcf7180000421148_34201_34400	HELPU_012553	-4.26572289421742	1.15463105920966	28.0140476486874	4.91660697572224e-05	0.00335915965019554
jcf7180000413470_37301_37500	HELPU_012567	4.75558591412026	0.317571006338474	20.94576452193	0.000182286244689715	0.00704516289404141
jcf7180000393827_40801_40900	HELPU_012581	2.3696287583412	-0.0448323414198069	14.5044604529135	0.00109763356711502	0.01939014985371
jcf7180000351642_80801_81700	HELPU_012587	-1.15443477353777	2.24090675484652	11.5551550879233	0.00283767917795844	0.03378439452198
jcf7180000417352_44001_44300	HELPU_012600	-4.67634046714643	0.409955372448338	28.7038846847301	3.0206539597655e-05	0.00257452279741941
jcf7180000355129_56701_56900	HELPU_012603	4.85056862680087	1.45070741140964	21.6882029009316	0.000151190089058482	0.00631010358550542
jcf7180000347964_32301_32400	HELPU_012609	4.69997806532863	0.76594240114002	11.5301312902399	0.00368471057353359	0.0395389528239347
jcf7180000353537_10901_11100	HELPU_012622	-4.86501785017691	0.356401591684717	28.139731295702	5.78277290934199e-05	0.00365657945719782
jcf7180000353537_34101_34300	HELPU_012624	3.3721374995549	0.879342185254954	25.8819428971801	5.59484823900402e-05	0.00358825704557368
jcf7180000353788_9501_9600	HELPU_012627	-1.77154900997974	3.05852965137189	28.3319166332866	3.26335013592975e-05	0.00268209925217776
jcf7180000353788_38101_38600	HELPU_012630	-2.83628421351877	1.26733203292862	10.8629650326269	0.00360398145445332	0.0390570410917404
jcf7180000366026_17801_17900	HELPU_012636	1.30918837912457	0.379692395554451	13.8063423390374	0.0013612834076058	0.0219830746958853
jcf7180000360128_8001_8500	HELPU_012641	2.33469461822009	2.36895763006369	10.0365121993885	0.00482858490486128	0.0464839541741909
jcf7180000360128_22801_23000	HELPU_012642	5.6508354841032	1.26970865546458	18.124349469858	0.000384205138782579	0.0107352185431741
jcf7180000392732_26101_26300	HELPU_012648	-1.91741385100916	2.19659262381711	13.4883412476906	0.0015069312211035	0.0232917414494917
jcf7180000420611_65701_66100	HELPU_012650	-3.97888220489608	0.447787922775092	25.7155617416506	5.80908309642725e-05	0.00366615170927844
jcf7180000365179_18701_18900	HELPU_012653	2.67892804370509	-0.184290942635297	9.99912123755082	0.00489401705768369	0.0468690586073989
jcf7180000350568_46701_47500	HELPU_012657	-1.03177577886166	2.91313263323583	11.5048239363675	0.00288663403757022	0.0341150586648302
jcf7180000417369_113301_113400	HELPU_012664	3.80956029703187	0.927990918348562	17.1293585529322	0.00050697970046544	0.0125603585066312
jcf7180000358652_7701_7800	HELPU_012676	7.16834937877371	3.55600137521828	12.215382256578	0.00241713639262514	0.0306785747846268
jcf7180000366678_15901_16200	HELPU_012681	2.46879438611186	2.03888516296609	20.3700554298836	0.000211268895018707	0.00766376846422532
jcf7180000370580_19201_19800	HELPU_012686	-1.35624696299633	2.53910427400611	10.3445934429954	0.00432497639786399	0.0434982453499404
jcf7180000372524_27701_27800	HELPU_012692	-2.05942225278168	-0.0400309142703158	10.8138961082483	0.00366258639286259	0.0394088517185745
jcf7180000393482_37801_37900	HELPU_012699	-2.76904185458395	3.38877535018609	13.1667821830502	0.00166960800154922	0.0247475062647349
jcf7180000413953_22601_23500	HELPU_012709	-2.29823779168035	0.720056071710051	20.6287806835379	0.000197659029245695	0.00737845468131848
jcf7180000417161_27901_28100	HELPU_012715	-1.25743382768059	1.0392343920796	12.8963952063588	0.00181925253869246	0.0259736340793573
jcf7180000421212_37201_38100	HELPU_012727	1.96491421159395	1.02996346748621	10.5173269593764	0.00406832254104727	0.0419345552204025
jcf7180000392648_26001_26300	HELPU_012730	5.95935023413642	0.318720049523462	26.1670954304631	5.24763862102187e-05	0.0034712826496615
jcf7180000349015_9501_9800	HELPU_012735	-2.16854574927388	3.96326035057895	10.5900223954624	0.00396540215836277	0.0412913562434371
jcf7180000349015_33601_33900	HELPU_012736	-1.59164452708967	2.74826828133827	16.2016413940356	0.000661449973403931	0.0146559241534902
jcf7180000349015_45201_45300	HELPU_012737	4.36892504058525	-0.372166856226402	19.3903607269713	0.000341408148507666	0.0100419502723973
jcf7180000347969_84201_84500	HELPU_012756	-1.42275193426413	2.13257547309815	12.109707492068	0.00235780522740831	0.0302557715994301
jcf7180000418344_24001_24100	HELPU_012757	5.09609964597448	-0.405553887228835	14.2827953350061	0.00149209559381862	0.0231450202966507
jcf7180000355137_26401_26800	HELPU_012765	1.09917698667046	0.679852368580138	13.8759258982669	0.00278966216682171	0.0334422033840975
jcf7180000355137_46301_46500	HELPU_012767	3.6441265527355	1.97447372379434	20.0384432220298	0.000230246858641522	0.00805728979598233
jcf7180000349727_44901_45000	HELPU_012770	1.69492546386997	1.49312982920159	15.6862256084655	0.00076869690880183	0.0158468079384901
jcf7180000348646_66801_68100	HELPU_012773	0.819860805796266	3.7035896172421	10.2409952511568	0.00448343584801516	0.0444736650957381
jcf7180000348646_80101_80800	HELPU_012774	1.98175662426877	2.03434826732699	24.6449041555936	7.4133807374567e-05	0.00420473743462873
jcf7180000353090_17301_17400	HELPU_012793	4.52965325677323	0.829927117954891	23.6042725284082	9.48008671518645e-05	0.00480390510546826
jcf7180000349976_69601_69700	HELPU_012802	7.18038881933986	1.94105917480088	39.238589093305	5.10599220559064e-06	0.000957129600438947
jcf7180000416684_58601_58900	HELPU_012813	-2.4033303855996	1.54879842606919	13.0242544922882	0.00174785244800055	0.0253995219157884
jcf7180000353024_18501_19100	HELPU_012815	-2.45361043884328	3.66423836135366	10.9436899063371	0.00350420890627057	0.0383941566978946
jcf7180000351129_21701_22400	HELPU_012820	1.52478954512156	2.36113739629499	9.87215383325034	0.00512366379584628	0.0482478761893962
jcf7180000351129_30401_30500	HELPU_012821	1.80101185810446	0.744045485963338	12.9843961198066	0.00177045379177866	0.0255636320117854
jcf7180000350983_47201_47300	HELPU_012830	7.16958680859085	-0.415366904865307	33.921357311671	1.60622974543687e-05	0.00178182636443163
jcf7180000418428_11801_12300	HELPU_012831	0.951409482741793	2.87987564374147	11.8376971922655	0.00257938381536923	0.0318844446778483
jcf7180000417114_63801_64000	HELPU_012843	-2.76879911928225	4.98028495663858	13.1622955252001	0.00167201114002631	0.0247705594557114
jcf7180000415733_32801_33000	HELPU_012846	1.9329886546935	0.743789693258799	10.5366824842336	0.00404063286325019	0.0417724084718892
jcf7180000417324_115901_116100	HELPU_012853	4.75496435670248	-0.32885153872346	10.5657299768054	0.0044319279159962	0.0441676983123428
jcf7180000347742_118201_118600	HELPU_012860	1.57464009669648	2.01344013708669	18.2559376732663	0.000370121741036405	0.0104952836273472
jcf7180000347742_148201_148900	HELPU_012861	-3.16345195060826	0.472794028798452	16.8266399619874	0.000552496798618837	0.0132304929380589
jcf7180000417506_104601_104700	HELPU_012871	-2.75022897522913	2.01109690391471	12.055403247979	0.00240082448979798	0.030565426088513
jcf7180000417506_119601_119900	HELPU_012872	-1.25391733818231	1.09343453340611	10.8176449960037	0.00365779664960842	0.0393795611518257
jcf7180000393510_37601_37900	HELPU_012875	-1.77449928342392	1.83019476336991	17.1728377020601	0.000500719397999438	0.0124755716159724
jcf7180000395249_37801_37900	HELPU_012880	-1.75124977236563	1.33839465385953	14.0188737556059	0.0012755100584638	0.0211476071298031
jcf7180000350914_1301_1400	HELPU_012894	5.45453774595711	0.824695453222063	19.7170141916973	0.000314615512967304	0.00959071706392998
jcf7180000357183_49401_49600	HELPU_012900	-1.80873864780181	-0.0575003374899742	13.9072587928894	0.0013189155333083	0.0215747012826326
jcf7180000349479_13001_13400	HELPU_012901	2.23505680931241	2.32562505277757	10.6633121215342	0.0038645572170023	0.0406624616117228
jcf7180000355140_13201_13400	HELPU_012912	-7.24469382176392	2.89195860339364	31.9844162379588	2.82748395988747e-05	0.0024571230223868
jcf7180000347894_34501_34600	HELPU_012919	1.64593237302284	2.43769748364099	13.1366289388597	0.00168583244784425	0.0248747130918341
jcf7180000348751_47501_47600	HELPU_012925	5.78761930497618	0.539305875011591	15.1964757372982	0.000963845232627699	0.0179921336317684
jcf7180000417313_132801_133300	HELPU_012932	1.48871822914462	2.1562494346567	24.3079517202116	8.00845040843282e-05	0.00437337735964955
jcf7180000365159_12901_13200	HELPU_012933	-2.64709725923411	3.16037172494594	11.0767624185097	0.00334635654473677	0.0373417043026071
jcf7180000355113_13201_13700	HELPU_012949	-3.08718432475092	1.09083037928295	27.9299517004935	3.56338410055779e-05	0.00281480810195936
jcf7180000347186_13401_13800	HELPU_012953	1.92400286631595	1.20261924340749	15.2748969736763	0.00086932498579934	0.0169539646546957
jcf7180000357174_47201_47500	HELPU_012955	-2.68120671792197	1.02600151556059	14.9096231622216	0.000970316793235934	0.0180623206691486
jcf7180000352580_33901_34000	HELPU_012974	5.86137365048436	3.03415871765156	17.227094255277	0.000541453416388609	0.0130755782907481
jcf7180000352580_42501_42600	HELPU_012975	3.43748256929089	-0.298740877835584	19.70483693584	0.000250720803835056	0.00846619010000044
jcf7180000352580_84201_84300	HELPU_012976	2.9665296919931	1.10751305903263	12.778900017465	0.00189223267279812	0.0265636820547195
jcf7180000347093_29601_29700	HELPU_012978	1.71128713022875	0.202593958697851	12.1758882499534	0.00230527364811003	0.0298570490330707
jcf7180000348350_24001_24200	HELPU_012980	2.30730277069211	0.204253873023805	22.9699681364511	0.000144688284318472	0.00612875350672685
jcf7180000348350_30201_30500	HELPU_012981	-3.09136534189985	0.00568702170684398	23.0808055715868	0.000107457765627998	0.00515644252563754
jcf7180000348350_64801_65100	HELPU_012983	-1.78519379794457	0.896917969511389	14.3624257720757	0.00114674806931378	0.0198765270347558
jcf7180000421481_8201_8500	HELPU_012987	-2.12641970987158	1.20928314944556	10.0206082230129	0.00485629648480579	0.0466550759124394
jcf7180000421481_14801_14900	HELPU_012988	8.06629523133208	0.41867504027866	15.3199333755873	0.00123202889020791	0.0207336274345229
jcf7180000421481_28501_28600	HELPU_012989	6.53146062097593	0.758988672559017	21.4682033734318	0.000236365058085344	0.00819210854858589
jcf7180000361132_35801_36100	HELPU_013005	1.62625501909828	1.71381019448215	15.3186588354202	0.00085802611539774	0.0168330031613033
jcf7180000361132_62201_62500	HELPU_013007	4.3975243781001	1.81907453238158	19.0593928006681	0.000298169913111069	0.0093358124631689
jcf7180000393729_18201_18400	HELPU_013012	2.73100216035042	1.2126187158898	56.9111834291645	2.80186879500386e-07	0.000185771035496892
jcf7180000420540_61601_61700	HELPU_013019	4.40912046531695	1.29163387988214	15.9699973872108	0.000707694506839452	0.0151689601519497
jcf7180000349426_107901_108100	HELPU_013029	-4.83236380392275	-0.289301943989238	12.6106378822912	0.00353495583664667	0.0385849289732824
jcf7180000371268_5801_5900	HELPU_013030	4.7645100178022	0.887890375106033	13.5739472747491	0.00183417895605801	0.0261022261711419
jcf7180000371268_15001_15200	HELPU_013031	1.87592990841645	1.04700542752305	11.1904452035379	0.00321773709637782	0.0364460132594199
jcf7180000392794_24001_24200	HELPU_013040	2.53908253178668	0.667589257845082	11.9806363181702	0.00246148362758732	0.0310303654013389
jcf7180000392480_16301_16600	HELPU_013050	2.10389298954697	3.30807924405238	21.4085466505654	0.000162157766423385	0.00656578492555142
jcf7180000349445_33801_34000	HELPU_013057	2.84852738824217	-0.309325146490562	10.5155097786042	0.00407093296411416	0.0419463672247041
jcf7180000422201_13601_13800	HELPU_013060	-1.17224638263729	1.20380039655025	10.0627513507384	0.00477901765855176	0.0461884090594549
jcf7180000349608_98601_98700	HELPU_013068	5.15520383746359	3.10253722873142	21.5860178384945	0.000155099813569678	0.00641491375131595
jcf7180000353549_9601_9700	HELPU_013069	4.58826918971046	-0.0930857049276794	17.9906287596022	0.000488922853375522	0.0123200199820428
jcf7180000421117_26301_26400	HELPU_013071	6.58434227226342	1.58009688991225	15.9248537855607	0.0013344095379727	0.0217313464141975
jcf7180000421715_75901_76300	HELPU_013073	5.34195946298186	0.846305110811058	10.8369085629557	0.00363685580543439	0.0392588263278494
jcf7180000348855_95101_95400	HELPU_013087	-2.41048916994758	0.210219798157571	13.6696143245178	0.001423010039322	0.0224995593391713
jcf7180000350352_22601_22700	HELPU_013092	-3.2324847492108	0.930328675594603	15.2015464665358	0.000888633957677843	0.0171793168598671
jcf7180000347644_63101_63200	HELPU_013106	3.68651825156684	-0.0236333697301017	15.1245749842825	0.00098440333383654	0.0182179811139626
jcf7180000347644_76401_76500	HELPU_013108	-2.36518934230038	0.260354278919794	10.2332707146495	0.00449988950603592	0.0445658812470298
jcf7180000417220_65601_66600	HELPU_013120	-1.46561707167506	3.68492914679432	10.9198209406189	0.00353338714544823	0.0385766144428931
jcf7180000372531_31401_31500	HELPU_013126	1.60543903675508	0.811150360696193	10.2794623101903	0.00442637622116126	0.0441369421026477
jcf7180000351924_11701_11800	HELPU_013129	4.81235199010236	-0.0478170019091623	21.9400693539366	0.000142009390167521	0.00607275658368355
jcf7180000348642_1701_2000	HELPU_013132	4.83903354730585	0.247779798785893	15.9246925854375	0.000717150327185131	0.0152869849493678
jcf7180000348642_21001_21200	HELPU_013133	5.97931948499084	2.18721585081447	15.0134228786718	0.00121261437255778	0.0205518045496217
jcf7180000349749_41401_41600	HELPU_013140	-3.19031194181596	-0.0647091363763045	26.4193214053925	6.82383082459809e-05	0.00400600408197819
jcf7180000354040_57301_57400	HELPU_013145	4.97889912446759	0.402360224423352	12.9683683695377	0.00203672613931174	0.0277542875588508
jcf7180000347404_32101_32300	HELPU_013176	6.15232108360596	2.76515714899685	28.7708094251715	2.97818498999467e-05	0.00255322535806406
jcf7180000350512_601_2100	HELPU_013185	-2.63015318948212	3.09171860206432	20.3896604940605	0.000210202200632215	0.00763280752034528
jcf7180000414704_65201_65300	HELPU_013196	6.95727944020359	-0.582611258483041	25.5110181992806	0.000281589648403883	0.00902785742370484
jcf7180000395111_28001_28300	HELPU_013204	3.19839690059231	-0.312366450897915	12.6356412855816	0.00198260929965156	0.0273042039557312
jcf7180000354564_35701_36000	HELPU_013220	-2.20074046845737	1.51012852506633	9.77764441488847	0.00530237940182557	0.0493025177353383
jcf7180000421257_32201_32300	HELPU_013244	7.28762514075941	1.4255697800755	16.9958193064152	0.00119473864226645	0.0203755021297872
jcf7180000355744_22701_22900	HELPU_013248	3.08501867950591	0.477331300403227	12.930512578163	0.00241283690749587	0.0306421775988058
jcf7180000355744_53401_53500	HELPU_013249	-2.1172634440608	0.798840917328004	12.6894097627464	0.00194814023007401	0.0270388119241851
jcf7180000355816_57501_57900	HELPU_013260	-2.32957102859007	1.05009188206413	12.0470040950752	0.00240755552721838	0.0306112303678844
jcf7180000421891_23301_23400	HELPU_013261	2.52167351806962	0.286068319304808	10.1078705293278	0.00470639124432936	0.0458115932353868
jcf7180000347893_63901_64200	HELPU_013269	-1.01072092066071	2.17842139570703	12.0737755306017	0.00238346769663126	0.0304270817220943
jcf7180000413367_2701_3000	HELPU_013270	2.33754252717803	1.90092781105751	33.7476184204383	1.09550526338721e-05	0.00145809612488944
jcf7180000362310_14101_15000	HELPU_013281	-3.00778439043194	3.48359437242147	15.5534172400618	0.000800118125707147	0.0161812775818627
jcf7180000362310_54301_54500	HELPU_013283	6.00620592508388	2.13150283356883	22.7523967063289	0.00015235737385274	0.006337453937791
jcf7180000348006_38601_38900	HELPU_013309	-2.08994448892288	1.35995089197687	41.6213563069858	2.68779474640144e-06	0.000644760874603218
jcf7180000422495_7701_8500	HELPU_013312	-0.783587722184432	3.22962489099671	11.5599286374318	0.00283308414694711	0.0337564704420991
jcf7180000356471_18201_18600	HELPU_013333	1.83860233886296	1.44936795934228	25.8223639737635	5.65402592718375e-05	0.00360682780455559
jcf7180000356471_20301_20900	HELPU_013334	-1.82583327697737	5.74382578963818	11.6376318102787	0.00276241571121883	0.033242183216422
jcf7180000349248_114201_114400	HELPU_013340	2.96164430953886	-0.0333036275498831	9.98185195150947	0.00492456939359895	0.0470411751776011
jcf7180000347737_26101_26600	HELPU_013348	1.32517344314316	1.33380373482239	13.1733205476969	0.00166399044322949	0.0247093567329932
jcf7180000422117_49501_49800	HELPU_013357	-2.63630474216416	1.35125390820932	24.1484787017394	8.3360470454296e-05	0.00446293261136685
jcf7180000355046_34501_34900	HELPU_013365	1.90342008517328	0.97477529479223	23.2330249220313	0.000103327650024393	0.00505290666088922
jcf7180000359107_27001_27300	HELPU_013394	-1.36318315012685	1.73171301728443	14.2982278140051	0.00116801443801872	0.0201004833775767
jcf7180000351071_14101_14200	HELPU_013396	1.29128569803196	0.63287123267528	9.87419432896172	0.00511546865451819	0.0482036331516915
jcf7180000350330_9901_10000	HELPU_013405	6.03219141287719	0.396005225953671	42.2367472446719	4.08406293983208e-06	0.000837355687664483
jcf7180000359088_24301_24400	HELPU_013418	-3.14041744380289	0.853573096462615	19.8536971065806	0.000241630103460739	0.00830251280041574
jcf7180000347684_21901_22200	HELPU_013425	-1.5022761348429	1.58445902301827	18.6496963768697	0.000332266129074525	0.00988691542745342
jcf7180000364751_3801_3900	HELPU_013431	6.36740341088963	1.07708931262206	16.4634407675812	0.000815584143672484	0.0163696505329565
jcf7180000364751_20701_20800	HELPU_013432	6.1627176738526	-0.348779259657017	28.5245236154996	4.42982915107915e-05	0.00317142429982999
jcf7180000366078_18701_18800	HELPU_013438	5.67092619541328	-0.694865545728878	13.7611043354439	0.00209006274408555	0.028183459881203
jcf7180000366078_35601_35900	HELPU_013440	-1.71752030429774	0.361527201813785	19.0251056985035	0.000300307206281986	0.00935317004552878
jcf7180000349150_64201_64900	HELPU_013448	1.65318530338933	3.21679817738274	23.5263021960098	9.64572677557108e-05	0.0048589458022274
jcf7180000354602_18901_19000	HELPU_013454	4.11867432340654	0.0985687604025729	15.0418432780359	0.00093233534715329	0.0176454352107226
jcf7180000348862_33601_33800	HELPU_013464	-1.50198043327641	0.526298650782782	10.0090317195273	0.00487423365529289	0.046752838600098
jcf7180000413433_22501_22700	HELPU_013466	-2.32641855695997	1.32687593936586	12.5829962761319	0.00201701353241043	0.0275830572951884
jcf7180000356621_45701_46100	HELPU_013476	-1.64610762318839	2.79805711307001	15.5750341989543	0.000795006941446605	0.0161371591820372
jcf7180000394493_24501_24600	HELPU_013480	2.8808757620491	0.180929697660973	15.4533647742529	0.000824252599459406	0.0164626949168913
jcf7180000421198_34201_34300	HELPU_013483	3.24274624893231	2.8057801801631	13.3342099889364	0.00158260606574783	0.0239499095247198
jcf7180000421198_40901_42300	HELPU_013485	3.08457595185247	6.68655709149009	14.0379105265713	0.00126797099329741	0.0210777417582941
jcf7180000413400_72801_72900	HELPU_013487	-3.2524923629869	-0.291625445277924	15.4087174238306	0.00134406771148413	0.0218278211939255
jcf7180000349458_39501_39800	HELPU_013492	-1.35383499619202	2.23023772848771	14.5922649457163	0.0010680695084814	0.0191088766852586
jcf7180000417522_5801_6100	HELPU_013497	3.56739319136173	0.0111494327495019	16.5762867675267	0.000593560200163388	0.0137516514965784
jcf7180000417522_5801_6100	HELPU_013498	3.56739319136173	0.0111494327495019	16.5762867675267	0.000593560200163388	0.0137516514965784
jcf7180000392562_10701_10800	HELPU_013510	5.19764666741384	1.21905817306803	18.3175910079944	0.000448982841931894	0.0117572507282891
jcf7180000365255_48201_48800	HELPU_013531	2.40002913983645	0.817946327985587	38.2462173891747	4.78475365445577e-06	0.000920404724637208
jcf7180000348351_29201_29600	HELPU_013532	-4.18515945060074	1.995994230974	16.7581605220638	0.000563408061562308	0.0133666264266634
jcf7180000414358_1201_1500	HELPU_013543	-2.58531578275916	0.0291787446717988	9.76877528564246	0.00531950315041646	0.0494113804924224
jcf7180000355161_73701_73800	HELPU_013548	-2.22717087722964	1.01245503842862	19.3754981085458	0.000274085910374427	0.00890437266906914
jcf7180000420624_31801_32400	HELPU_013551	-3.42107590889862	1.78275188974144	46.6797783370075	1.20671586054705e-06	0.000412946241085914
jcf7180000417362_65201_65700	HELPU_013559	2.97553966014178	1.43990827312987	18.3097434567236	0.000365176182606751	0.0104202671166966
jcf7180000374834_4001_4300	HELPU_013565	4.50146002014648	4.04214648729531	11.9517759738472	0.00248535091683622	0.0312005437875459
jcf7180000348814_66701_67500	HELPU_013567	1.16561174349789	3.21363900128837	12.9354356374775	0.00179720131931029	0.0257881915031327
jcf7180000350828_11001_11400	HELPU_013580	1.65504380763644	0.56998926760922	10.7585984192364	0.00373765994121133	0.0398988790988871
jcf7180000363704_25001_25100	HELPU_013585	3.18089532190645	0.576086356295537	10.6775131911904	0.00384534788844744	0.0405601715943412
jcf7180000422301_39501_39600	HELPU_013590	-3.04368691700475	-0.0962105392317882	13.9824438904841	0.00129007585172698	0.0212841228698924
jcf7180000417908_52101_52200	HELPU_013603	6.33665359826734	2.78867089387063	13.083660031164	0.00230689833534971	0.0298674668670258
jcf7180000417185_161601_161700	HELPU_013605	1.98276370244186	0.26388451627238	14.7327569291293	0.00102282809987542	0.0186186922564831
jcf7180000368534_39701_39800	HELPU_013617	2.90594337101147	0.219276024619642	16.8376986706944	0.000550756728685159	0.0132031802416391
jcf7180000418131_20901_21000	HELPU_013632	5.90765346182276	0.618662860454052	11.148891842894	0.00447325920228776	0.0444065509144171
jcf7180000352586_24701_24900	HELPU_013635	3.64361590033962	0.985592702918747	25.087490059233	6.70317472673688e-05	0.00396224889378218
jcf7180000354543_12601_12700	HELPU_013637	4.15734311739021	0.985910395177909	14.531405847523	0.00108874362304001	0.0192973743636436
jcf7180000354543_14301_14500	HELPU_013638	2.34395252035544	2.31884264003229	22.3522978990058	0.000128281033931372	0.00570723077133597
jcf7180000351316_8001_8500	HELPU_013654	1.21652379853332	1.53302210026128	13.9445618024728	0.00130362546954556	0.0214241256447548
jcf7180000350784_6501_6700	HELPU_013660	6.98241531977	0.373695119840134	37.2703274435381	9.02054159341621e-06	0.00129824743262196
jcf7180000419112_29001_29500	HELPU_013665	-1.66778671402956	0.324621549677707	12.2993795484238	0.00221154220200567	0.0290971703396361
jcf7180000347452_19801_19900	HELPU_013668	2.68150180216429	0.229134852245689	10.0147790388273	0.00486649764033633	0.0467170399044346
jcf7180000417649_14001_14200	HELPU_013676	-3.89974577377756	0.914513103819687	52.978949086384	4.80971043718063e-07	0.00024911951743044
jcf7180000359990_26901_27100	HELPU_013687	1.83692328504972	0.938198089582417	15.3090354836467	0.000860496777208969	0.0168629933227718
jcf7180000362385_30101_30300	HELPU_013689	2.50938023295938	1.50974114496989	24.4757898611805	7.72179012766501e-05	0.00428463615051667
jcf7180000358948_19701_19800	HELPU_013690	5.14834816985832	0.131187339873384	30.6116622522697	4.50922036751176e-05	0.00319726985480864
jcf7180000354300_18401_18600	HELPU_013695	5.29907866576865	1.11717007533283	27.8105571733915	3.65629566195517e-05	0.00285012972692782
jcf7180000417341_84601_85200	HELPU_013707	-1.59718828212523	2.95336317242288	24.7968682315256	7.14955433286407e-05	0.00411209919457682
jcf7180000352853_17301_17400	HELPU_013723	-2.09157697071869	0.933143870364831	18.7591634449567	0.00032297953792311	0.00973892621420178
jcf7180000351518_45101_45300	HELPU_013729	-4.3123803436482	-0.381045513043042	10.835848036955	0.0036382008543963	0.0392688159809777
jcf7180000351518_48801_49000	HELPU_013730	-1.37449775127255	0.686438496901362	13.849568583875	0.00134295412562785	0.0218170639698294
jcf7180000416672_13101_13200	HELPU_013736	-6.38266850786634	-0.885887991844031	21.4205711442327	0.000721030878109073	0.0153253730099935
jcf7180000352203_12201_12400	HELPU_013741	-1.83992018055569	0.721964502424299	14.4617867613746	0.00111223876485278	0.0195432926017108
jcf7180000368463_8301_8600	HELPU_013759	3.83227859160257	-0.384659560549395	12.5906024056324	0.00201200221924368	0.0275387826997856
jcf7180000413670_6801_6900	HELPU_013762	2.97603654916741	-0.112827820584854	11.1529669400365	0.00325952355470864	0.0367261536998754
jcf7180000350138_14001_14200	HELPU_013770	-1.32370520137869	0.652842677463256	9.74408907728899	0.00536494605922243	0.0496720180287794
jcf7180000420483_42201_42500	HELPU_013774	2.89861677949201	0.303596270468412	13.4068069631687	0.00154645127413333	0.0236360543432792
jcf7180000349775_20701_21000	HELPU_013778	-1.71595086270769	1.69074710126809	10.5667879645581	0.0039979792364934	0.0415100805164441
jcf7180000417272_109101_109800	HELPU_013787	-1.27510443174781	4.20641847791714	11.3308629005563	0.00306637817625564	0.0353816728849133
jcf7180000417272_146101_146300	HELPU_013789	-1.61989230194126	2.68297479958711	9.77876902933387	0.00530021247306525	0.0492945403131039
jcf7180000351196_69401_69500	HELPU_013809	5.39651215886434	1.20157109420892	32.9913854055881	1.54212373405757e-05	0.00174380526954168
jcf7180000347702_39301_39500	HELPU_013815	-1.23844527549245	1.13366194254051	11.238227332683	0.00316206371253374	0.0360575683962351
jcf7180000347702_59001_59100	HELPU_013817	5.6155530511363	-0.350437356627553	22.0815529750715	0.0002835055421853	0.00905961887512887
jcf7180000369001_15401_15900	HELPU_013820	-2.26240161326147	2.33695491803473	17.2039526809916	0.000496410306361315	0.0124168469845561
jcf7180000347219_7801_7900	HELPU_013831	-2.77367975148242	4.97971106973645	13.2189983983382	0.00164191934770235	0.0245147014702012
jcf7180000413292_49001_49500	HELPU_013839	1.39544954817602	1.27097078239756	19.6046359909117	0.000257426119294636	0.00857824064966828
jcf7180000414534_9101_10000	HELPU_013845	-2.416304947878	3.93376262098992	25.4488050550422	6.17167646882939e-05	0.00379101199465868
jcf7180000350139_25801_26100	HELPU_013849	2.2761513118464	0.115000569680516	13.0776140052459	0.00171809376611618	0.0251428136720486
jcf7180000348068_63101_63200	HELPU_013850	3.17811197480115	-0.217482117308764	10.7210264300691	0.00446170841147429	0.0443258395893845
jcf7180000359141_2701_3000	HELPU_013868	-1.47316901054844	2.0172358532811	13.1987150587065	0.00165261416051846	0.0246127972210285
jcf7180000352271_3801_4000	HELPU_013870	-3.91231224900624	-0.0483260491127634	11.8786792943228	0.0028721833919638	0.0340255965096375
jcf7180000352271_56701_56900	HELPU_013871	7.79135941024301	3.47234887753936	15.8431238832343	0.00136156369351678	0.0219860527704888
jcf7180000350180_59401_59600	HELPU_013885	6.41739285664913	-0.272109217100009	32.6580505696847	7.03867529440305e-05	0.00407203928206419
jcf7180000417521_32601_32700	HELPU_013887	5.59688762504167	0.710320938550204	14.4451948681486	0.00156508344482498	0.0237979591150866
jcf7180000350955_13801_14200	HELPU_013894	1.3278307988831	3.01621733344371	14.8198924065611	0.0009963634089925	0.0183421416638277
jcf7180000350955_13801_14200	HELPU_013895	1.3278307988831	3.01621733344371	14.8198924065611	0.0009963634089925	0.0183421416638277
jcf7180000417779_24901_25100	HELPU_013897	-3.39633088714489	1.70226413723789	19.6816352839546	0.000252792227594798	0.00849343335757127
jcf7180000362388_19201_19500	HELPU_013905	-1.45103328479777	1.77176682948502	10.1255017537718	0.00467673141743199	0.0456235934244062
jcf7180000393535_62901_63100	HELPU_013913	-1.1423778188416	3.19871682871382	12.4495886851057	0.00210589464614053	0.0283092451217954
jcf7180000380997_8701_8900	HELPU_013926	4.25742413265804	-0.185843048568783	14.5294130968271	0.00108940846022022	0.0193037240886599
jcf7180000417856_37301_37400	HELPU_013931	4.79926952046087	1.4925842307263	21.4318060924163	0.000161212897618965	0.00655253677115186
jcf7180000365294_14201_14500	HELPU_013933	3.29329879388726	3.62747209638403	14.2828547440872	0.00117523843502661	0.0201786462998436
jcf7180000349300_44901_45000	HELPU_013935	5.11558332386259	0.890289251868532	17.0537432495015	0.000517947977396429	0.0127266265181202
jcf7180000349300_80101_80500	HELPU_013937	-1.99334390835679	0.405127624789048	15.7933531544711	0.00074536100134893	0.0156041787651501
jcf7180000417680_56001_56100	HELPU_013957	2.30161420551193	0.858605192724928	11.4556482833556	0.00293847459819131	0.0344987525931395
jcf7180000417680_121701_121800	HELPU_013958	-2.45736351280774	0.779605637062994	10.9554859190199	0.0038872356834503	0.0407883719032231
jcf7180000362286_48101_48300	HELPU_013970	3.05708496487408	2.50244488779879	12.1565455438746	0.00232138584951294	0.0299859107386328
jcf7180000370525_601_900	HELPU_013973	2.68511388754244	0.0657611362751355	16.5764489783845	0.00059353252625757	0.0137516514965784
jcf7180000349741_71801_71900	HELPU_013977	3.74119775719703	-0.628482568923982	11.3860805172606	0.00337091541270124	0.0375280312855168
jcf7180000413978_28201_28700	HELPU_013978	-2.13969333384656	2.70012520148585	45.1322977223714	1.52547828235103e-06	0.000470838543080775
jcf7180000417311_91601_91700	HELPU_013997	4.84869334258088	0.0301836196253267	23.5662360160145	9.56629125164215e-05	0.00482912249618278
jcf7180000350003_26801_27000	HELPU_014000	6.14015070847688	0.6059738464195	24.5407163725979	0.000119993800646527	0.00549370456965074
jcf7180000362321_24001_24100	HELPU_014050	2.64165560396795	0.00708351861138081	13.8002391409573	0.00136574320593181	0.0220253689293428
jcf7180000394305_18601_18900	HELPU_014058	-2.61088721729761	0.311752927000809	16.4154572071211	0.000621712847011904	0.0141543077363547
jcf7180000422316_12601_12700	HELPU_014059	6.85275526934573	1.84640363677638	26.1274542720791	6.16732464152548e-05	0.00379074741437386
jcf7180000349671_90901_91500	HELPU_014068	-2.36535644385817	1.3676906963207	18.6950085987408	0.000328871572826629	0.0098232631380537
jcf7180000365456_21201_21800	HELPU_014082	-2.5674927430156	1.6923585828423	52.7753565423291	4.91885467941887e-07	0.000251202684454564
jcf7180000349600_15401_15600	HELPU_014084	-2.90281999552401	1.15534394757276	18.7841208306283	0.000321053568247901	0.00969616305277747
jcf7180000393263_56601_57000	HELPU_014097	1.61931245833135	4.30876963086462	10.2390450987967	0.00449062593266774	0.0445172364938298
jcf7180000362272_15401_15500	HELPU_014101	-5.2703856059117	0.550476667466415	35.4696210387332	7.92836759846253e-06	0.001205958363504
jcf7180000352612_94401_95000	HELPU_014110	-2.60350130822299	2.88641146020023	58.3259839972813	2.32921151426464e-07	0.000167205279798566
jcf7180000417498_79801_80100	HELPU_014121	2.26381825590062	1.97723482510329	14.4252287390103	0.00112480047710487	0.0196602804256111
jcf7180000420652_44601_44700	HELPU_014127	-6.63345610953728	-0.206039199430825	18.3558890100291	0.000883426179088858	0.0171213959129768
jcf7180000417617_88601_88900	HELPU_014134	-2.0395036374326	2.0153125685702	29.3118723616973	2.65220916627228e-05	0.00237098724989972
jcf7180000356927_20901_21100	HELPU_014142	3.27672338471802	1.67647152845627	25.1956845586546	6.53891142930484e-05	0.003910064267143
jcf7180000352314_34801_34900	HELPU_014145	2.97268319425062	1.28841113309761	12.012492828107	0.00243543295632387	0.0308266806854166
jcf7180000352314_61001_62300	HELPU_014146	-1.25543561158209	2.75291406801389	17.4686705427475	0.000459975936218081	0.0119123258624663
jcf7180000351911_48801_49300	HELPU_014160	3.65102994526314	2.70584731581684	33.9743066248302	1.04949147360118e-05	0.0014253328321914
jcf7180000417187_54401_54700	HELPU_014170	1.36107977858159	1.7050022798637	11.4515949185788	0.00294253508186548	0.0345234403920485
jcf7180000349939_66801_66900	HELPU_014183	3.60582656848286	-0.159376069714661	13.6758111592113	0.00142023406760078	0.0224746064366804
jcf7180000413950_23001_23100	HELPU_014195	4.74993544270995	0.605500379709158	13.224520510512	0.00163902097983127	0.0244798820470516
jcf7180000355406_48701_49900	HELPU_014211	1.90438442884083	3.6455692357171	15.3845484683415	0.000841318968456459	0.0166546733138488
jcf7180000366820_25901_26600	HELPU_014215	-0.834716319713465	1.70397626954618	10.6363039422523	0.00389766055333521	0.0408531935196012
jcf7180000354001_12901_13000	HELPU_014230	5.60647417420502	2.28376034512374	10.5294948761488	0.00425452709708921	0.0430802641792332
jcf7180000413777_40001_40100	HELPU_014237	2.71920221897819	0.977150165861949	14.6104961225392	0.00106271565086212	0.0190482137502806
jcf7180000422400_23801_24100	HELPU_014238	1.96947228863694	0.179296408616251	14.6001151401685	0.00106453844709264	0.0190713381151742
jcf7180000350055_37101_37900	HELPU_014245	2.32304577486041	3.53590318980728	11.3725966357311	0.00302292726556585	0.0350746368168632
jcf7180000356474_4701_4900	HELPU_014246	2.81306756485547	1.99376352547849	23.9812481738653	8.67051984015683e-05	0.00457192744156223
jcf7180000356474_27601_28100	HELPU_014248	2.21757719506904	2.20115770195233	34.9828977487599	8.64672737517487e-06	0.00126930612069697
jcf7180000350186_61401_61500	HELPU_014252	3.68465936556441	-0.230879683955036	16.2745169352039	0.000647599581755725	0.0144812245611326
jcf7180000421573_9901_10300	HELPU_014258	1.552302441544	2.01857319232599	15.6770541046595	0.000770563047934492	0.0158605347800638
jcf7180000349601_33801_33900	HELPU_014265	3.77153202380342	1.29552997236854	12.5188763737637	0.00205981268332484	0.0279535151196261
jcf7180000359813_27901_28100	HELPU_014270	-3.82944784222088	0.810849489711595	12.0528000885059	0.00240290841619795	0.0305742902992462
jcf7180000348246_33001_33100	HELPU_014273	1.76416508593946	1.47398163181928	12.1808425816754	0.0023027392567448	0.0298401607760549
jcf7180000348246_35301_35900	HELPU_014274	2.96987038497041	1.48865819364207	18.8704294176596	0.000313676615659791	0.00957984044982198
jcf7180000410565_56101_56300	HELPU_014279	-1.32660541900658	1.63143873757392	14.1079554095678	0.00123892322289621	0.0207897979942874
jcf7180000359009_28401_29000	HELPU_014281	3.65972766146921	1.5409823369921	18.9237905937898	0.000309209412895879	0.00950584141971966
jcf7180000352320_15001_15300	HELPU_014284	-1.25160304267037	1.64091045980058	13.7083261186562	0.00140387909438355	0.0223527956995224
jcf7180000352320_23201_23300	HELPU_014285	-3.94413105505412	0.026959989450751	16.5384589706481	0.000600052878363311	0.0138438458148182
jcf7180000352322_67601_67900	HELPU_014288	-0.888614301698373	1.10909809797649	9.75360463820741	0.00534440539535963	0.0495504365628385
jcf7180000354219_10401_10500	HELPU_014304	-4.62896341678506	0.415534057216407	20.2629695028153	0.000274907560938116	0.00891778399464436
jcf7180000349127_24801_24900	HELPU_014308	8.16556166383378	1.5678063809895	22.8486414728578	0.000203304709282864	0.00748867772193451
jcf7180000422204_28301_28400	HELPU_014309	-4.69203173115349	-0.372526109038895	15.7991694104733	0.000744086088128628	0.0155922291198321
jcf7180000352370_73101_73400	HELPU_014314	3.02529341041029	0.685485565332961	19.1690299024843	0.000289561907047861	0.00918068943435883
jcf7180000368689_32601_32800	HELPU_014321	-2.04580711059512	-0.00872767151899025	18.3526062402332	0.000385134155196413	0.0107485940436951
jcf7180000418423_27901_28300	HELPU_014324	4.025908822984	2.03758086293511	14.5577233852078	0.00108000531096654	0.0192178467969551
jcf7180000413364_15601_16000	HELPU_014328	-2.78796365210206	2.03143270878454	21.9377857666558	0.000142089814907635	0.00607438200217152
jcf7180000353077_43701_43800	HELPU_014333	8.388869303316	3.0058231418851	19.2917249545536	0.000522274162736669	0.0127876193957565
jcf7180000353077_55401_55600	HELPU_014334	-2.89026553876305	2.66455937761631	13.1567283329802	0.00167499835648627	0.0247896261941155
jcf7180000375369_19801_20100	HELPU_014337	-3.60495607017525	0.148316797515278	11.3117240242049	0.00308653576787497	0.0355261073090265
jcf7180000358085_33501_33600	HELPU_014368	2.87563436226999	0.34610736533098	16.5795267629839	0.000593007712211694	0.0137455223748207
jcf7180000351919_34201_34500	HELPU_014377	2.56399764248387	1.52468463402432	25.09975012948	6.68433473048605e-05	0.00395573128894407
jcf7180000351919_39301_39500	HELPU_014378	-1.13722107745423	2.1850055333603	12.4551543706447	0.0021008580132484	0.0282693461266784
jcf7180000349943_43001_43200	HELPU_014379	1.73532601996133	2.7657364039183	12.3990595127455	0.00214251050508526	0.02859479318019
jcf7180000358068_31401_31700	HELPU_014385	-1.454535293414	0.841728681045914	13.5853514692963	0.0014600804796931	0.0228640572717214
jcf7180000349985_27801_28200	HELPU_014397	2.32256168214643	1.17487662388105	15.3263974505071	0.000856045019671661	0.0168080752402829
jcf7180000363664_25801_26800	HELPU_014398	1.13548113818254	2.50353740942369	14.3243533489149	0.00115863360480142	0.020005060432965
jcf7180000351533_49501_50700	HELPU_014413	-0.855227137132949	4.67220738673005	10.4972979899625	0.00409335635435652	0.0420812779226449
jcf7180000351533_64701_65800	HELPU_014414	-1.5942516930919	2.79483714333076	22.7481996646317	0.0001162708609824	0.00539321682568517
jcf7180000353032_8701_8800	HELPU_014418	6.27910851605503	-0.359175419441003	14.7713847099384	0.00118704291190868	0.0203009995300493
jcf7180000352995_27901_28200	HELPU_014423	1.16386328889187	0.602359700795912	9.95803807606965	0.00496271845716167	0.0472763015774586
jcf7180000354021_16801_16900	HELPU_014432	3.89657232035758	0.021968903445355	12.7969408482894	0.00188117844643528	0.0264646512218623
jcf7180000358250_21101_21600	HELPU_014439	4.49205933280728	0.385878017673522	17.5773434592795	0.000447032842565418	0.0117351549809811
jcf7180000347495_43501_43900	HELPU_014443	-3.14768446460096	2.54999193331733	18.6606011366177	0.000331946234713836	0.00988237856463778
jcf7180000347495_46401_46800	HELPU_014444	-4.13682079242096	1.33672176232015	15.0426247808	0.000932115795919309	0.0176454352107226
jcf7180000349756_34501_34800	HELPU_014453	-1.43944058697367	1.16398141669495	17.7334690811386	0.000427217231074897	0.0114489247950479
jcf7180000352683_15001_15600	HELPU_014457	-2.72652251864309	3.12989964889862	14.1653582893222	0.00121874980336346	0.0206167522990779
jcf7180000418267_11701_12100	HELPU_014459	0.986591941594643	2.24226522112401	10.1114542126029	0.00469616078504426	0.0457441674945714
jcf7180000362222_19001_19300	HELPU_014461	-1.03687736750864	2.00305870438218	13.1760461729223	0.00166253706320024	0.0246968869581791
jcf7180000363807_11001_11600	HELPU_014474	-1.64313780114951	4.39329939777347	32.0169083264261	1.52830755181303e-05	0.0017349526636381
jcf7180000347203_6701_6800	HELPU_014482	1.65004681903232	1.81502653608084	11.1345885729217	0.00328023417552179	0.0368782680139804
jcf7180000347203_27001_27100	HELPU_014485	-2.58529760322051	0.67939583299545	17.9754386520087	0.000400283024415139	0.0109988359395774
jcf7180000348133_57901_58100	HELPU_014489	-6.05470349639905	1.49762099636377	27.833220929259	5.09971908261423e-05	0.00341763509049122
jcf7180000357230_28301_28500	HELPU_014493	4.8933999012426	0.276462666082066	23.1705374316622	0.000105161940518552	0.00509837832378254
jcf7180000358217_33601_33900	HELPU_014497	-3.16824141468337	0.387355562148404	15.8700493575912	0.00072874138434715	0.0154204498001183
jcf7180000393585_11001_11200	HELPU_014499	2.29457459780233	1.67027696814212	12.6087747032993	0.00200008508732909	0.0274574096918123
jcf7180000393585_21501_21700	HELPU_014500	1.85194867753093	0.273560752756303	11.2574650973894	0.00314448596922965	0.0359203032108375
jcf7180000413724_14201_15500	HELPU_014517	1.03326885083488	3.54018906823818	10.4673578282482	0.00413726772776032	0.042354093550849
jcf7180000355067_68201_69200	HELPU_014521	-2.07847288874875	2.88838227871071	10.7422848130633	0.00375906678058119	0.0400423303492703
jcf7180000359918_64001_64300	HELPU_014533	2.68019183408674	1.18595564912674	10.9124070373969	0.00354250493424831	0.0386481702141365
jcf7180000359918_80101_80300	HELPU_014534	-5.16260588801709	2.18353403199707	29.5016477231644	2.55486639916215e-05	0.00231181334575705
jcf7180000357362_26801_27100	HELPU_014545	-1.37557564920971	3.15837859201386	10.1132183532184	0.00469737294366893	0.0457528629284272
jcf7180000418051_31001_31200	HELPU_014550	-2.32871034822868	0.847608115901045	13.5596716556209	0.00147327213156501	0.0229839279317958
jcf7180000417338_31901_32100	HELPU_014565	-1.45808504545377	1.98805761408186	24.3034619895433	8.0168690884753e-05	0.00437514766596138
jcf7180000347491_6301_6400	HELPU_014569	-5.22929475591731	-0.196124526208584	11.8862489596903	0.00306617371434371	0.0353816728849133
jcf7180000347491_75301_75400	HELPU_014571	4.70244440642313	-0.0606630477738605	25.3760681632265	6.27482238856334e-05	0.00382336148419674
jcf7180000353976_18601_18700	HELPU_014576	1.92897941582256	1.1134576695325	20.217726150503	0.000219449251078629	0.00782279908384548
jcf7180000393624_146901_147000	HELPU_014581	3.39817262574009	0.383899223826289	11.0894710972581	0.00351174121276737	0.0384311122282244
jcf7180000355090_20801_20900	HELPU_014588	-2.56176905678268	0.587507953275454	20.5001930800426	0.000204298278111866	0.00750914361291167
jcf7180000421155_14501_14600	HELPU_014598	3.04785404104255	0.550261790885633	17.8996165071501	0.000408753763490166	0.0111534833014383
jcf7180000351309_77501_78100	HELPU_014608	0.992364402784492	2.89013574291129	10.0281958771482	0.0048387905095833	0.0465477833514161
jcf7180000349592_45001_45400	HELPU_014622	-0.868181413241602	4.57747559469189	14.698043852529	0.00103318240404316	0.0187345743506501
jcf7180000347643_3801_5000	HELPU_014642	0.898773629738506	5.0906599350253	10.2816260320014	0.00441893573591456	0.0440857717182445
jcf7180000368355_36401_36900	HELPU_014646	-1.0714339212318	2.96406035617722	19.7782991523697	0.00024592722492894	0.00838279634247949
jcf7180000365092_16301_16400	HELPU_014647	-2.84438401941236	1.89121472057644	17.0542936466953	0.000517867199754224	0.0127257333925878
jcf7180000373813_24301_24700	HELPU_014649	5.34196187975017	0.852396348727837	10.7869129882763	0.00370086881938596	0.0396450278005184
jcf7180000363609_24001_24200	HELPU_014655	-3.54718338253382	0.0992585987065496	19.1964800765547	0.00035850772775281	0.010326457455456
jcf7180000392588_78901_79000	HELPU_014662	2.76510816060782	-0.167736375541501	14.3095604609623	0.00116559013309407	0.0200828010738533
jcf7180000366685_14101_14200	HELPU_014670	-3.19118581244775	-0.454874219374232	16.738876522267	0.000756570326914849	0.0157224239300036
jcf7180000420640_63001_63400	HELPU_014674	-2.92971241365606	1.65698875243424	14.6291879735263	0.001056665306259	0.01899086865005
jcf7180000353466_81901_82100	HELPU_014676	4.4107783500566	-0.179144479670997	17.1544215280202	0.00050340101257761	0.0125053925130067
jcf7180000362266_13601_14100	HELPU_014690	1.26774242419415	0.839698072159042	11.1004240654185	0.00331576413298341	0.0371319690862118
jcf7180000351330_1601_1700	HELPU_014702	5.89665127391814	0.372591900987872	37.3916420127263	8.84000618021299e-06	0.00128790256875883
jcf7180000355841_8201_8400	HELPU_014714	3.28818042456738	0.30248728367489	16.2153836830387	0.000871667623998646	0.0169826072406921
jcf7180000414077_4701_5400	HELPU_014721	1.77172344050457	4.05970314363852	15.1450831991255	0.000903820434174365	0.0173406507803109
jcf7180000414077_21301_21600	HELPU_014722	-1.78090489821215	0.949294161280364	22.0995668147267	0.000136181891262969	0.00591450653051986
jcf7180000392799_92501_92600	HELPU_014725	-2.0789354021877	0.146473917696285	13.4605272443965	0.00151829326549245	0.0233982667144736
jcf7180000352587_57601_57700	HELPU_014743	5.9630974374549	-0.707875912951936	13.7555434197372	0.00190026125371647	0.0266307792362802
jcf7180000352587_97401_97700	HELPU_014744	4.20288753181692	-0.200898353327015	20.0708783749898	0.000327977473397422	0.00980601291991685
jcf7180000370320_34901_35300	HELPU_014747	3.08781377385785	0.826926622430549	11.2822970101483	0.00311781634633043	0.0357456591188888
jcf7180000349247_21701_22000	HELPU_014755	-2.49602275882855	1.0723968864741	10.1780333703876	0.00458958459837048	0.0450801052006948
jcf7180000347711_52101_52300	HELPU_014762	2.40480690564365	0.303150903738915	15.1847471245403	0.00089235528833568	0.0172117608196716
jcf7180000365168_26001_26100	HELPU_014763	6.9970669470607	1.27101856593292	33.2292086449021	1.21054496367815e-05	0.00154791411746179
jcf7180000356876_26001_26300	HELPU_014770	-1.50351616874401	0.697211377930178	20.5122373602077	0.000203212083167845	0.00748815481095026
jcf7180000421275_10201_10400	HELPU_014783	5.96195141556364	1.94599987976156	26.4987038017476	4.87341172377302e-05	0.00334660116955813
jcf7180000364012_72901_73000	HELPU_014787	6.31033181890357	0.121366004495837	25.5733734549055	0.000140836938675154	0.00603884757992641
jcf7180000372607_28201_28400	HELPU_014789	-4.27018383584488	0.208660103352948	45.364379327193	1.47875795033774e-06	0.000462397602010249
jcf7180000359016_36601_36700	HELPU_014793	2.27415830947382	0.913732566019028	20.1524441189775	0.000223518479622628	0.00791240746653699
jcf7180000417693_49301_49500	HELPU_014806	-2.14398525702386	0.355613188357334	14.0677981574812	0.00125532264761713	0.0209532808851417
jcf7180000417832_44701_44900	HELPU_014810	1.26224060262932	1.50073517718701	17.3538333810248	0.000475036681223022	0.0121322631736662
jcf7180000352291_24601_25100	HELPU_014815	-2.1684113326737	0.978131118147536	26.0776838501317	5.33811301987476e-05	0.00350338231717508
jcf7180000350314_24501_24700	HELPU_014827	4.50559773529602	-0.912727694761613	11.746031346577	0.00320393081369221	0.0363347805825451
jcf7180000367675_601_800	HELPU_014833	-1.20962989450741	1.25823156436988	10.1775074614425	0.00458632399199815	0.045061622508505
jcf7180000359912_7801_8100	HELPU_014840	-3.73884959784735	2.51461682915384	31.1308143170908	1.83047912926704e-05	0.00190931771871293
jcf7180000359912_23001_23400	HELPU_014842	-1.25031913728869	1.35131611775285	12.6491968276421	0.00197147379905805	0.0272254628919917
jcf7180000417111_9201_9300	HELPU_014843	5.01806114836675	-0.679586945898495	15.4371933900662	0.00107773260398133	0.0191984399875963
jcf7180000413305_3001_3200	HELPU_014850	2.21247414270673	0.504257422930469	16.1869494565211	0.000664281704605391	0.0146857221214116
jcf7180000370299_16501_16600	HELPU_014853	-5.01837900220479	4.14402130098713	10.8878576394884	0.00357288315765574	0.0388683600464378
jcf7180000418191_28501_28600	HELPU_014857	-8.40958997410115	2.06033979010538	11.5246192953559	0.00343823309619981	0.0379427004833452
jcf7180000393721_53001_53100	HELPU_014860	5.78734977491358	2.70673075432879	15.5299662955072	0.000805704040216519	0.0162494994456483
jcf7180000365072_25001_25400	HELPU_014862	-5.08386339884203	1.00737142702473	22.981530134558	0.000110062347200381	0.00522713114269001
jcf7180000348026_24401_24700	HELPU_014871	2.53347543895845	1.71722624634189	11.9026034023062	0.00252660913202719	0.0314934972739958
jcf7180000417226_19901_20100	HELPU_014876	2.29555168094039	0.700781751720173	20.1196802215448	0.000225429735908425	0.00795480632832852
jcf7180000365936_10501_10600	HELPU_014878	6.58226232035683	0.471981112406814	15.1556904632828	0.00116532571094625	0.0200795755104354
jcf7180000413753_15101_15300	HELPU_014898	6.61264807330552	3.3226655461319	25.5949314847368	5.9700591955716e-05	0.0037222162499129
jcf7180000355787_58201_58300	HELPU_014899	2.80229155766511	-0.0805412969045692	11.1443553157857	0.00326920990133442	0.0367991033722202
jcf7180000392566_9201_9800	HELPU_014914	2.12659338064032	0.232054281006133	22.7311158841942	0.00011665238763144	0.00540350420459437
jcf7180000352968_24101_24600	HELPU_014923	-1.73270459209206	1.45852811905677	14.903292243705	0.000972177834170447	0.0180849439596516
jcf7180000420717_7301_7500	HELPU_014925	4.39655371555893	1.76080308721806	13.0390640298443	0.00173953635320707	0.0253265988430866
jcf7180000392778_94501_94700	HELPU_014929	2.1746500322252	1.02863199473386	21.7569842416449	0.000148264316963134	0.00622373119821608
jcf7180000351349_28601_28700	HELPU_014941	4.14099945183461	-0.305923028352376	14.13951471751	0.00132114329065116	0.0215988076090947
jcf7180000417424_87401_87500	HELPU_014943	3.80711345350271	-0.154024576898404	13.4307237001223	0.00153474114324088	0.0235402860359353
jcf7180000413472_74601_74700	HELPU_014947	2.43832029764747	-0.0697664296529141	10.6831231821628	0.00383778865087269	0.0405117671520422
jcf7180000420451_174901_175100	HELPU_014961	2.86489280894254	0.515468469890457	10.486042711598	0.00411352366407853	0.0422045435588
jcf7180000417453_30901_31100	HELPU_014967	-1.6663367535553	1.45826806052302	10.8725553988868	0.00359196480399269	0.0389828623413616
jcf7180000353639_46301_46400	HELPU_014970	2.73605211312761	0.165514250541246	16.7591937575648	0.000563241672034375	0.0133648929165595
jcf7180000353639_49701_50200	HELPU_014971	2.03020194497211	2.11139969862796	27.5793506643147	3.83661809372896e-05	0.00291816120322111
jcf7180000347539_23701_23900	HELPU_014976	3.63566293545132	0.108350657112644	16.3209111190487	0.000847296379505952	0.016710635550007
jcf7180000351297_31801_32000	HELPU_014977	-4.97699643371535	0.939089779488817	47.4142602131144	1.07914273707057e-06	0.000391756168252106
jcf7180000351297_41801_42000	HELPU_014978	-3.27919894437751	1.09062974510399	32.0178561284607	1.53366922544736e-05	0.0017378474583586
jcf7180000348765_42001_42100	HELPU_014983	-4.99435433139921	-0.612074169620191	20.9334443599413	0.000233322146868762	0.00811927621931466
jcf7180000349557_21401_21800	HELPU_014984	1.32773010774589	3.02329906533498	15.0441738332315	0.000930977017252903	0.0176348756114475
jcf7180000349557_21401_21800	HELPU_014985	1.32773010774589	3.02329906533498	15.0441738332315	0.000930977017252903	0.0176348756114475
jcf7180000349626_17501_17600	HELPU_015017	3.93844024061474	0.109003178910772	10.8377161934298	0.00404347677897517	0.0417912504373948
jcf7180000349626_27701_28100	HELPU_015018	1.70566234438639	2.73730447821646	30.9864065160114	1.87783162928936e-05	0.00193684436471899
jcf7180000353076_17601_17700	HELPU_015019	2.90286655593688	-0.275501103155761	10.6204074252254	0.00392324290840105	0.0410177652403485
jcf7180000355103_28001_28200	HELPU_015022	2.01796899420622	0.949874324885619	12.0528974246741	0.00240283045890528	0.0305742902992462
jcf7180000353920_72401_72500	HELPU_015024	-2.57425915487915	0.412458562192147	16.6075725513288	0.000588248975464437	0.0136750579738132
jcf7180000353920_94601_94800	HELPU_015025	2.03530169547743	3.32976495293425	57.1054239528879	2.73086808975338e-07	0.000182457879745632
jcf7180000350362_24001_24300	HELPU_015037	-2.33935947747433	1.46764684794542	39.5834210009911	3.79212407493617e-06	0.000802191080067757
jcf7180000352285_94901_95200	HELPU_015047	5.00630593963495	0.0504013488127706	37.1226490299643	5.86729089710028e-06	0.00103609773722795
jcf7180000353213_27901_28600	HELPU_015055	3.89877533551304	1.50685608431118	55.5582100190815	3.37772771353509e-07	0.000204539622791695
jcf7180000353213_44401_44500	HELPU_015057	4.25599226576431	-0.766645372843727	14.2294635289274	0.00205088534811878	0.0278776028606596
jcf7180000354244_14501_14600	HELPU_015058	4.87213138744137	-0.0661757716859451	15.6547916288414	0.00101507798760013	0.0185495561282598
jcf7180000414202_17001_17400	HELPU_015068	1.24350397677231	2.49960162481053	11.4685591462113	0.00292558240549769	0.0344106798353243
jcf7180000420565_44401_44500	HELPU_015075	4.70087414970343	0.651490500546083	18.2833330971465	0.000452992132156702	0.0118125616749133
jcf7180000348426_3301_3400	HELPU_015077	8.08507897044887	3.65826006910395	13.996531569148	0.00177468397724507	0.025596324464997
jcf7180000358073_5401_5500	HELPU_015091	7.71642924146473	-0.103348663183565	34.966674936976	5.06741546752157e-05	0.00340554812321868
jcf7180000352847_9801_10100	HELPU_015099	6.35831802459161	-0.519784236604331	21.6098434227379	0.000266151090135278	0.00874628857493069
jcf7180000355075_37301_37400	HELPU_015112	6.51569327324586	-0.170747154469565	14.5449758521679	0.00126797066980503	0.0210777417582941
jcf7180000355075_61801_61900	HELPU_015114	-3.56205863797415	-0.350988844461387	15.2603268943319	0.000873064945478132	0.0169948171821785
jcf7180000422052_14801_15000	HELPU_015127	2.25469311651005	0.533085645314087	14.711569828562	0.00103044918663721	0.0187051441270636
jcf7180000370285_16801_17100	HELPU_015135	5.32512427106354	2.09824457540085	17.3992426563022	0.000469873483774217	0.0120597331561041
jcf7180000348786_4201_4300	HELPU_015143	-6.64824101786221	-0.695216664578675	22.4649721612084	0.000383275983919678	0.0107197139191643
jcf7180000416267_24301_24600	HELPU_015156	1.8740305262669	0.581016471299907	12.1746766485338	0.00230745549913683	0.02987197994356
jcf7180000362342_24201_24300	HELPU_015164	7.68540468893677	-0.186364355929049	20.5128282401931	0.000685799724906028	0.0149086959022698
jcf7180000357522_5301_5500	HELPU_015167	3.89440139067542	-0.318462629783778	13.3013015277834	0.00159930242770134	0.0241113885964006
jcf7180000347984_125501_125600	HELPU_015170	6.23041317209413	0.179163279999569	21.7947790695503	0.000190300496452901	0.0072202641060019
jcf7180000359716_20901_21100	HELPU_015176	-3.05445450559946	1.66751283902184	12.5192530903033	0.00205955831203507	0.0279535151196261
jcf7180000359716_20901_21100	HELPU_015177	-3.05445450559946	1.66751283902184	12.5192530903033	0.00205955831203507	0.0279535151196261
jcf7180000359716_26601_27200	HELPU_015178	0.922809562167815	2.88076540338197	13.0952751867247	0.00170620886858911	0.0250360803075498
jcf7180000377650_8801_9100	HELPU_015179	3.28195363180173	1.47631499766285	30.3865865111107	2.12866244021507e-05	0.00207475307869672
jcf7180000353927_47401_47900	HELPU_015226	-1.88865304996956	1.47907464168484	20.2876480831733	0.000215818361754338	0.00775416531638358
jcf7180000349356_36401_36700	HELPU_015237	-1.9867141440599	0.942852565658404	10.6589731185898	0.00387044766671195	0.0407005181670205
jcf7180000417564_90501_90600	HELPU_015250	2.61347577138599	0.178919646389288	19.8845337178472	0.000239687686254046	0.00825652734945131
jcf7180000354470_19501_19800	HELPU_015256	2.20023200272726	4.87617195607792	11.8556756392488	0.00256669260438571	0.0317863527369859
jcf7180000392978_91901_92200	HELPU_015289	-0.988982825604372	2.85525769453125	12.9959698588966	0.00176165101543332	0.0254956503156748
jcf7180000422005_24801_25000	HELPU_015294	-1.06654830596416	1.01945021076515	11.018914565109	0.00359445659129637	0.0390025161221066
jcf7180000413384_19801_19900	HELPU_015302	3.36806859474037	1.14515106726306	22.2773657281372	0.000130663544853282	0.00576799992038944
jcf7180000355200_27001_27100	HELPU_015306	1.37112879477647	0.466114215259051	10.2649535631519	0.00444668357284463	0.0442377908276604
jcf7180000349753_46301_46600	HELPU_015312	-2.99149029290734	0.326708826165565	25.2612957153047	6.44146266533581e-05	0.00387457202635078
jcf7180000413275_27201_27400	HELPU_015314	-4.29045536200728	2.30367496389827	42.0703312476601	2.50760252242601e-06	0.000621857201463996
jcf7180000422241_17101_17300	HELPU_015331	-1.22076128459252	0.686234616528433	10.8255940380153	0.00364766357648195	0.0393264721341681
jcf7180000399790_32201_32800	HELPU_015339	-2.90547530073767	1.32016671269489	29.5203555705351	2.54493868307958e-05	0.00230706622560318
jcf7180000355921_44701_45000	HELPU_015353	5.94406784623079	2.67550801342602	24.5624602129023	7.56761377324544e-05	0.00424537572539692
jcf7180000419380_10801_11000	HELPU_015358	5.48257547769684	0.979333168197591	24.3332398469448	9.1905742951802e-05	0.00471761402087021
jcf7180000354196_33401_33800	HELPU_015371	2.03591803820689	2.70694390973005	11.3360170682406	0.0030609746423934	0.0353426768209301
jcf7180000418774_44601_44800	HELPU_015382	6.23549531896759	1.62804342487244	18.5535642394411	0.000341715733420762	0.0100489335088818
jcf7180000365150_33701_33900	HELPU_015386	3.71781618545927	0.807510960229274	10.8488011508587	0.00362181033895937	0.0391672683665754
jcf7180000348209_23601_23700	HELPU_015389	-3.21279369640663	0.0496713877942004	12.7620273889566	0.00190263621032259	0.0266506776454135
jcf7180000347528_17701_17800	HELPU_015397	6.45707122705085	3.49020678400848	14.7924146166693	0.00117982358893324	0.0202246293080005
jcf7180000347808_6601_6800	HELPU_015399	3.89249944642202	-0.529459667490554	13.9414725914128	0.00130667764128554	0.0214516969542324
jcf7180000417743_30801_31100	HELPU_015404	-3.02781302702274	1.24505746208469	16.8295536702219	0.000552037743051127	0.0132217170857852
jcf7180000361061_24001_24100	HELPU_015410	6.13509125621448	1.677364956121	21.1663608079238	0.00017236732270667	0.00680549358497083
jcf7180000413719_31201_31500	HELPU_015419	5.29562741908531	0.101727915242623	24.158207853046	8.31703052665694e-05	0.00446025482617256
jcf7180000347436_63201_63300	HELPU_015434	4.64425721145172	0.539802576160772	30.7387140639933	1.98139479533289e-05	0.00199624660215417
jcf7180000356634_28501_28800	HELPU_015450	1.2176967723935	1.70706903365067	10.011888788935	0.00487072494310857	0.046732230180761
jcf7180000417566_80901_81200	HELPU_015454	-1.28798303666218	1.03595375411255	10.0342288999269	0.00482829524060134	0.0464827279134082
jcf7180000352974_25901_26000	HELPU_015463	-1.34565777108563	1.9512147317879	11.9285650836653	0.00250473223264931	0.0313437750090125
jcf7180000351914_70701_71100	HELPU_015466	-1.8912715760868	0.348720438477186	9.71530702451861	0.00542404623380341	0.0499933482626338
jcf7180000413495_31701_32000	HELPU_015472	-3.97254050936021	1.67409819689954	9.75807834126651	0.00534023769712522	0.0495297360037766
jcf7180000413495_38901_40000	HELPU_015473	-1.97816529259555	3.9982533452029	20.0763916793967	0.000227982636748516	0.0080074043771879
jcf7180000394988_27501_27700	HELPU_015476	-8.31526140101717	7.2357199134942	12.8756075864111	0.0018338050608101	0.0260994425914363
jcf7180000418997_15701_16000	HELPU_015491	4.13744971873959	-0.418142961600646	11.0091900923218	0.00360875210063185	0.0390928880215132
jcf7180000419004_25101_25400	HELPU_015497	1.3852507360631	3.0747930641055	10.5367791261344	0.00404049513490179	0.0417724084718892
jcf7180000374915_11801_12500	HELPU_015500	1.37928747610151	2.671409180816	17.217675875351	0.000493603053610095	0.0123725905469012
jcf7180000367538_26801_27000	HELPU_015503	3.53607047372138	0.158111032906299	38.0607099602697	4.94521213552293e-06	0.000940974559760529
jcf7180000355127_35501_36300	HELPU_015513	-0.906641938852746	2.96302741947446	10.2922404885473	0.00440225580799032	0.0439683703297038
jcf7180000355127_35501_36300	HELPU_015514	-0.906641938852746	2.96302741947446	10.2922404885473	0.00440225580799032	0.0439683703297038
jcf7180000414566_219501_219600	HELPU_015535	7.27630573471002	0.420518702106568	28.6398034531374	5.25038856386679e-05	0.00347229980416225
jcf7180000349337_9801_10100	HELPU_015544	-3.27084692139595	0.102740302580425	13.3525973843127	0.0018101230489738	0.0258949213139756
jcf7180000349337_52901_53100	HELPU_015545	2.82562099290976	2.37870789041526	11.5818864768031	0.00281507148776726	0.0336354303902812
jcf7180000413609_11501_11700	HELPU_015563	3.66434633567227	-0.303657353345195	19.566646233503	0.000260568556906391	0.00864718689016647
jcf7180000358132_18801_19000	HELPU_015580	4.10540453597156	-0.0840460850651364	18.8172553733266	0.000318199096856139	0.00964248970749188
jcf7180000358132_22701_22900	HELPU_015581	4.40357816711131	-0.56033211804855	11.749019536986	0.00266043993666007	0.0325039169825001
jcf7180000414458_14601_14900	HELPU_015584	1.37680809899863	3.0630459389115	10.2966180697764	0.00439941349090354	0.0439522430400777
jcf7180000357226_9301_10700	HELPU_015595	4.13376034814289	1.43327830984952	15.5868749543623	0.000792222574724276	0.0161080382913715
jcf7180000357226_44401_45200	HELPU_015597	1.81305609122459	1.78107870411126	13.8570777264385	0.00134162471688728	0.021804218269625
jcf7180000371748_2901_3200	HELPU_015610	-1.0465830089072	2.00867894408793	13.7743421789904	0.00137503071779636	0.0221156264699875
jcf7180000413847_23901_24100	HELPU_015611	2.94881465683135	0.519996173000858	30.2971043187524	2.16797940017367e-05	0.00209543762913797
jcf7180000394687_15501_15800	HELPU_015615	-1.22593007793808	1.28077755214613	14.246255535224	0.00118692671918973	0.0203009995300493
jcf7180000422410_15301_15600	HELPU_015623	-1.5190873893286	0.119194843864952	10.4701590928863	0.00413282184961061	0.0423248903472573
jcf7180000421533_11401_11900	HELPU_015629	-2.2586626403023	3.78437339456609	50.0547724058921	7.25278997965068e-07	0.000312860674021296
jcf7180000416201_17901_18000	HELPU_015634	1.92480228492341	3.00555287814378	14.8735064634637	0.000980986792500128	0.0181758913264399
jcf7180000353986_23801_24100	HELPU_015645	-1.53252617774041	1.25364873463549	15.0444679094506	0.000930186628710799	0.0176257320390148
jcf7180000359936_19201_19500	HELPU_015665	-1.29703884919325	2.28067704350129	10.4940146524927	0.00410195269357165	0.0421327952019991
jcf7180000359936_34801_34900	HELPU_015666	7.95705633946637	4.25070968061242	29.0888922829259	2.78512806384702e-05	0.00243595510408113
jcf7180000347977_12401_12700	HELPU_015669	-2.02006096438457	1.86918490159576	17.0850950888667	0.000513368798504173	0.012649004699363
jcf7180000366713_28501_28700	HELPU_015673	-3.72958071212859	0.698692585061036	9.86399233953284	0.00513882998759508	0.0483245830628659
jcf7180000359933_30101_30200	HELPU_015674	-2.06894433737831	0.159894141239468	10.0953593020265	0.00472756476179238	0.0459176750316684
jcf7180000351654_37601_37700	HELPU_015680	8.62350654560495	0.667160823274861	21.0287827315509	0.000354910888953429	0.0102756007699866
jcf7180000417182_89601_89700	HELPU_015686	-2.2579068411924	0.989930672754027	13.4089912814658	0.00154537769479065	0.0236275166534537
jcf7180000417182_92201_92700	HELPU_015687	1.90791961537737	0.542564903320021	11.0362676027011	0.00339354094429905	0.0376744865136723
jcf7180000413264_18601_18800	HELPU_015690	3.52319303740102	-0.572943898598109	11.4615390911347	0.00309715539120315	0.0356097032448677
jcf7180000359144_19001_19200	HELPU_015692	2.07110356508956	2.8222307213564	11.369812670351	0.00302580443203812	0.0351021501034987
jcf7180000395009_6301_6600	HELPU_015721	1.64224927593376	0.92002673049665	11.9693948518041	0.00247074991101331	0.0311140683562018
jcf7180000395009_24701_25800	HELPU_015722	1.2551412899629	3.63467621753823	18.1459330763578	0.000381201156744516	0.0106870282059906
jcf7180000362275_20801_21300	HELPU_015727	3.99484052944985	1.88190273140039	16.4292491236056	0.00061924170255196	0.0141285142217007
jcf7180000348499_5401_5500	HELPU_015749	3.39944997749075	-0.421400558170766	11.0160333444415	0.00466032531850757	0.0455080799128654
jcf7180000349089_7701_7900	HELPU_015754	2.43510591287355	0.240080430130093	15.8618905482359	0.000730489741473637	0.0154391960729833
jcf7180000422335_30101_30300	HELPU_015757	-2.54207285417916	1.79207823107361	18.2184018710963	0.000374418244658525	0.0105741958748578
jcf7180000348273_17601_17900	HELPU_015762	-2.11860019132436	0.612847270979161	11.8442095940264	0.00257659313568724	0.0318674321124932
jcf7180000349439_10001_10100	HELPU_015786	-3.55847677215637	0.673513879678989	22.4147475111798	0.00022318533138778	0.0079067785916398
jcf7180000351353_45801_45900	HELPU_015793	4.20005207566763	0.971520825553756	10.8491686107825	0.00362134656174525	0.0391652103776245
jcf7180000351353_49901_50500	HELPU_015794	-1.20112658300023	2.75121503761622	12.9438538843832	0.0017923190067456	0.0257572904593408
jcf7180000360172_26501_26700	HELPU_015797	3.01173776821248	0.517864716385549	10.4113158889101	0.00422376601976678	0.0428946472040753
jcf7180000353980_14601_14800	HELPU_015802	-1.16230392293897	1.77894984674963	10.3641056938315	0.00429114608345394	0.0432979920120288
jcf7180000362247_12601_12800	HELPU_015803	2.65824963997382	-0.0889080300701242	14.5308337998635	0.00108811045935926	0.0192909268719296
jcf7180000361081_20001_20100	HELPU_015804	4.09979791211927	-0.133725201422345	11.5150870395169	0.00287963929193659	0.034077278279273
jcf7180000351918_15701_16200	HELPU_015806	1.44345915727079	2.97187923460896	13.587683281235	0.00146028229423518	0.0228659674552208
jcf7180000370293_1201_1400	HELPU_015808	-3.75670994207395	2.17493691377314	19.4779353741536	0.000266748172960933	0.00875588802849887
jcf7180000413300_23301_23400	HELPU_015812	6.53023520388086	2.65090443146381	13.6744356826793	0.00142084971675191	0.022482030815385
jcf7180000394132_23801_24100	HELPU_015816	-1.95994650729041	1.16084388735658	14.0514166894207	0.00126265208295737	0.0210290526901518
jcf7180000422243_58001_58500	HELPU_015843	-2.97932590119929	0.903924645731215	14.198813218561	0.00120618206850134	0.0204875656400833
jcf7180000413291_5401_5700	HELPU_015847	-1.12555975516431	2.7992536516696	15.2035328015791	0.00088674082462206	0.0171593466264966
jcf7180000349344_87001_87100	HELPU_015857	5.37151857854278	0.226618005865094	28.1579382767125	4.00465613837491e-05	0.00298365392222938
jcf7180000393252_48001_48100	HELPU_015874	1.88075760354045	1.16209362363639	10.2721728476536	0.00443788815585134	0.0442036897589883
jcf7180000413668_25301_25700	HELPU_015876	-2.74314380394563	2.38839984661391	26.7280075103424	4.63186208816963e-05	0.00325888077211536
jcf7180000374976_5701_5900	HELPU_015879	2.29245109167575	0.0303635149901055	10.465468903544	0.00414355353151742	0.0423891695333381
jcf7180000347581_10301_13700	HELPU_015895	2.13081670309387	6.74589558410326	17.8238539780228	0.000417415905523004	0.0112766052039889
jcf7180000347581_10301_13700	HELPU_015896	2.13081670309387	6.74589558410326	17.8238539780228	0.000417415905523004	0.0112766052039889
jcf7180000415829_42001_42100	HELPU_015901	6.95365926387593	1.58297989785408	25.0459376847948	0.0001078832581226	0.00516906623858849
jcf7180000370442_10001_10100	HELPU_015914	4.67777686049539	0.423058833890959	33.8941622245277	1.0656269982076e-05	0.00143991543890063
jcf7180000359026_10701_10800	HELPU_015918	6.69092968435245	-0.632220582637103	14.145095881396	0.00270275698729924	0.0328230341148046
jcf7180000360485_24901_25000	HELPU_015927	6.20048167321319	-0.00570335741501363	32.7186191199105	2.48285142504843e-05	0.00227861481936029
jcf7180000357351_14201_14600	HELPU_015929	-3.15305329888621	-0.224322495862995	22.6203489935095	0.000119841585043318	0.00548862578816795
jcf7180000422323_27601_27900	HELPU_015932	-1.85566101272685	2.34910498516831	28.4803699982712	3.16068550914769e-05	0.00263816418718979
jcf7180000357288_21601_22000	HELPU_015933	1.76762511470823	0.347930363858906	10.682595982802	0.00383849832836671	0.0405147791096692
jcf7180000348669_1_400	HELPU_015936	1.74162190811319	0.97462256873972	20.5004095407329	0.000203831828751484	0.00750311637307375
jcf7180000352293_25201_25700	HELPU_015942	-3.2322766406208	1.46217080377063	43.5119039890201	1.98326554095151e-06	0.000543598850811597
jcf7180000372656_10901_11000	HELPU_015959	-2.58242765452775	0.941795578064285	11.5345471982302	0.00286066139697799	0.033941148388773
jcf7180000372706_11201_11400	HELPU_015981	6.34735637065119	5.37451195341835	16.8119247686056	0.000554821631152027	0.0132584594815603
jcf7180000357334_15701_15900	HELPU_015982	-1.46150166913454	1.82473845201251	11.4292062331844	0.00296507545355691	0.0346771488266998
jcf7180000357334_26101_26200	HELPU_015983	-1.4457048486602	0.965936629621002	11.7631489737733	0.00264643080428547	0.0323935570931228
jcf7180000356951_4601_5400	HELPU_015996	1.45553501232346	2.40848893596573	27.6404554584976	3.78138793856667e-05	0.00290373083935612
jcf7180000352304_14101_14200	HELPU_015999	7.54354393226977	1.68228235843665	18.8707443183484	0.000575340049749602	0.0135042960279955
jcf7180000349208_31701_32100	HELPU_016009	-2.70447863288694	-0.0587935831760693	18.0616874775151	0.000390882211857994	0.0108450543588037
jcf7180000347321_94801_94900	HELPU_016015	4.20087087161302	0.558588672438695	17.7801985624281	0.000652401887354822	0.0145341460207964
jcf7180000356479_43401_43500	HELPU_016025	4.55309279727052	1.63939017532489	12.4658909532876	0.00209593916126702	0.0282244271812049
jcf7180000418759_12301_13000	HELPU_016026	-0.813620202130493	2.45236347553753	9.72457456244645	0.00540120379103056	0.0498614303108103
jcf7180000417465_59301_59700	HELPU_016038	5.23954875641708	0.864989925809217	14.2230819372619	0.00119715493509429	0.0204008505827136
jcf7180000354135_5901_6200	HELPU_016040	5.71780752009749	1.52546588137173	44.2429711482814	1.76449249232641e-06	0.000508987970724907
jcf7180000417524_49901_50100	HELPU_016054	1.90026226635944	0.100428914852293	21.1738112536848	0.000171644552803853	0.00678678128196037
jcf7180000353098_32601_32700	HELPU_016060	6.0151318376783	0.815545238838981	23.4744932736171	0.0003175542490169	0.00963604175781931
jcf7180000394168_9501_9600	HELPU_016065	-2.38844798354551	0.0207074007503752	11.2177961138825	0.00318761710653987	0.0362259935184728
jcf7180000363344_119701_120300	HELPU_016072	-1.28177520221367	1.40611939107214	19.4562080464077	0.00026772515803562	0.00877388030213599
jcf7180000348747_51801_51900	HELPU_016076	1.5234067428369	1.56090198789066	13.3654208241895	0.00156694905663955	0.0238151148228491
jcf7180000348857_36601_37000	HELPU_016078	-2.79112190389836	1.58580826369716	33.041233429309	1.25535141912716e-05	0.00157483443972077
jcf7180000348857_46201_46500	HELPU_016079	2.42512151960132	0.433363328238913	17.2471464779854	0.000490401466721046	0.0123344064724718
jcf7180000347433_235001_235100	HELPU_016086	3.2143784188033	-0.00862046387046531	14.1335331419829	0.00123083981317678	0.0207257939546611
jcf7180000359315_16601_16800	HELPU_016102	3.58787025413333	2.47929584372844	31.5442394560427	1.68493747173965e-05	0.00182117579327537
jcf7180000418583_24601_24800	HELPU_016103	1.54322640118161	3.07948711661926	16.7422666924086	0.000565974413560058	0.0133944583615535
jcf7180000418583_29001_29100	HELPU_016104	3.9429700841524	-0.139811457437706	13.8618491815607	0.00133962156628635	0.0217802601618548
jcf7180000415700_20901_21500	HELPU_016105	-1.37564579775853	2.01722137471391	14.9683001451427	0.000951948459585899	0.0178455155065467
jcf7180000353535_46701_46800	HELPU_016113	6.16359913358241	1.22236891819547	16.1419860347791	0.00111355001710189	0.0195555359134546
jcf7180000351336_23001_23200	HELPU_016122	-2.35912316637217	2.12948717984299	14.6806993741829	0.00104018780329839	0.0188195969906256
jcf7180000348674_5201_5300	HELPU_016130	5.93442908232018	1.91985731463134	29.6062974455624	2.49987448410682e-05	0.00228399218136926
jcf7180000352989_16201_16400	HELPU_016133	1.75776671826117	1.05425424382093	12.4922529896381	0.00207787807596268	0.0280802256977477
jcf7180000361172_19201_19400	HELPU_016146	-1.74271963815875	2.93904037172485	21.5714011027659	0.000155668125115044	0.00642379398823319
jcf7180000353997_33901_34100	HELPU_016176	-1.57985549761697	0.00954289844306982	12.6001635292617	0.00280373973532176	0.0335533869026942
jcf7180000357311_10601_10700	HELPU_016185	-4.25256330319643	1.85928582963831	11.9644939611221	0.00322299646602285	0.0364781763454194
jcf7180000349454_44101_44400	HELPU_016189	-1.62470621260222	0.449840469011224	10.0599693189154	0.00478770284186376	0.0462349076832943
jcf7180000365195_42801_42900	HELPU_016198	2.92988524916056	0.101901778616243	19.4728118371746	0.000334413297685693	0.00992566192878248
jcf7180000365330_12001_12100	HELPU_016206	3.64623006244684	0.331886271702999	16.3819226182215	0.000753030989251278	0.0156909942643879
jcf7180000365087_15701_15900	HELPU_016213	-2.69801571911973	0.0916839360995766	13.0192593996232	0.00175066729066167	0.0254162775637441
jcf7180000417281_126401_126600	HELPU_016216	7.25385357715034	4.34418352028916	23.3845081288268	9.99025534069103e-05	0.00495939350009345
jcf7180000378324_401_500	HELPU_016217	6.15232059736061	2.75914613901422	25.3466195099331	6.31712159411806e-05	0.00383427460656591
jcf7180000350159_15801_16000	HELPU_016222	2.12648695015371	0.0931370342240286	13.6720973915046	0.00142189698949174	0.0224923890765533
jcf7180000422206_104901_105000	HELPU_016227	6.2355072554896	0.705735636791457	13.3343799306305	0.00182020720895664	0.0259824340532835
jcf7180000347257_103501_103800	HELPU_016234	-1.63464503330651	1.83829404237975	19.7578100329803	0.000247437441996718	0.00841264194501169
jcf7180000357248_38001_38500	HELPU_016248	1.20963095161186	1.87736704883355	12.0091339983481	0.00243560196090025	0.0308266806854166
jcf7180000375132_21201_21300	HELPU_016263	3.63254089418173	0.208556137664506	12.7883961009694	0.00188640516467539	0.0265134389372628
jcf7180000418044_50401_51200	HELPU_016269	-4.09242603264043	2.11202834785276	30.3272768839808	2.154633423402e-05	0.0020888626268367
jcf7180000418044_50401_51200	HELPU_016270	-4.09242603264043	2.11202834785276	30.3272768839808	2.154633423402e-05	0.0020888626268367
jcf7180000355276_21001_21100	HELPU_016273	7.85539064443423	1.51701264131441	24.5934817303603	7.51325717026173e-05	0.00423244223257442
jcf7180000421564_20801_21100	HELPU_016276	2.05312796833368	2.39520658195955	26.7033077813927	4.65723596954759e-05	0.00326470417780129
jcf7180000375442_78701_79000	HELPU_016286	3.67028340949935	1.57457512510262	13.5647347467242	0.00147091478929419	0.0229634114761632
jcf7180000358036_15801_16400	HELPU_016302	1.78175430286359	0.691346753357627	12.0379060145754	0.00241310497774757	0.0306441329843185
jcf7180000359319_42501_42900	HELPU_016339	1.53689968674858	1.85982428358874	14.9720296887313	0.000951501088620396	0.0178419379581194
jcf7180000355072_14801_15000	HELPU_016340	-1.88018806886666	1.83519320335006	15.8229249489505	0.000738903872758834	0.0155344993807028
jcf7180000351691_39701_40000	HELPU_016344	4.4031377981235	3.82568392981614	20.1041725257687	0.000226340644767676	0.0079771221679428
jcf7180000363752_55601_55700	HELPU_016352	-2.12645996617652	0.801901518017834	13.3867608196131	0.00155634246346355	0.0237229792338074
jcf7180000395193_19601_20000	HELPU_016363	2.90330759345558	3.35170493921382	15.2800938468391	0.000867974640987669	0.0169406377164887
jcf7180000363711_20401_20600	HELPU_016370	4.26627592372867	1.27894334794768	13.3779080941944	0.00156073285064147	0.0237557672553238
jcf7180000374883_7501_8200	HELPU_016372	-0.813620202130493	2.45236347553753	9.72457456244645	0.00540120379103056	0.0498614303108103
jcf7180000365621_23601_23900	HELPU_016376	-1.70919643015251	2.14519584816709	17.8807447610938	0.000410892711327964	0.0111915032972177
jcf7180000360184_39201_39400	HELPU_016386	5.83377025350168	2.02281664655971	27.0742585412258	5.0300642523884e-05	0.00339537246345716
jcf7180000417190_37101_37600	HELPU_016389	-1.3084230528383	2.0713201756959	11.3339682273914	0.00306312134391081	0.0353589109407303
jcf7180000349979_11501_11600	HELPU_016391	-1.49928626237726	1.1619642166415	18.6257676561183	0.000334426894336918	0.00992566192878248
jcf7180000348994_44301_44500	HELPU_016394	-1.34072819664575	0.0830378131366663	10.4207099433756	0.00420582149994704	0.0427700360280243
jcf7180000356417_32401_32500	HELPU_016397	6.57252136982958	1.24013736697594	26.2233061208396	0.000124509072779936	0.00559631732333689
jcf7180000421463_63301_63400	HELPU_016407	-4.02256910358693	-0.605467013198467	11.4764399268499	0.00308310574970986	0.0354980395776077
jcf7180000348419_7501_7700	HELPU_016421	3.95022376346658	3.74517239982359	27.2289346769035	4.14877182865681e-05	0.0030538692919069
jcf7180000417661_34701_34800	HELPU_016427	-2.89367349621143	0.118282442480589	13.1123781735363	0.0016990075985251	0.0249729429014611
jcf7180000358653_23501_23800	HELPU_016432	5.33564803462124	-0.0682940254046795	27.42610163307	6.65030405805234e-05	0.00394437025657885
jcf7180000349575_71901_72100	HELPU_016443	4.14974278802267	0.306621325464274	20.4653935874369	0.000298611910136389	0.00933739231273314
jcf7180000357186_8301_8500	HELPU_016445	2.46772256674786	0.0567984366540899	16.1442638767964	0.000672585198700798	0.0147686698323102
jcf7180000364469_2801_3100	HELPU_016449	-1.53835021310699	1.09994490469813	20.5424330527105	0.000201639314723544	0.00745706184613566
jcf7180000364469_11101_11600	HELPU_016450	5.14865942913291	-0.300845562838207	19.6971349359998	0.000251763762905633	0.00847677669187396
jcf7180000392580_63101_63400	HELPU_016457	2.32657903848913	3.56279893397115	14.5819335943444	0.00107203513699219	0.0191397997994927
jcf7180000392580_81101_81400	HELPU_016458	-1.25989105905567	2.71666128153477	17.0968092286345	0.000510757127872487	0.0126113607975503
jcf7180000370184_6801_7100	HELPU_016460	-1.27543149655856	2.07392158418889	10.9961046068651	0.00344106868200791	0.0379666787126918
jcf7180000373150_4401_4600	HELPU_016472	5.99714712734206	0.625200700822657	10.7171994103592	0.00511467303773306	0.0481998995082762
jcf7180000348807_38501_38600	HELPU_016475	6.74819345245875	-0.721172756443754	12.8443914596513	0.00426824512178877	0.0431642356211768
jcf7180000362424_9301_9400	HELPU_016488	3.66709647269187	1.38776831166024	36.3736491367677	6.71719777448948e-06	0.00111118762353008
jcf7180000422601_67901_68300	HELPU_016493	1.21751568293094	2.83011201184708	11.4121940776919	0.0029823308632753	0.0347936981049796
jcf7180000413577_70201_70600	HELPU_016494	-2.54908025140845	0.28530585092114	9.90936101718211	0.00505515037688296	0.0478259804128639
jcf7180000416664_38501_38700	HELPU_016507	3.82607730970696	1.20109583927288	19.4769616449822	0.000266816894025313	0.00875613685895833
jcf7180000416664_43701_43800	HELPU_016508	6.88598448857682	4.44345862256372	11.4010804726075	0.00383600662623463	0.0405078848964941
jcf7180000416664_45701_46100	HELPU_016509	-1.48687963398436	2.61899812761117	11.3341795292274	0.00306289987229183	0.0353577793696974
jcf7180000363572_14001_14200	HELPU_016513	-3.59032154673989	-0.280518544847354	11.7880758828905	0.00262567734356989	0.0322402591096644
jcf7180000358478_23601_24200	HELPU_016519	1.46947790638434	3.48845454934581	20.1741515814343	0.00022177638261604	0.00787634766814189
jcf7180000358478_26101_27200	HELPU_016520	2.80159849151397	4.27793517165592	78.9930746413911	2.15966626573493e-08	4.61631887683328e-05
jcf7180000358478_28301_28900	HELPU_016521	4.32864342700517	3.79634018281076	104.152602022193	2.20489193186098e-09	1.57885145341786e-05
jcf7180000365061_9001_9200	HELPU_016523	-2.11669102313476	0.462104497067349	18.8016309093387	0.000319237657245028	0.00966271631107699
jcf7180000365061_22101_22600	HELPU_016524	-2.49049140579619	3.68850864550271	22.5055531373401	0.000123555932999541	0.00557579572425413
jcf7180000361534_7401_7500	HELPU_016539	2.27934680460996	0.660873939313107	15.0221015639764	0.000937900482154197	0.0177028020693232
jcf7180000357998_17501_17600	HELPU_016540	2.79541115692232	-0.26056601554882	14.1204150513299	0.00123481975392177	0.020762001220065
jcf7180000351197_13401_13500	HELPU_016541	1.22929162466158	0.439001071463502	10.4498368102691	0.0041626511512812	0.0425029510518316
jcf7180000351197_16701_16800	HELPU_016542	-3.99474172730876	1.45179953924003	26.9160761970841	4.44358104196574e-05	0.00317297847814706
jcf7180000361663_21901_22400	HELPU_016547	-1.16998073216745	1.4056730921626	11.4666633732243	0.00292437515891618	0.0344034174084234
jcf7180000362261_24901_25200	HELPU_016561	-3.04781650860902	1.58322305608618	20.7232672250243	0.000192932180781635	0.00728264934267771
jcf7180000355082_20001_20600	HELPU_016565	1.71991037522186	1.0910277833819	13.9909854804787	0.00128580298975578	0.0212470637773405
jcf7180000348163_22701_23100	HELPU_016568	-1.78628032022404	0.443162441882476	19.0312086745484	0.00029981649656284	0.0093484237275922
jcf7180000349507_82201_82300	HELPU_016571	1.89214139697958	0.307774920279716	20.5928779701697	0.000199041707698558	0.00740690128764127
jcf7180000352971_22601_23000	HELPU_016574	-1.38610331945025	1.66111042323014	15.6092796232825	0.00078573325632583	0.0160261496410766
jcf7180000417803_52201_52400	HELPU_016577	-2.7788190971119	-0.407267204252944	14.8363027619233	0.00127229434311373	0.0211159724078708
jcf7180000349777_39601_39800	HELPU_016582	3.41222067315387	0.355064762225069	15.3225657722089	0.000857025301882622	0.0168237397123113
jcf7180000421181_39501_40000	HELPU_016583	-3.39676346324483	-0.452410300261367	13.7525027316349	0.00160375070614937	0.0241546266017827
jcf7180000350346_19701_19800	HELPU_016588	-5.99175421821843	-0.292087896611571	15.2717137779417	0.0020690998515243	0.0280118194059909
jcf7180000351768_3901_4000	HELPU_016592	-3.97745670780213	1.44600172127027	26.6918170151904	4.66909252606442e-05	0.00326901531401382
jcf7180000351768_7201_7300	HELPU_016593	1.22929162466158	0.439001071463502	10.4498368102691	0.0041626511512812	0.0425029510518316
jcf7180000417737_54801_54900	HELPU_016603	2.77296440965861	2.47752797680137	10.3671217825888	0.00429050548081457	0.0432951848220656
jcf7180000417901_14201_14400	HELPU_016605	-5.47797220336572	2.37206422121657	18.8892003879356	0.000312097110456512	0.00955188407010043
jcf7180000417411_16601_16800	HELPU_016634	-7.32907354277345	0.347888409105941	53.4991422627609	1.19439339015174e-06	0.000411680524140784
jcf7180000349447_36101_36700	HELPU_016641	-1.53826908201345	2.20837132138217	16.4324475268349	0.000618670184637605	0.0141187032885981
jcf7180000353429_51301_51500	HELPU_016652	-1.94258135196432	2.00878685031612	15.4978054940465	0.00081343479819925	0.0163455653812134
jcf7180000351951_9901_10100	HELPU_016675	-1.83981226673298	1.21362113941481	22.0748256938255	0.000137017096708431	0.0059345827852572
jcf7180000351951_23101_23300	HELPU_016676	-4.45654659196927	0.505741060498929	11.494200803758	0.00290016334134866	0.0342324686958078
jcf7180000367384_17901_18000	HELPU_016679	4.48834311478673	-0.258192183613241	14.9344157870346	0.00104116046431362	0.018830136927007
jcf7180000365430_5401_5600	HELPU_016705	-1.65567961874815	0.68295640988707	11.5893860144136	0.0028063495548749	0.0335733975421499
jcf7180000355110_4201_4400	HELPU_016707	1.20347646331619	3.09741341288608	12.2151660079109	0.0022753103843941	0.0296079416922313
jcf7180000366659_4101_4300	HELPU_016713	-1.07746392068402	0.423685418499288	10.8737254792198	0.00528192127904296	0.0491804720703996
jcf7180000353675_38501_38700	HELPU_016734	-5.16278123098632	0.430179345500643	30.7070122994114	1.99418250938011e-05	0.00200135849199094
jcf7180000349716_10101_10200	HELPU_016740	2.48017587325046	0.0677788048519203	17.7368392945567	0.000427615404474517	0.0114489247950479
jcf7180000422255_37101_37400	HELPU_016745	1.85448303985756	1.3395116521785	33.0884661478066	1.2391817305998e-05	0.00156912071419323
jcf7180000349194_4001_4100	HELPU_016753	6.30081975406405	1.31221089746567	14.3635414294874	0.00198191475416183	0.0273037017262092
jcf7180000365108_16401_16700	HELPU_016764	-1.78480234802592	2.2771748336597	9.92325042603177	0.00502983579830294	0.0476748467609434
jcf7180000347092_2001_2200	HELPU_016765	3.24536049801479	1.73694277854478	20.9604899193002	0.000181604880853837	0.00702926232544892
jcf7180000349364_13601_13700	HELPU_016789	2.86402812607748	-0.27586725163949	17.4305359507117	0.000511189954996141	0.0126166093231815
jcf7180000347934_64701_64900	HELPU_016791	1.84544547050083	0.984321388593879	16.6100078204937	0.000587837759516334	0.0136689598378614
jcf7180000358988_22901_23000	HELPU_016795	7.32359851662821	2.71079140276311	12.7060532531809	0.00220961798487817	0.0290878872393924
jcf7180000417563_57901_58000	HELPU_016803	4.46107751387237	0.599528974518356	14.8147391658325	0.000998626786278218	0.0183620822122668
jcf7180000358050_33401_33500	HELPU_016808	-1.29400213837341	0.420508914772941	11.0577587553057	0.00336501724389514	0.0374885956482751
jcf7180000421264_10401_10800	HELPU_016811	7.02629639417501	4.11029998380295	184.62450036796	1.43165062564009e-11	2.05031696875106e-06
jcf7180000348298_51201_51400	HELPU_016812	3.10296795022875	0.445074235912768	16.3563750811196	0.000632422762660372	0.0142845954294237
jcf7180000350148_53501_53600	HELPU_016816	4.11867432340654	0.0985687604025729	15.0418432780359	0.00093233534715329	0.0176454352107226
jcf7180000361128_48801_49500	HELPU_016827	1.1194154003966	1.67776428446075	15.4704754195601	0.000818780786929668	0.0164058009414413
jcf7180000363720_10401_10700	HELPU_016829	-2.69781143681562	1.32519333133807	17.6846743015663	0.00043386168432195	0.01154589885106
jcf7180000367327_51101_51300	HELPU_016839	4.8453091885075	0.125599771296959	23.0562736200869	0.000108095002994639	0.00517574848257196
jcf7180000418695_39801_40000	HELPU_016860	-5.09879762353246	-0.281461703384533	10.6287509323431	0.00459979115611969	0.0451416563240558
jcf7180000347730_69501_69800	HELPU_016885	-4.66599495101884	0.960054768891711	21.6573517109504	0.000152358918033666	0.006337453937791
jcf7180000418437_41601_41800	HELPU_016887	-3.15310826822076	1.19071771997697	14.4007687691539	0.0011332927342094	0.0197388651858556
jcf7180000355178_45101_45200	HELPU_016903	3.32645660280755	0.616844316456394	46.7323917322465	1.19437568055287e-06	0.000411680524140784
jcf7180000355202_53401_53700	HELPU_016924	-2.60595149374858	1.62634146633467	31.7529174897677	1.61635293455925e-05	0.00178544975698806
jcf7180000358228_17601_17800	HELPU_016928	-4.41312402497648	0.821000438516867	18.9876348328916	0.000303956606498559	0.00940390785586119
jcf7180000370684_14801_15000	HELPU_016931	3.40749612607098	2.01554292051857	13.0016595079602	0.00176062526690644	0.0254846681485856
jcf7180000414215_20601_20700	HELPU_016935	3.02658568148787	-0.36670569747867	10.8142015522999	0.00407550844455971	0.041975329505658
jcf7180000417999_19001_19400	HELPU_016936	3.45463340086122	1.7680522393074	26.8848593654407	4.47424061325044e-05	0.00318503010311198
jcf7180000417592_52001_52200	HELPU_016939	2.5771886621846	0.702382198879704	16.3579432700546	0.000632135875816022	0.0142803677342342
jcf7180000417996_9301_9600	HELPU_016954	3.51979847318568	0.725620936863464	25.121296274756	6.65136608604491e-05	0.00394437025657885
jcf7180000417996_16501_16700	HELPU_016955	1.49418951973558	1.07250210454291	19.4694078748156	0.000266791083535605	0.00875613685895833
jcf7180000362987_9901_10100	HELPU_016956	2.82386435747251	0.173284977257656	15.6044436174734	0.000788111117314452	0.0160574977236468
jcf7180000415765_12101_12300	HELPU_016964	-2.61761271467296	2.38717345959896	16.4283596258118	0.000619400749204797	0.014130872034447
jcf7180000418115_34301_35000	HELPU_016966	5.85282211519352	2.53370035034784	76.7030781082845	2.76044136138306e-08	5.2361916411713e-05
jcf7180000417454_68801_69100	HELPU_016974	2.69848270413088	1.55387242058248	17.2542519797974	0.000489420709090351	0.0123238070718788
jcf7180000359906_1801_1900	HELPU_016975	2.9219251394558	0.776794355070448	27.6745646173218	3.7653879648053e-05	0.00289688095244504
jcf7180000347193_155701_156000	HELPU_016985	-5.18549797135235	1.00511397119153	28.5140822085899	3.14477076806459e-05	0.00263347695220415
jcf7180000392666_40901_41500	HELPU_016992	-1.51256794218161	1.43266005859973	13.3594252622526	0.00156955741604195	0.0238406757174867
jcf7180000353623_23401_23500	HELPU_016994	3.7125332450925	-0.52527111777495	12.0538721016073	0.00271517616507524	0.0328990127938579
jcf7180000350115_8701_8800	HELPU_017001	5.20114905873551	0.445274180228274	18.4264670818205	0.000556657567382161	0.0132768554461296
jcf7180000351345_15901_16200	HELPU_017008	1.65551827270231	0.923626342979432	12.2134028373992	0.00227801074098592	0.0296286380975074
jcf7180000366707_9601_9700	HELPU_017010	2.49742233398916	0.801775389079228	10.6234144459846	0.00391909778956032	0.0409953773490028
jcf7180000366707_11701_12200	HELPU_017011	-1.94589737039566	2.95518382661644	29.6036529962682	2.5012479401559e-05	0.00228451831554539
jcf7180000422322_76901_77200	HELPU_017015	-1.06606265049587	2.2597699225821	10.8445337344649	0.00362364538271355	0.0391811957732915
jcf7180000347679_51901_52200	HELPU_017016	4.81135557771336	2.06179866552699	13.4962058045505	0.00173277997299263	0.025272880597102
jcf7180000390864_5701_5900	HELPU_017017	4.81135557771336	2.06179866552699	13.4962058045505	0.00173277997299263	0.025272880597102
jcf7180000370439_32101_32200	HELPU_017029	5.94105303130479	-0.709435508651818	10.8710272287141	0.00487476860597642	0.0467556959282058
jcf7180000353995_12901_13200	HELPU_017046	3.51736194883678	-0.169179539994185	10.5502037578445	0.00402141367765948	0.0416714827774311
jcf7180000347960_13501_15600	HELPU_017072	1.95755224840761	5.66645474594639	19.3802462926863	0.000273740911302299	0.00889970313453426
jcf7180000357063_34301_34500	HELPU_017075	-3.1009761297346	1.44486681549924	10.3403964327862	0.00433143221706331	0.0435342527769245
jcf7180000394321_16901_17100	HELPU_017078	6.98328477763204	1.62631788912519	19.0508084759063	0.000478968651309713	0.0121902926860394
jcf7180000413797_41201_41300	HELPU_017083	-2.13585698114546	0.0984481122314928	16.1481616957628	0.000670707730402688	0.0147537672295562
jcf7180000417162_36301_36500	HELPU_017086	-2.31940511615021	0.110548766260459	9.74472278215314	0.0053662517824108	0.0496732685842376
jcf7180000358113_24401_24700	HELPU_017087	-1.07317446840069	0.833962588693402	10.1178157588521	0.00468545636327335	0.0456725159870438
jcf7180000393047_7801_8000	HELPU_017088	6.14289635767829	-0.183822577552607	16.8653680247169	0.000821402071151086	0.0164341807092478
jcf7180000359317_401_800	HELPU_017101	-1.93205621144379	2.38936300821755	16.3530948715056	0.000633023314255484	0.014292524738472
jcf7180000347293_27301_27600	HELPU_017145	1.05223086421353	1.52333980398629	12.5957360921013	0.00200621705443261	0.0274976040252159
jcf7180000347293_32401_32900	HELPU_017146	2.05022777895063	1.46198214607216	35.7545593280236	7.4914273912717e-06	0.00117559083153016
jcf7180000363921_20101_20300	HELPU_017148	-1.24262906550866	1.24600265700845	9.86362818582455	0.00513519833213438	0.0483104333140069
jcf7180000417252_23001_23100	HELPU_017149	6.76839951564665	1.89988577091026	13.5411849149728	0.00148191499723391	0.0230534687656266
jcf7180000421268_53601_53900	HELPU_017151	-1.49329559757833	1.60545682671909	18.5431687170154	0.000342005568770704	0.0100553920187114
jcf7180000414217_10401_10500	HELPU_017161	-5.17612426957552	1.01830811970866	21.6088185145429	0.000266211438852642	0.00874628857493069
jcf7180000416240_28801_28900	HELPU_017166	5.90634190456121	0.140376299302394	18.3066938405067	0.000505676830779316	0.0125398892181019
jcf7180000414016_11501_11700	HELPU_017169	-1.08290726351558	2.64837146339375	11.0227598054604	0.00340737930169209	0.0377564095804774
jcf7180000365088_36101_36600	HELPU_017184	1.31892229645973	3.08622370737676	11.8229230093652	0.00259508576308585	0.0320085535209452
jcf7180000417364_116801_116900	HELPU_017187	4.51279474628202	0.409237621178195	19.3309937638033	0.000277342980830475	0.00895283646684667
jcf7180000417364_140601_141000	HELPU_017188	-4.13205322954067	1.31871820430719	13.2322541467181	0.00163497137125516	0.0244504748579597
jcf7180000357298_6901_7200	HELPU_017191	4.31509597242509	1.2304044554438	14.9388855601836	0.000961765811569978	0.0179661968375761
jcf7180000367776_5601_5800	HELPU_017207	6.28674249631511	0.984061383327553	25.3761770554841	6.27466655915426e-05	0.00382336148419674
jcf7180000347361_47301_47400	HELPU_017229	4.7515795218746	-0.0904899709159365	10.4063125280256	0.00423126365053902	0.0429464264221453
jcf7180000370375_15901_16200	HELPU_017235	-4.23135667747984	0.538272821422598	16.1480209951733	0.000671849755595248	0.0147664142070196
jcf7180000415303_11001_11200	HELPU_017236	4.06981403610367	0.47272689988432	22.775467491257	0.000115693623738417	0.00537776331816351
jcf7180000413560_28801_28900	HELPU_017242	4.05142052977928	-0.557957039222689	10.8725597293319	0.00359195938803037	0.0389828623413616
jcf7180000355949_16401_16600	HELPU_017246	4.05305411176719	0.0858656221666268	24.6530214142892	7.41013174180284e-05	0.00420372708340139
jcf7180000365064_22101_22300	HELPU_017251	5.18962403178825	-0.56797516502252	21.5916215245031	0.000314416643193905	0.00958654892093349
jcf7180000347891_9901_10200	HELPU_017259	2.64640190167989	-0.124151910302948	14.6237351726845	0.00105708895722758	0.0189972906733482
jcf7180000351884_54001_54100	HELPU_017266	2.2610671216612	0.470462938905992	18.3071078058868	0.000365439306223214	0.0104244282604916
jcf7180000370703_23201_23400	HELPU_017270	2.6587533373856	0.573852008098319	45.7918213153585	1.37631938808508e-06	0.000441450205342715
jcf7180000365487_17101_17300	HELPU_017271	-1.67993198357429	1.57344940138694	17.44730469992	0.000463519486900797	0.0119587300148195
jcf7180000362306_33901_34200	HELPU_017285	1.71582541832192	1.12476710523955	12.4176497035428	0.00212944195840237	0.0284880743493375
jcf7180000348981_10801_10900	HELPU_017294	5.6908965965824	0.0274674020601311	14.3344922889745	0.0012454481797128	0.0208555546218754
jcf7180000417266_35801_35900	HELPU_017295	6.11339549741105	-0.00439771680553538	49.1365517601972	1.50835021419555e-06	0.000467567345023148
jcf7180000358997_10501_10600	HELPU_017305	2.4686189141655	0.802383403909865	43.8417578643106	1.87157477976045e-06	0.000527124345742605
jcf7180000360110_31401_31700	HELPU_017310	3.49939082831405	3.59983792163542	23.3446803444544	0.000100859134788346	0.0049836984382295
jcf7180000355778_17901_18100	HELPU_017313	-3.94436883802116	-0.250604731277728	16.4131343381252	0.000622130114008022	0.0141593056944756
jcf7180000355041_33901_35300	HELPU_017323	1.01569746021791	4.48612400422525	10.5141500655392	0.00406906059669576	0.0419361262064542
jcf7180000374846_9701_9800	HELPU_017324	-6.7348917381474	0.838781352879003	12.9892784899192	0.00360281120542901	0.03905322453593
jcf7180000350599_20201_20400	HELPU_017330	-2.73690883021188	0.68589768146817	14.7698560658994	0.00101233540670114	0.0185230735617215
jcf7180000361622_23101_23400	HELPU_017336	6.38369439735018	1.12553582738275	62.2243171026335	1.43027346866173e-07	0.000125088457037068
jcf7180000365345_3501_4200	HELPU_017343	-0.96637794504358	2.70262640233532	15.6853367807982	0.000768251971831689	0.0158402334863045
jcf7180000372505_16901_17000	HELPU_017355	6.51664529337523	2.38949041688001	15.9474170939127	0.0013270228297194	0.0216590784687468
jcf7180000418517_27401_27900	HELPU_017359	1.53860601571614	2.29403853547176	19.3476689189625	0.000275743433367697	0.00892806220192705
jcf7180000364294_24601_24800	HELPU_017364	2.71576048432634	2.35772409359673	13.1358649289798	0.00168624579607477	0.0248790013201899
jcf7180000392813_85901_86000	HELPU_017367	-2.29454008437079	1.17319191575494	13.1346411955791	0.00168690809982196	0.0248796223914616
jcf7180000356616_6601_6700	HELPU_017404	5.15349521550962	-0.242876329950434	17.724898868546	0.000429036350778211	0.0114658681130007
jcf7180000355775_19501_19700	HELPU_017420	4.17168541132316	3.62407673462335	32.5747392869934	1.37464185944603e-05	0.00164372445976192
jcf7180000352658_30501_30700	HELPU_017422	4.31749615690396	-0.244055925789962	14.1448804420179	0.00122651395566756	0.0206955353625916
jcf7180000416257_27101_27500	HELPU_017437	3.55150291976692	1.12084212688038	23.1222511539484	0.00010639056971708	0.00512560443823139
jcf7180000361314_36901_37500	HELPU_017439	-1.07263894805925	2.53179377528801	13.5289049406571	0.00148572422275248	0.0230886904328945
jcf7180000359111_10501_10700	HELPU_017449	-2.08399896181412	2.19334046149412	14.3031702442798	0.00116789080758848	0.0201004833775767
jcf7180000392718_12401_12600	HELPU_017461	2.90333463584149	0.545639822697757	16.5550768423598	0.000597191014202977	0.0138000508773793
jcf7180000356190_5001_5300	HELPU_017465	-1.1491428287229	0.890826183838003	10.816139898901	0.00365971879221905	0.0393898344543411
jcf7180000353992_40601_40700	HELPU_017467	4.15963852670169	1.28695821191801	13.50223905098	0.00150030701759961	0.0232263265351201
jcf7180000352596_13701_14100	HELPU_017477	2.19735311184809	1.89698949702202	42.3129873518098	2.39782467913308e-06	0.000607251750106145
jcf7180000355050_26101_26400	HELPU_017484	-2.35554224731152	1.89968361890493	17.3826991571093	0.000472059656412014	0.0120874871452819
jcf7180000418373_14301_14600	HELPU_017494	1.78276041135736	-0.2878982602352	10.6854183903331	0.00383101685679871	0.0404797986121645
jcf7180000417167_32801_32900	HELPU_017509	3.480661983399	-0.3994314887317	10.4389345214114	0.0043903745386049	0.0438902307557822
jcf7180000380452_25301_25600	HELPU_017511	-1.63316313565013	0.0575927654502491	10.8076318852914	0.0036706053734105	0.0394643226484383
jcf7180000358115_33301_33500	HELPU_017513	3.1192194453251	0.273485496552229	55.0854913209718	3.57804459286606e-07	0.000211992251125143
jcf7180000358115_41501_41900	HELPU_017514	6.66266132161193	1.77282650386384	31.2363017316303	1.79207152437651e-05	0.00188781783932545
jcf7180000420538_34301_34900	HELPU_017533	1.16572419270403	4.17306218331151	15.9101430091349	0.0007190441657994	0.0153070312910769
jcf7180000421165_9101_9300	HELPU_017534	7.05971670584157	-0.40950435926266	14.9198344250428	0.00152792451511404	0.0234746122460814
jcf7180000372743_4001_4300	HELPU_017538	-2.30041412339027	3.27206538678183	12.4904532004581	0.0020791056456134	0.028084889301835
jcf7180000421527_89901_90100	HELPU_017542	-1.96156899485717	2.22902360774108	16.6540758475392	0.0005804510803104	0.0135693202622906
jcf7180000377244_7601_7700	HELPU_017543	3.63254089418173	0.208556137664506	12.7883961009694	0.00188640516467539	0.0265134389372628
jcf7180000354469_26001_26300	HELPU_017555	-2.1561422772978	0.0959016061296645	17.1519158987689	0.000502936980952289	0.0125031175991001
jcf7180000354469_33301_33800	HELPU_017556	-1.88276854089014	1.9192127923961	10.591306158818	0.00396361079715231	0.0412800941675495
jcf7180000362300_16601_16800	HELPU_017559	5.1339455938115	-0.229245267476459	12.0097253125217	0.00416660935931916	0.042526841901795
jcf7180000352579_22801_23200	HELPU_017567	-1.05127715633282	2.30241016652431	11.8639699048951	0.00255672225857142	0.0317090315954976
jcf7180000357310_23501_23700	HELPU_017569	-5.47740692424827	3.73893572378486	32.3998610776715	1.42253385148123e-05	0.00166686200382705
jcf7180000350373_17901_18100	HELPU_017570	1.50932711259018	1.30469540121888	14.1643950112878	0.0012174055132228	0.0206010804285726
jcf7180000358020_25601_25900	HELPU_017571	4.29192468569213	0.272811556023355	23.7650740564058	9.1249950585661e-05	0.00470080028712214
jcf7180000349178_53901_54400	HELPU_017584	-3.15462335194133	1.80826565661587	49.8616332515269	7.50251145527642e-07	0.000317418293737143
jcf7180000415653_86101_86300	HELPU_017603	5.3734072288646	-0.0278624037392902	13.0056973439779	0.00201337522421134	0.027549086387292
jcf7180000414142_8901_9000	HELPU_017605	2.24293788268639	0.433855313053507	21.1984232927981	0.000170579466492171	0.00676430359254508
jcf7180000414142_21701_21800	HELPU_017606	6.57252136982958	1.24013736697594	26.2233061208396	0.000124509072779936	0.00559631732333689
jcf7180000349544_61401_62400	HELPU_017609	1.09798694945712	3.34837695272814	12.3534374897632	0.00217241663964768	0.0288220288500795
jcf7180000362766_7401_7600	HELPU_017611	2.6718756841253	0.352428654161605	19.5498433160474	0.000261726820384765	0.00866615635120552
jcf7180000394051_11401_11500	HELPU_017619	6.7505367759099	2.03706039227958	26.6221766535425	5.5411650555016e-05	0.0035722243604595
jcf7180000348443_37701_37900	HELPU_017626	-1.32370496030806	0.658982715895647	9.78075099782276	0.00529367540931774	0.0492481345480269
jcf7180000355882_30001_30200	HELPU_017634	-1.86595840868304	0.835128616607486	11.2465845287165	0.00315625138626437	0.0360087475429597
jcf7180000421740_27501_27800	HELPU_017642	-1.0854152041827	0.778295019420613	11.6474818950785	0.00275025110791109	0.0331556956978681
jcf7180000361362_76801_77300	HELPU_017653	-3.93714738808352	4.79729760631334	82.8241091175379	1.48276869310396e-08	3.8261710672044e-05
jcf7180000379587_6701_6800	HELPU_017656	6.20793143034327	0.503692986856142	21.8126710605425	0.000165952430998543	0.00665731890106719
jcf7180000357296_10401_10500	HELPU_017674	4.53694931763413	-0.481919713525441	19.6960962466224	0.000557441309575083	0.0132855917771395
jcf7180000351052_10301_10500	HELPU_017680	5.98546140514872	1.6224943512291	17.2248381837064	0.000493494762097764	0.0123725092343335
jcf7180000351052_19101_19400	HELPU_017681	2.36871169270898	0.132625749766961	12.7271049972705	0.00192437086600252	0.0268294357188341
jcf7180000347424_12301_12600	HELPU_017686	2.9224737531674	1.67259653824548	11.9768483197504	0.00246460174721467	0.0310543940106219
jcf7180000370270_17001_17500	HELPU_017690	2.18514910512022	3.83106553736664	19.6199257371395	0.000256933111079161	0.00856923687550085
jcf7180000393728_34301_34500	HELPU_017697	-5.06786411434085	-0.244302252371555	18.2513512515732	0.000371054947580765	0.0105103001849996
jcf7180000393728_72701_72800	HELPU_017698	6.38700922586296	1.14125495558473	17.7679778734321	0.000654383337608804	0.0145584585660259
jcf7180000358105_41201_41400	HELPU_017704	6.13722282362821	1.72255222439972	29.7712344236144	2.88067797087474e-05	0.00248750060043334
jcf7180000358105_54401_54600	HELPU_017705	4.06053934114012	-0.136375395037647	20.7643843436366	0.000190914273706253	0.00723415831126616
jcf7180000414132_25401_27000	HELPU_017706	-1.071235996381	4.34387124291651	16.4179416928003	0.000620214383320018	0.0141361228486073
jcf7180000417791_8601_10000	HELPU_017714	3.47466514549835	3.28190688897727	25.5505539886542	6.03051072442248e-05	0.00374523221002636
jcf7180000417791_30801_31000	HELPU_017715	1.45170462267157	0.864852316819232	15.7870667204485	0.000745538060599529	0.0156063896867165
jcf7180000361842_501_700	HELPU_017716	2.32259577993927	1.11479659336181	12.104048201859	0.00236224835507794	0.030292429691973
jcf7180000361842_11501_12000	HELPU_017717	1.68237950278298	1.2949205224857	9.73366809042784	0.00538789076868525	0.0497882755582078
jcf7180000347886_21401_21600	HELPU_017720	-2.26067913139101	0.76697173686685	30.497362228299	2.07379531115043e-05	0.00204401572466237
jcf7180000360071_21001_21400	HELPU_017721	3.36013623274978	0.479659902164735	22.4586121689153	0.000124982488700129	0.00560575623096019
jcf7180000366845_17901_18000	HELPU_017723	-4.05691733634766	0.242684644088159	29.9655401390234	2.77075166628118e-05	0.00242982261718204
jcf7180000413659_69701_70000	HELPU_017731	1.12264908226659	5.29210129902806	11.0928924131078	0.00332557010115456	0.037195827645025
jcf7180000354467_44501_44600	HELPU_017733	2.48443860066803	-0.186667389138584	11.4729513316863	0.00327478286719991	0.0368415645052423
jcf7180000396699_53901_54100	HELPU_017740	5.24831092762121	1.04001223807515	15.5173444711329	0.000808728331847741	0.0162852664444708
jcf7180000347751_16501_16700	HELPU_017746	-2.89398290837599	4.26143400446057	17.1801709683882	0.000499753330033214	0.0124645460694378
jcf7180000347751_49701_50000	HELPU_017747	-1.4165205918834	0.242370351922455	10.1538698270592	0.00462529867036937	0.0453066045025098
jcf7180000347177_14201_14300	HELPU_017762	6.14998988465223	-0.274978430887374	15.4065918766421	0.0017330247629459	0.0252741896016449
jcf7180000348302_8201_8300	HELPU_017780	8.50976232140149	0.473254933096053	26.3200821301487	0.00015173252181048	0.00632013862215018
jcf7180000418943_5601_5700	HELPU_017781	-5.12063275307052	0.211350907198089	63.8114902478034	1.1778915126672e-07	0.000115146734572945
jcf7180000362721_13801_14100	HELPU_017784	-3.14929660001603	0.871445375536115	12.2502121098061	0.0022504088378566	0.0294045824643379
jcf7180000354503_28001_28400	HELPU_017794	1.54020857877058	2.25349619908539	10.3205195349538	0.00436215243328429	0.0437172230583736
jcf7180000353474_52801_52900	HELPU_017796	5.72584341688764	0.566254065887789	11.7854699212484	0.00295984030875288	0.0346484461384322
jcf7180000357005_22601_22900	HELPU_017800	-3.67076685822257	-0.314054642211442	16.4720537355614	0.000734603897427898	0.0154850154937136
jcf7180000418341_1101_1400	HELPU_017801	-1.58750100843099	1.63633990663695	22.1702077776922	0.000133827939730594	0.00585131053170735
jcf7180000414374_23801_23900	HELPU_017821	5.9022502853551	-0.703843492120617	17.8678161455313	0.000504494300263546	0.0125194806189285
jcf7180000351609_4801_5100	HELPU_017829	1.5754983356622	0.399281979291038	11.8115990872995	0.00260353440447029	0.0320687925366755
jcf7180000417943_39301_39400	HELPU_017833	2.3469825182824	1.66163706755042	19.9306331949531	0.000236815896652598	0.00820099949589091
jcf7180000351391_13701_13900	HELPU_017836	4.37046098212895	1.04001340738268	12.4771133935567	0.00208822930981	0.0281696065803678
jcf7180000421511_75501_75600	HELPU_017837	5.11971141251331	2.27357773272046	11.4323263840103	0.00354115418994608	0.0386402705583234
jcf7180000351417_16401_16600	HELPU_017848	-7.28699261039509	1.81387107982543	46.0752451888269	3.13141214780872e-06	0.000704019613234228
jcf7180000358128_8801_9100	HELPU_017854	-1.13710640335876	1.27018825871742	10.4739866886704	0.00412723024961282	0.042290199433024
jcf7180000364152_2001_2100	HELPU_017858	1.78229816177177	0.387750813229288	22.7986951832522	0.000114752663155233	0.00536099511491829
jcf7180000417748_52101_52300	HELPU_017869	2.13994975363459	-0.2415589418235	10.534638626107	0.00403973741874231	0.0417724084718892
jcf7180000361281_9101_9400	HELPU_017879	-1.26489810721344	2.12266619306476	9.9007939968555	0.00507083503410973	0.0479347877265887
jcf7180000353453_12201_12300	HELPU_017883	3.13005780034887	-0.0327545088715616	23.4403208021928	9.85788321301237e-05	0.00492424819507062
jcf7180000392985_45701_45900	HELPU_017892	1.34879455827755	1.29812991145353	17.2846310363723	0.000484374868958313	0.012257369407128
jcf7180000359011_23501_23700	HELPU_017895	6.37039619717655	1.53718982462028	16.3233184500676	0.000638503782851477	0.014362776746197
jcf7180000361498_8801_9100	HELPU_017900	6.35831802459161	-0.519784236604331	21.6098434227379	0.000266151090135278	0.00874628857493069
jcf7180000418055_14901_15000	HELPU_017921	7.15847106797551	-0.360264118805101	13.2526571879142	0.00240869718996945	0.0306112303678844
jcf7180000417623_68901_69100	HELPU_017923	1.44009440885072	0.233454554308481	10.7551450346141	0.00373856559956463	0.0399025983375503
jcf7180000361621_23501_23600	HELPU_017926	2.53628603279078	0.443541099395866	17.1765603818504	0.000500263044403851	0.0124697636232152
jcf7180000418335_27901_28100	HELPU_017928	-2.74557339399442	0.490702625882566	17.1616749570197	0.000502370521956952	0.0124950053397503
jcf7180000414363_29801_29900	HELPU_017940	7.70760429465364	3.6662885537938	16.028213293109	0.000830496554628985	0.0165226530980563
jcf7180000354015_4101_4300	HELPU_017942	3.59804792878558	1.31811907956502	16.0951439025224	0.000682282526414487	0.0148757466694721
jcf7180000348174_14601_14700	HELPU_017945	8.73355503629019	1.23531798328985	18.1561950896749	0.000680068995701187	0.0148468080969286
jcf7180000363768_15901_16100	HELPU_017949	-1.40698330434707	2.69424174212199	14.4724897084754	0.00110859053429701	0.0195139049266893
jcf7180000350130_94001_94200	HELPU_017951	3.12053094750763	2.56530926151927	17.6985729382403	0.000432187665222322	0.0115164402629672
jcf7180000417263_69701_69800	HELPU_017957	-3.96416928349181	1.04545626387393	10.6587817380616	0.00406863645267641	0.0419347726963204
jcf7180000413403_14601_14800	HELPU_017960	5.87775927880032	2.54410453154454	11.5173600108888	0.00369937783606763	0.0396379506004542
jcf7180000376732_12201_12500	HELPU_017964	4.58617892614138	0.433828161875408	11.2757136348467	0.00312486241388824	0.0357960712935037
jcf7180000421185_64901_65000	HELPU_017973	2.83041009285856	0.0269250725240531	11.3688032782408	0.00302684836624538	0.0351128385646011
jcf7180000368442_4601_4700	HELPU_017974	3.40895350858333	0.22403709293673	15.1938211817177	0.000890695013942862	0.0171994270045582
jcf7180000368442_7101_7400	HELPU_017975	2.31967409093807	0.119042786597	11.185166065829	0.00480261987876941	0.0463180579822986
jcf7180000350715_11901_12200	HELPU_017976	1.78502241522412	0.989167732286264	13.3034273777257	0.00159821799239077	0.0241021842208452
jcf7180000370329_8501_8800	HELPU_017978	-1.70087838471514	0.631280193372718	15.7208479210121	0.000760237454415398	0.0157539746726327
jcf7180000392589_10301_10800	HELPU_017983	-2.86528447502553	2.78616229893995	15.9248284748992	0.000717121757065899	0.0152869849493678
jcf7180000354661_38701_39100	HELPU_017986	-2.66796028427967	1.88358985470051	16.8146213549641	0.00055439479414418	0.0132537883066802
jcf7180000354661_44501_44600	HELPU_017987	-5.3132871714038	-0.431851458504554	21.6316994654398	0.000264038386016838	0.00870982407827012
jcf7180000413678_3501_3700	HELPU_017993	3.0966391924026	0.289436883395116	13.4930258205835	0.00173445210654806	0.0252834196917014
jcf7180000370380_31601_31800	HELPU_018000	-2.17250747843933	0.946159479984666	10.0462148796164	0.00481176494810641	0.0463734656390065
jcf7180000370816_37901_38200	HELPU_018004	-4.12191655543269	-0.0272542146916488	19.0389922663999	0.000299802584473945	0.0093484237275922
jcf7180000354622_45901_46300	HELPU_018016	2.73067681951108	0.950686750988772	14.549914568245	0.00108258998463479	0.019244274904052
jcf7180000366759_2901_3000	HELPU_018017	4.71062968343795	0.0216048878811941	26.1089066399346	5.31651566494639e-05	0.00349695887792209
jcf7180000395916_10201_10300	HELPU_018025	7.95705633946637	4.25070968061242	29.0888922829259	2.78512806384702e-05	0.00243595510408113
jcf7180000347509_3901_4100	HELPU_018035	-5.86857019094663	0.445380712067605	10.7515261564105	0.00441710005457039	0.0440751338557893
jcf7180000347509_23201_23300	HELPU_018036	-2.1718680088087	0.301393615094816	10.19649423609	0.00455938860482204	0.044920610894103
jcf7180000361157_42801_43100	HELPU_018040	-3.41381291440186	0.808603041747972	18.292350510563	0.000366916435006799	0.0104416069279376
jcf7180000417427_801_1000	HELPU_018047	3.83875152943735	2.40227130640793	44.5404303518038	1.68319933876306e-06	0.000498528772093137
jcf7180000350718_401_700	HELPU_018054	-2.97863325844042	0.207063463243614	20.9655293801454	0.000181372343736223	0.00702310886837031
jcf7180000347547_75001_75400	HELPU_018064	5.34196427237205	0.858462900572642	10.7383983595108	0.00376418283230858	0.0400640480141819
jcf7180000348433_40401_40600	HELPU_018066	-1.77858955356283	1.09762810921735	14.0035049418437	0.00128163268934485	0.0212119615342065
jcf7180000413667_11701_11800	HELPU_018072	6.16228895209914	0.713182589063695	25.696405490096	7.94948367358777e-05	0.00435270216766348
jcf7180000420650_15801_16000	HELPU_018091	-1.56242566722311	0.283065408614504	15.6263805047161	0.000781764758951464	0.015978202840887
jcf7180000358060_12101_12600	HELPU_018103	-0.817460092709871	2.77065440581356	9.72924380904452	0.00539202314399188	0.0498120455476527
jcf7180000361221_34201_34400	HELPU_018105	-1.59264107488345	1.17887620395254	35.3571133507529	8.06217461756089e-06	0.00121282798801687
jcf7180000361221_34201_34400	HELPU_018106	-1.59264107488345	1.17887620395254	35.3571133507529	8.06217461756089e-06	0.00121282798801687
jcf7180000359202_51701_52100	HELPU_018111	-2.95019221951473	1.02005674203848	11.4212340154415	0.00297314784511643	0.0347391492865796
jcf7180000348164_12901_13000	HELPU_018115	6.29594072915643	1.30755697774688	13.9138251527295	0.00223095352174352	0.0292544502699286
jcf7180000353828_29701_29800	HELPU_018118	1.91513189735326	0.23683151224307	9.83765884484716	0.00518810566390154	0.0486370204094502
jcf7180000347250_2001_2400	HELPU_018119	2.64722881455555	0.759978218889773	12.5562486177276	0.00203474634330601	0.0277368309001576
jcf7180000352244_79501_79800	HELPU_018124	-1.89465414616059	0.574310001141075	13.4331263410742	0.00153357019412714	0.0235278541940657
jcf7180000351829_11801_11900	HELPU_018130	4.33099139496763	1.61161242920354	16.4722660514485	0.000611603632535415	0.0140177477519582
jcf7180000421520_54301_54500	HELPU_018132	1.67155080932558	1.04295061009302	10.8161034263013	0.00366334370245219	0.0394155195771111
jcf7180000421520_74201_74400	HELPU_018133	6.4432681189724	1.59569237741449	10.8983296036586	0.00449645629483807	0.0445426758533347
jcf7180000350863_24201_24500	HELPU_018136	2.18057192512333	0.529204164592978	11.0880490072311	0.00333333545498807	0.0372486452233875
jcf7180000365291_7101_7200	HELPU_018143	1.87269454534484	1.43639326712965	13.0919789362008	0.00171017853562531	0.0250701113876174
jcf7180000393366_46601_46800	HELPU_018159	-2.19458580738355	0.64274384783052	20.8126740729347	0.00018857402359913	0.0071777663597911
jcf7180000353494_38001_38300	HELPU_018162	3.03701292130638	5.01820509788849	19.2031525836194	0.000286939044028788	0.00912480177240298
jcf7180000363085_9701_9800	HELPU_018174	5.2445610303288	-0.209270546330826	17.9674734427331	0.000491898142047328	0.01235151433549
jcf7180000417671_37201_38100	HELPU_018182	-1.39710383084206	1.69481683350716	18.0592830232984	0.000390394392231803	0.0108362723697818
jcf7180000355441_46401_46500	HELPU_018186	6.12599542681315	1.47244587251176	17.1530550337616	0.000763439986767864	0.0157929961786768
jcf7180000348779_16101_16300	HELPU_018208	1.80845651989187	0.709191090400216	11.5281110445451	0.00286692266160494	0.033984358614225
jcf7180000361144_16701_17100	HELPU_018214	2.62351448779847	0.0671568621640047	15.2086634637167	0.000886739852404412	0.0171593466264966
jcf7180000350237_57301_57400	HELPU_018217	-2.51724708013315	0.0568641829697203	11.3643743643659	0.00302952178077509	0.0351338908050072
jcf7180000363075_17801_18300	HELPU_018222	-1.75481940017243	1.54119039270624	20.2871908352026	0.00021543240592082	0.00774876166005023
jcf7180000353103_9601_10300	HELPU_018244	-1.680840521862	2.72985802602025	16.5779313702735	0.000593279689501132	0.0137484888045907
jcf7180000392403_58801_59100	HELPU_018245	-1.44491334413574	0.146729303717898	10.1494389050635	0.00463264540973954	0.0453568527354458
jcf7180000420466_9801_10200	HELPU_018255	-0.901239525830213	2.03357374601355	9.94638442865039	0.00498364313858466	0.0473936702166536
jcf7180000357212_67501_67600	HELPU_018257	7.3450115495238	2.83182246042522	29.4064940012581	3.10029918520352e-05	0.00261338433699055
jcf7180000357213_27701_27900	HELPU_018261	-3.19299348664083	0.633743347090778	15.2612026081881	0.000872894433966119	0.0169948171821785
jcf7180000353901_22901_23100	HELPU_018264	-1.22631089947133	1.56180164744258	13.7860981559179	0.00136996257102573	0.0220600197057553
jcf7180000414778_17901_18000	HELPU_018273	5.03232612677206	-0.529228648630322	12.5707440782384	0.00230517240608078	0.0298570490330707
jcf7180000348791_15901_16000	HELPU_018278	5.07694074083228	-0.697203525943042	13.8812732788015	0.00167607952561268	0.0248023574231588
jcf7180000347622_20401_20500	HELPU_018290	7.52687450358387	3.21450631375758	16.4890407945783	0.00116303277477488	0.0200544210812381
jcf7180000368949_29501_29700	HELPU_018298	5.55888083045192	0.479857088597827	19.0984032966175	0.0002950751176069	0.0092774402536544
jcf7180000347560_9501_9600	HELPU_018306	6.6523250571413	2.55174833079359	14.9345956180369	0.00123974119924078	0.020794996045616
jcf7180000395665_23601_23800	HELPU_018307	3.29082247161905	-0.261072109049697	11.5660057323908	0.00471783794235409	0.0458730749491411
jcf7180000392954_13001_13400	HELPU_018310	-1.03702671224957	3.33433793659567	10.7448659051466	0.0037525558047933	0.0400033402794944
jcf7180000355803_33201_33400	HELPU_018314	-1.39946264471273	1.52720220174173	13.0053686861423	0.00175813189918176	0.0254691708217142
jcf7180000355803_44601_45200	HELPU_018315	-3.63956486151491	1.88152251592218	30.7326094216594	1.98385022057676e-05	0.00199758315300415
jcf7180000351692_14301_14500	HELPU_018331	5.20481510309241	1.86658081143358	12.6604692665816	0.00196660975998923	0.027191066505331
jcf7180000417236_111201_111700	HELPU_018340	-1.46584843150436	1.38782753735947	13.8760973613009	0.00133184035120893	0.021703438919366
jcf7180000392455_7301_7700	HELPU_018341	-1.83186996474381	2.41809132045712	14.4837841336513	0.0011047550326853	0.0194775126029147
jcf7180000418786_14701_15400	HELPU_018346	-2.21982270919726	1.68511559007513	10.9030769332096	0.00355401642297124	0.0387412947930577
jcf7180000393150_19301_19400	HELPU_018351	2.63912490224454	0.719558076604628	10.6135296059581	0.0039327421502976	0.0410787282774803
jcf7180000347822_16701_16900	HELPU_018381	-2.35586154387806	0.609083446527217	15.6616087480081	0.000920295669641017	0.0175026825212335
jcf7180000414561_7101_7200	HELPU_018387	4.64356172854873	0.0476665903643303	13.9562132313207	0.00130067759525362	0.0213940140874538
jcf7180000348314_16401_16500	HELPU_018401	4.21280660399282	1.31107806059945	13.7260246958056	0.0016165705717584	0.0242792438339387
jcf7180000358986_23301_23700	HELPU_018410	2.33058471627861	0.950539724927735	14.6473725773939	0.00105081567743978	0.01892611344036
jcf7180000416228_20101_20200	HELPU_018416	-3.42168789277217	0.124768410864573	16.4868553691491	0.000731626091868554	0.0154506721680774
jcf7180000348703_46401_46700	HELPU_018420	-0.954053364153711	1.83869098956958	11.5910317410087	0.00280334537690586	0.0335514710960644
jcf7180000354493_28501_28600	HELPU_018457	3.42773470623088	-0.363637950209218	10.3047532532188	0.00438669166728473	0.0438787125610394
jcf7180000348584_7601_7800	HELPU_018461	2.33174476051167	0.651483198199222	18.4793569909168	0.000348674933228476	0.0101738507760827
jcf7180000354764_8401_8500	HELPU_018463	-1.4543239627846	0.898051484622933	11.0275294095552	0.00379499729014746	0.0402514233965957
jcf7180000362544_8501_8700	HELPU_018467	-2.39527992781058	2.99306805392185	14.1910477432669	0.00120908643587099	0.0205175069949179
jcf7180000394537_7801_8000	HELPU_018478	-1.81079313133251	1.30481384953763	19.4850904490637	0.0002658798697892	0.00874628857493069
jcf7180000347056_60301_61100	HELPU_018482	-1.05913492466339	3.06330326754848	10.8075471571644	0.00367196043515557	0.0394705233518253
jcf7180000354586_7901_8100	HELPU_018488	5.00614673481328	0.0122887278096884	35.3242084375575	3.55130707463331e-05	0.0028106942013429
jcf7180000374855_16501_16800	HELPU_018496	-1.51809592353441	1.35246861100559	10.0323874607602	0.00483575506754366	0.0465248334530694
jcf7180000358095_3901_4000	HELPU_018500	3.9216343775175	-0.175034057168606	13.7293912828164	0.00139648026463588	0.0223002746060733
jcf7180000354462_9601_9700	HELPU_018507	-3.24641427440837	1.76494896871338	17.6856957748988	0.00043373840974297	0.01154589885106
jcf7180000413416_55601_55700	HELPU_018510	5.61270055148711	0.2063331708738	13.9072106992087	0.00166345319942433	0.0247035780345058
jcf7180000395359_31701_31800	HELPU_018511	5.91700042562621	0.306830931960825	12.2318944497029	0.00297147712875669	0.034729313239417
jcf7180000355449_11601_12000	HELPU_018512	2.26113927143514	1.64983787650987	15.7008935359264	0.000765955534434884	0.0158153363510367
jcf7180000348826_15201_15700	HELPU_018513	-2.5996153383739	0.961378131702574	12.2745714582975	0.00223234642827642	0.029261195958301
jcf7180000353097_2101_3000	HELPU_018518	2.19472582569563	2.1701901457624	19.7605655320584	0.000247602720939838	0.00841264194501169
jcf7180000417613_43901_44000	HELPU_018528	5.03813249066031	1.47569878193591	19.7476134212036	0.000248446175138933	0.00842839631034015
jcf7180000416234_37401_37600	HELPU_018529	-2.58252003672243	1.34903998630375	32.1075084413531	1.50675371824023e-05	0.00171960431963203
jcf7180000367046_20601_20900	HELPU_018532	2.39171732061005	0.717009805833274	17.8176546798718	0.000418133606740089	0.0112857853917964
jcf7180000393850_44401_44500	HELPU_018544	-3.23535264179726	-0.185733401272358	15.319053242468	0.00137581427574894	0.0221251111986942
jcf7180000413477_33201_33400	HELPU_018550	4.40793146840543	-0.633089880555822	16.0237526084994	0.00102162358680263	0.0186174757718605
jcf7180000418954_16501_16700	HELPU_018557	2.85946436415996	2.16185964013581	18.9713997711845	0.000305282952005013	0.00943160765755398
jcf7180000358021_30301_30500	HELPU_018563	-1.68111317358503	0.432792224739595	12.9668619661011	0.00177827763758199	0.0256275083723118
jcf7180000350843_37301_37600	HELPU_018571	10.1409576375016	3.57865175902843	15.4936221379569	0.000814446396075428	0.0163567127954492
jcf7180000350843_42101_42200	HELPU_018572	-2.35062113306065	1.61759537496237	31.1286297274727	1.82701226930092e-05	0.00190778579387188
jcf7180000382070_5301_6100	HELPU_018575	-1.9668930084894	2.68469033603914	19.0065956222241	0.000302415622173439	0.00938290467984985
jcf7180000348769_15001_15400	HELPU_018579	2.1439179098866	2.15217696458547	30.4872107745937	2.08538530145917e-05	0.00205261393725445
jcf7180000365337_8301_8500	HELPU_018584	2.58918769806942	0.228744677697083	22.9199456621569	0.000111713005192263	0.00526967725967879
jcf7180000413644_63201_63300	HELPU_018589	7.22266415946311	2.58291357968769	33.9135988999288	1.06168886249243e-05	0.00143712833561965
jcf7180000362252_21101_22100	HELPU_018590	-0.801269329651367	3.46817440992566	14.8822153421383	0.000976940194965009	0.0181302351446963
jcf7180000352609_29101_29200	HELPU_018595	2.97774571112227	-0.157876472360451	13.3721121470768	0.00156361469323195	0.0237832014092903
jcf7180000421989_15301_15800	HELPU_018599	1.48160273018736	2.44710097948628	16.3004131940402	0.000642320136106687	0.0144104198029788
jcf7180000413915_5501_5800	HELPU_018601	-1.79209986432556	2.88972075062637	16.3254774496551	0.000638104653221498	0.0143574549495895
jcf7180000417381_19301_19400	HELPU_018627	4.15845187764753	0.020247675288011	11.8510287122849	0.00257069997503932	0.0318146336739798
jcf7180000363741_15901_16200	HELPU_018634	1.85448303985756	1.3395116521785	33.0884661478066	1.2391817305998e-05	0.00156912071419323
jcf7180000347076_36801_37000	HELPU_018639	3.33494688451813	-0.0949753823868313	17.6791247142845	0.000434532101998355	0.0115574079653712
jcf7180000351801_4801_5000	HELPU_018640	3.54675733332657	0.801180002632437	13.2864502952717	0.00171823261497618	0.0251429556150905
jcf7180000421402_54501_54900	HELPU_018662	1.6102007084164	1.06039803503124	10.6245163144062	0.00391514428158904	0.0409674873467542
jcf7180000358256_8801_9000	HELPU_018667	1.20942749338134	1.37569435660453	11.8942814095986	0.00253085068962872	0.0315186298000736
jcf7180000358956_4801_5100	HELPU_018671	2.78235402277618	2.84699554730127	32.8904514394461	1.29261333142047e-05	0.00159301568675571
jcf7180000354095_16701_16800	HELPU_018683	5.02686614233451	-0.319634921999475	11.5086878042346	0.00345575612961897	0.0380647117619946
jcf7180000363032_8601_8900	HELPU_018703	-2.03781077383332	2.58072761979971	10.7454297927525	0.00375493243827066	0.0400201552986118
jcf7180000368642_21101_21300	HELPU_018706	4.20239422249298	0.432797533684264	13.7568703856533	0.00173815505296802	0.0253131073363987
jcf7180000351600_51001_51300	HELPU_018711	2.162109335384	0.11786350014488	15.3571315653759	0.000847429445557786	0.0167113424121833
jcf7180000362317_7001_7200	HELPU_018730	-2.25030795838974	1.05406178494784	12.9391275665289	0.00179651608201874	0.0257867585153856
jcf7180000357359_12601_12900	HELPU_018744	2.5045530992037	0.566138898523457	11.3955893735368	0.00299928041682919	0.0349118093205647
jcf7180000378811_18401_18600	HELPU_018745	1.62680750304475	0.729463092170174	24.53944370185	7.58730349601146e-05	0.00424952792032083
jcf7180000394331_6901_7700	HELPU_018751	2.23190658359412	2.87407371350413	13.5474029286977	0.00147900172519766	0.0230306636481021
jcf7180000364989_15201_15400	HELPU_018757	2.34730918926189	1.43890727775081	11.4825585991508	0.00291167400867358	0.0343188367261573
jcf7180000353075_14101_15000	HELPU_018771	-0.68954231980291	4.51838643775643	10.653006539496	0.00387485342661792	0.0407154673947845
jcf7180000370381_22301_22400	HELPU_018776	7.77897496230167	0.0404499939072441	26.1397276262472	0.000156733789784867	0.00644826044336542
jcf7180000354606_7801_7900	HELPU_018780	3.18436746304012	-0.189885252015376	16.4268449373979	0.000619248072071524	0.0141285142217007
jcf7180000360040_15101_15200	HELPU_018781	5.39386255718723	1.41928619184673	17.0853110138876	0.000776661310193922	0.0159232967752987
jcf7180000417363_16801_16900	HELPU_018782	-5.09266154061193	-0.513138650872963	19.3504491704152	0.000307282431505592	0.00946692320198475
jcf7180000417428_15701_15900	HELPU_018784	-6.27575800657243	0.102432754417268	17.2326712066874	0.000665831073068828	0.0146995426032029
jcf7180000348590_27501_27600	HELPU_018792	-2.76449160421756	1.8228072091918	29.1866082551853	2.72862066562915e-05	0.00240773453910709
jcf7180000381762_401_500	HELPU_018807	5.1613748377986	-0.55714049647134	24.8638522274951	0.000133209648092543	0.00583566408621494
jcf7180000370555_16101_16600	HELPU_018831	0.964868334653872	3.28547667519005	14.8361551416774	0.000990681602352854	0.0182862597696223
jcf7180000417294_80601_80800	HELPU_018837	5.17564499645172	0.612635132867023	15.5633585561387	0.000797763073144579	0.0161677328180582
jcf7180000367000_16901_17100	HELPU_018840	-1.19367202260625	2.60337902098452	15.2244178075659	0.000881204940865614	0.017094540304593
jcf7180000348904_40101_40600	HELPU_018844	-1.8149596850368	2.60215997352963	9.9355300157835	0.00500757250912201	0.047541175974549
jcf7180000348437_22201_22500	HELPU_018857	-1.27936019762338	2.28154446196777	13.1303412274627	0.00168811853370753	0.0248823965232286
jcf7180000360158_25001_25300	HELPU_018861	2.5001633634552	0.836815447765322	17.1206343315054	0.000508231996483581	0.0125770210704196
jcf7180000415792_5401_5800	HELPU_018863	3.44967899670459	4.81353183448083	49.6492069044826	7.73897544305888e-07	0.00032078348504851
jcf7180000354569_20601_20800	HELPU_018865	2.21270949689278	0.0786176081158828	19.2816797149004	0.000280420749288259	0.00901459864830396
jcf7180000417133_34101_34300	HELPU_018868	5.4561329346715	1.41680671177413	14.9647834861858	0.000954267429149322	0.0178698503136877
jcf7180000413587_81701_81900	HELPU_018876	-4.18526006138588	0.562711666611852	24.7776883389629	7.19921817554502e-05	0.00413236566005377
jcf7180000358965_30701_30900	HELPU_018887	-1.78745483230412	0.0098811434207999	14.2600439625077	0.0011818764411613	0.0202404378721977
jcf7180000357217_22201_22400	HELPU_018889	2.59804887829831	-0.125886634659104	13.6580516921922	0.00142820576942002	0.0225461140827639
jcf7180000362066_17201_17300	HELPU_018892	6.90929850191746	0.62418389406296	13.184938050421	0.00190534096762695	0.0266754132071883
jcf7180000420955_9201_9400	HELPU_018893	-1.21424288685713	1.81134400769794	10.4897686386523	0.00410773496801785	0.0421671795909898
jcf7180000418040_29101_29400	HELPU_018903	-1.00743000832335	1.62394122348625	9.91484172267775	0.00504077290289332	0.0477426397298281
jcf7180000350595_38501_38900	HELPU_018918	-2.12443228366193	2.34682844356579	19.3437080343568	0.000276408145390222	0.00893776878072761
jcf7180000370531_6501_6900	HELPU_018922	-2.66377745947328	0.84562723801489	18.9781375145583	0.000304731729246011	0.00942178270862986
jcf7180000371485_7401_7700	HELPU_018929	-1.55875198446273	0.429151446186159	15.6638187052628	0.000773153782111751	0.0158866607444386
jcf7180000374824_15701_16400	HELPU_018930	1.96531092641656	3.77575188602608	21.9902624156875	0.000140254275498062	0.00602107484533623
jcf7180000371001_10901_11600	HELPU_018934	2.14523267660428	0.38097056213925	13.800114462157	0.00136579663563713	0.0220253689293428
jcf7180000394360_7501_7700	HELPU_018943	3.85587070085343	0.403436121253311	15.743607803412	0.000756364220798467	0.0157222729524878
jcf7180000355984_7101_7300	HELPU_018946	2.96936896160529	0.469603803994861	14.0862852923262	0.00124903408251549	0.020897026001908
jcf7180000349090_58201_58600	HELPU_018950	-1.10368908141061	2.77282154197279	11.5512178081561	0.00284167920297517	0.0338098384804103
jcf7180000349856_36801_36900	HELPU_018956	-1.59252378111962	0.610360973689638	10.612967362165	0.00393351981645045	0.0410787282774803
jcf7180000349856_41201_41900	HELPU_018957	-1.83592706738398	1.79064569011338	15.1441480391983	0.000904074359376252	0.017343199151635
jcf7180000369590_401_600	HELPU_018968	-4.14876822692414	1.54700682605284	21.9085589034801	0.000143123590671049	0.00609492427968132
jcf7180000359182_9901_10100	HELPU_018988	-3.21889002932375	1.41025389063997	23.8188825920752	9.0094658906364e-05	0.0046681517486565
jcf7180000360417_18501_19200	HELPU_018992	-1.2194364749741	2.52196209519013	10.4890156498719	0.00410920432576688	0.0421771881457114
jcf7180000367009_12401_12600	HELPU_018993	-1.89551612188515	0.703291096988283	15.9348223740483	0.00071458623336437	0.0152640537017817
jcf7180000363679_23301_23400	HELPU_019013	6.62453227486371	0.23171220769977	16.1236283295516	0.0012709215727881	0.0211017479177425
jcf7180000361306_27301_27400	HELPU_019026	-1.65265482334549	2.09633216019905	15.7877587277247	0.000746589567376403	0.0156169875129571
jcf7180000417116_80001_80500	HELPU_019029	1.10211419087248	1.36719015707072	14.4086454330207	0.00112893043812785	0.0196967769240893
jcf7180000417116_80001_80500	HELPU_019030	1.10211419087248	1.36719015707072	14.4086454330207	0.00112893043812785	0.0196967769240893
jcf7180000357191_27301_27400	HELPU_019046	5.18384536345167	1.02291307805562	18.0620212875293	0.000608533865241666	0.0139663885752864
jcf7180000359945_16701_16900	HELPU_019054	2.14304215319077	-0.0415510580575785	11.2835033249302	0.00311474228938671	0.0357244339775825
jcf7180000417647_72401_72500	HELPU_019062	6.05197085532924	1.99231101937895	13.6026578708001	0.00155734742854655	0.0237292523471444
jcf7180000358110_35001_35300	HELPU_019072	-1.99156843451386	0.00601868012306324	13.6684384524454	0.00142163370627448	0.022490586546672
jcf7180000395383_24901_25200	HELPU_019082	-1.50276548400776	0.309787306653941	11.254473844296	0.00314446972026938	0.0359203032108375
jcf7180000378990_1901_2200	HELPU_019086	-3.1408587165595	1.24856480471934	16.4093328223976	0.000622813664184525	0.0141666020130229
jcf7180000417193_100601_100900	HELPU_019088	-2.44109233617321	3.59011137752	38.8252977438117	4.34302895881332e-06	0.000869707794076306
jcf7180000417193_126001_126500	HELPU_019089	-1.33522926695379	3.76099728323061	24.5183132907832	7.62471490460408e-05	0.00426084917278374
jcf7180000417947_23701_23900	HELPU_019090	-5.0048416610093	3.7340130755839	28.7053377220952	3.01972484075122e-05	0.00257452279741941
jcf7180000354461_32101_32200	HELPU_019106	3.14994028143933	-0.289217179175112	17.966646147205	0.00081924765731512	0.0164117113401733
jcf7180000417256_48601_49000	HELPU_019113	-1.9903950220418	2.75082747653089	10.5881309648917	0.0039680430947743	0.0413112343525341
jcf7180000354492_22801_23000	HELPU_019124	5.91633388027744	0.368354176825755	29.333772413661	3.14626698266665e-05	0.00263347695220415
jcf7180000358954_11301_11600	HELPU_019129	-2.00812754879904	1.05263504349378	22.5400688473884	0.000122213068495428	0.00554053855174737
jcf7180000418898_12401_12600	HELPU_019138	1.31438639380042	0.364007117135397	15.4052753659893	0.000834831819644737	0.0165766636814824
jcf7180000369344_3701_4200	HELPU_019142	0.877729781768665	3.1087547584382	9.71391059484415	0.00542223643755842	0.0499911454630491
jcf7180000371645_10001_10500	HELPU_019149	1.63274827995202	2.20336700178062	10.3271732228112	0.0043518421483962	0.0436611577972833
jcf7180000355269_28901_29400	HELPU_019160	1.78760505722613	0.390699224388284	17.626809829884	0.000440091887253093	0.0116490341918715
jcf7180000393107_46901_47500	HELPU_019163	-1.62830315892589	2.5237615820565	14.0634947001556	0.00125791649261808	0.0209843475382131
jcf7180000370297_7501_7900	HELPU_019166	-1.7434991625093	0.627760590862957	9.75721530546223	0.0053419144842026	0.0495392261855436
jcf7180000347553_8201_8300	HELPU_019169	3.97897160323065	-0.383230448633127	11.7542881495457	0.00265572091926007	0.0324725795407003
jcf7180000362404_7201_7500	HELPU_019172	4.86873624332108	2.83561372075829	32.9839066524668	1.26937706292508e-05	0.00158047673204374
jcf7180000349462_15601_15700	HELPU_019184	5.38611339262602	0.502699358200226	11.9872759073053	0.00277369930072134	0.033328725412451
jcf7180000371427_15001_15100	HELPU_019213	-2.66441522008764	0.0977091039906516	9.71682241150954	0.00542105204170182	0.0499876904805455
jcf7180000417224_32701_32800	HELPU_019222	5.16391521139353	0.50865018517185	19.1560509022559	0.000290566481791321	0.00919726883413005
jcf7180000368617_15601_15900	HELPU_019227	4.77197385300741	3.88117995521217	39.7164199395807	3.72360496287809e-06	0.000794054202968596
jcf7180000352452_9301_9500	HELPU_019228	1.90026226635944	0.100428914852293	21.1738112536848	0.000171644552803853	0.00678678128196037
jcf7180000414593_13501_14100	HELPU_019231	-1.40125314768325	1.762484397442	17.0627689021085	0.000515706352745778	0.0126889634479783
jcf7180000395356_15201_15400	HELPU_019234	7.41600199523837	3.71705379227153	29.717700599332	4.27944386074153e-05	0.00311071345776953
jcf7180000416669_44901_45000	HELPU_019272	-1.28409917543051	0.434010861590998	11.5794752385992	0.00281435437043085	0.0336340417765843
jcf7180000365102_31201_31300	HELPU_019275	7.74777109948034	1.86092560452722	13.0258983894899	0.00200086347521235	0.0274605329475154
jcf7180000350368_17001_17100	HELPU_019276	-2.74725310147649	1.25134957575898	18.5395543954996	0.000343017758483078	0.0100706793264691
jcf7180000365280_11001_11100	HELPU_019315	-5.2480117871579	-0.350475124874577	12.2255836560028	0.00392570454805383	0.0410244259084338
jcf7180000363248_11501_11700	HELPU_019320	4.92891834186504	0.497983424682366	18.5492525590487	0.000342115863754815	0.0100565702491482
jcf7180000357951_13001_13200	HELPU_019333	-1.77452194217451	1.02691993903849	18.9193319833967	0.000308954254534554	0.00949901677367632
jcf7180000357216_23101_23200	HELPU_019337	5.98112009630788	0.405903075589733	30.1363956411844	2.24061579805882e-05	0.00213758082409193
jcf7180000352029_35601_35800	HELPU_019348	3.33164812464592	0.169174297731286	20.5335760873491	0.000202551319160025	0.00747426007579997
jcf7180000352538_11101_11200	HELPU_019349	2.57366490340027	0.413830394090844	20.557792863488	0.000201294347981129	0.00745103853827745
jcf7180000417877_73501_73700	HELPU_019353	1.78684778867968	1.22674840522523	27.8426381066094	3.61956769872166e-05	0.00283848389926767
jcf7180000347328_26201_26400	HELPU_019354	-1.19611581100497	1.58750771309503	10.0748176808083	0.00476035486838357	0.0461000023543981
jcf7180000350844_27601_27800	HELPU_019358	4.92891486678244	0.50457610799332	19.1089425852424	0.000294245103857649	0.00925696630518503
jcf7180000371441_701_1700	HELPU_019378	5.71124195520484	4.93130936186715	37.2501755646972	5.73474348502884e-06	0.0010272578938001
jcf7180000371441_5701_6300	HELPU_019379	1.74257001335329	4.64939871756867	44.2580322826066	1.75131333767298e-06	0.000508987970724907
jcf7180000422320_7201_7400	HELPU_019380	6.41437210592584	1.55957575715443	16.6651045785476	0.000578618522374941	0.0135448586261161
jcf7180000372804_8801_9300	HELPU_019381	2.1219302751401	1.42506076084135	11.9850486027507	0.00245785713132724	0.0310074311224087
jcf7180000420457_129401_129600	HELPU_019395	-1.15420860508615	0.788418691797887	10.9711855067272	0.00346747116937343	0.0381326736921912
jcf7180000358262_15701_15800	HELPU_019407	-2.52878134135391	0.446783973946536	10.099963373992	0.00519824217134155	0.0486984204999033
jcf7180000350044_24201_24300	HELPU_019410	3.96633385273645	0.672880305531185	18.1982761369137	0.000376489116394541	0.0106159330716223
jcf7180000366148_3101_3500	HELPU_019415	2.93580434562883	0.250090781865566	15.2508458710399	0.000875604683221177	0.0170262608690422
jcf7180000375009_10801_11200	HELPU_019427	3.5535696204201	3.19882749011251	12.7738055385733	0.00189536723856518	0.0265859134202012
jcf7180000418217_21201_21400	HELPU_019445	-1.95909741290737	0.272524886963217	24.2059328976538	8.20217398751328e-05	0.0044235060981387
jcf7180000387543_6501_6600	HELPU_019458	5.67092619541328	-0.694865545728878	13.7611043354439	0.00209006274408555	0.028183459881203
jcf7180000354418_27701_28000	HELPU_019467	-1.34925287677537	0.740781110885181	13.339628923172	0.00157782913342652	0.0239131521298572
jcf7180000417950_82501_82600	HELPU_019477	3.67442791818689	0.649920702903924	14.4194349327766	0.00112680565059202	0.01967689781108
jcf7180000354520_9201_9300	HELPU_019492	4.87213138744137	-0.0661757716859451	15.6547916288414	0.00101507798760013	0.0185495561282598
jcf7180000370507_17901_18100	HELPU_019511	4.90696217928163	0.581312097537144	15.6194159934812	0.000784625851767076	0.0160090990055272
jcf7180000353101_20801_20900	HELPU_019518	2.02683247863463	0.872632747137028	10.5868700279884	0.00396980478000473	0.0413235671508364
jcf7180000352573_56401_56600	HELPU_019525	3.53523379760819	0.0337716479355826	10.5087476925249	0.0040806632043396	0.0420042670058134
jcf7180000358173_7301_7500	HELPU_019526	-2.16952766655084	-0.00421344240201206	15.6191148386648	0.000783448145834286	0.0160013839565698
jcf7180000352740_14301_14600	HELPU_019537	-3.54813396277773	1.15913390659008	54.8943464221739	3.69275976475957e-07	0.000215418757869815
jcf7180000354488_41201_41400	HELPU_019544	-1.48749506426304	1.79817742138186	13.6610459940273	0.00142685825330462	0.0225360203429436
jcf7180000352405_16301_16400	HELPU_019549	7.21478485046412	2.45503226088106	16.5404194630336	0.00114872198352356	0.0198917865550628
jcf7180000419007_10001_10100	HELPU_019550	5.86916483633605	1.96656988645124	10.1616863138739	0.00461650856332108	0.0452452591365737
jcf7180000418557_49001_49500	HELPU_019562	1.23905126849328	1.76914872236838	10.4475775044492	0.0041684024886369	0.0425371302011275
jcf7180000421965_54601_54700	HELPU_019574	4.03886348321032	-0.182385872850354	13.509320744981	0.00149694401777948	0.0231965583304763
jcf7180000348869_63301_65500	HELPU_019582	-3.50465343770292	3.41461228288598	10.1358013999451	0.00465950110679946	0.0455062371630267
jcf7180000354525_30401_30600	HELPU_019586	-1.932037558287	0.767426091470355	18.0789447402448	0.00038836682820871	0.0108015847360635
jcf7180000354032_19201_19300	HELPU_019597	3.90043968031832	-0.495789091640807	14.869949245398	0.00106121934250132	0.0190344963751409
jcf7180000368412_9401_9700	HELPU_019622	2.22056148767271	1.93538783111341	18.2687503034371	0.000369292407921436	0.0104820570335525
jcf7180000374865_701_900	HELPU_019637	4.38596309623055	1.3646111849174	14.7320456976334	0.00102404533579442	0.0186256559146492
jcf7180000367403_3801_4200	HELPU_019638	5.29150135427859	1.8274057723163	71.1139537871815	5.04672404293327e-08	7.31014178951216e-05
jcf7180000351335_34801_34900	HELPU_019642	-3.12023675404822	-0.035625553525288	13.404999008104	0.00154734049741631	0.0236423821963866
jcf7180000417342_18301_18600	HELPU_019649	-3.9766402033289	0.566641037970419	26.9389193888318	4.42129229398769e-05	0.00316990610235297
jcf7180000360250_20901_21100	HELPU_019680	-7.49556304369751	2.00006754829503	24.2798442727758	8.08327337926545e-05	0.00439217035412744
jcf7180000360250_42101_42300	HELPU_019681	-5.87668899484032	1.7038947935657	22.5184270095327	0.00012316783410725	0.00556795978848443
jcf7180000419511_9001_9300	HELPU_019683	1.26400156519372	0.87904140848664	9.90199622587684	0.00506424667286929	0.0478962186485036
jcf7180000361149_6601_7000	HELPU_019701	2.9701577107337	0.825713207878601	15.8318922446178	0.000736958055339811	0.0155073408397625
jcf7180000362362_3601_4800	HELPU_019712	4.38755881913639	1.57419030351694	12.0536748236683	0.00240220793455908	0.030573067681598
jcf7180000389436_5901_6300	HELPU_019718	1.66651998426626	1.5919207221499	11.6083267016021	0.0027899592395378	0.0334443649076376
jcf7180000368592_18001_18300	HELPU_019720	-2.86012106616248	0.302734941689463	18.8717394826193	0.000313566092864909	0.00957809483641008
jcf7180000349509_18701_19900	HELPU_019722	2.24198580159847	3.63815592594395	11.1780855924423	0.00323145145076327	0.0365377761206289
jcf7180000369524_5001_5200	HELPU_019726	1.78684778867968	1.22674840522523	27.8426381066094	3.61956769872166e-05	0.00283848389926767
jcf7180000351697_31401_31600	HELPU_019730	7.53572654697284	0.729598408876319	35.0519540848004	1.31641171150479e-05	0.00161134981748369
jcf7180000353898_21801_22000	HELPU_019755	1.68312790282548	0.945156549337323	14.6581862984232	0.00104659953088847	0.0188872595494021
jcf7180000356367_39401_39600	HELPU_019760	-1.56647938535596	0.0981669232648792	10.6272917757556	0.00391002836429093	0.0409326791444382
jcf7180000417539_19101_19200	HELPU_019770	6.29251848679256	1.15038481193341	26.9538057461117	4.40683355424583e-05	0.00316499494359043
jcf7180000358268_2701_3000	HELPU_019771	-3.05215565304651	2.32689236143897	49.311030213943	8.13252064539587e-07	0.000329007555211695
jcf7180000355107_5701_5900	HELPU_019773	-2.45865209072453	2.88480076015736	64.3389812322555	1.09737018463719e-07	0.000110286473640378
jcf7180000350116_7801_8200	HELPU_019778	-1.46519303708016	0.805339852751666	13.7689171673876	0.00137737649751534	0.0221396127552593
jcf7180000356413_18201_18400	HELPU_019797	3.18061443309506	0.835525126094653	9.93532078583301	0.00500795093166528	0.047541175974549
jcf7180000416431_19001_19200	HELPU_019798	-1.2725367814541	0.876387123445157	10.9305920005093	0.00351669865135246	0.0384662595093331
jcf7180000349648_9301_9800	HELPU_019802	2.44863499176426	3.61744891087929	20.0825540746031	0.000227617276401156	0.00800144006231637
jcf7180000367501_20401_20700	HELPU_019805	-3.16823213762339	0.351931376149184	14.5622334002476	0.00126158990574933	0.0210235869172716
jcf7180000356063_40801_41100	HELPU_019815	-1.93216846240509	0.283824197174939	13.7494248276023	0.0013877119064862	0.0222231307954665
jcf7180000359916_29301_29500	HELPU_019824	-2.63064088794739	0.664178408919863	22.7086575694023	0.000117587009714636	0.00543052151427509
jcf7180000348452_5101_5800	HELPU_019827	-1.16063822208526	2.37035974164327	18.7524463129082	0.000323161288164958	0.00974133006579924
jcf7180000419200_39101_39200	HELPU_019830	5.64564352342828	1.81978651668231	14.982770634956	0.00111666066162397	0.0195885450347238
jcf7180000365240_13201_13400	HELPU_019844	-1.33772859840964	-0.0109587358580508	10.8046928045385	0.00457319248868393	0.044976164177563
jcf7180000363533_16601_17300	HELPU_019846	-1.57970821088226	2.99434435363283	16.1781476756921	0.000665984576739496	0.0146995426032029
jcf7180000365185_37001_37400	HELPU_019852	2.72410966493759	0.836481645592661	22.8419833724844	0.000113841904047232	0.00533759945171658
jcf7180000347210_3601_3800	HELPU_019854	-2.4805340789869	3.95540820731991	21.52938781316	0.000157314464078341	0.00646621972622168
jcf7180000365134_23901_24100	HELPU_019858	-3.61510896634415	0.278222161930444	13.0647735257201	0.00172520333734497	0.0252079085488336
jcf7180000358215_15701_16000	HELPU_019861	-2.01992558987412	2.24462395280439	18.7740629300336	0.00032192561675399	0.00971635285879821
jcf7180000394496_5401_5800	HELPU_019873	-1.39292629351629	0.955377282437802	12.994080516842	0.0017627249829211	0.0254970117734192
jcf7180000382474_601_800	HELPU_019879	-4.70774942235678	0.00170073915619286	11.8712728527229	0.00308065055341832	0.0354783280151159
jcf7180000417692_32401_32900	HELPU_019891	-1.59873021062272	1.75583248761231	9.93335626725917	0.00501150559688477	0.0475646316115101
jcf7180000421774_50801_51000	HELPU_019896	-1.94295634758578	0.343930639585045	12.6947476241687	0.00194475468255727	0.0270114561856673
jcf7180000358933_10501_10700	HELPU_019934	-2.65347953521272	2.90520213664012	34.704980982537	9.14183883462789e-06	0.00131120153825036
jcf7180000363974_15201_15500	HELPU_019935	-1.48320152758096	1.26219112945163	15.1684245659359	0.000896133596846715	0.0172521076585572
jcf7180000396786_13201_13500	HELPU_019942	3.76024779316742	-0.231503385751741	15.3905921771059	0.000839804601615223	0.0166419477395076
jcf7180000349316_3101_3200	HELPU_019944	-2.67027142940421	-0.0366055737035533	14.8647924960709	0.000982669918171584	0.0181929543437484
jcf7180000359935_4201_6400	HELPU_019947	6.14388109235753	4.45192206303216	16.1792989762519	0.000665761561859682	0.0146995426032029
jcf7180000348926_35901_36000	HELPU_019953	6.04338565746517	-0.191637503152687	19.2549974464001	0.000353248206095992	0.0102453796174614
jcf7180000360630_59801_60000	HELPU_019966	3.52710476390093	0.250936220199247	37.0388770731984	5.95619489221408e-06	0.00104376447372687
jcf7180000421243_10801_10900	HELPU_019970	4.4151811838792	0.352698590100021	17.0561812996249	0.000517590268822321	0.012722135092711
jcf7180000419373_1801_2100	HELPU_019971	-5.02929585233454	4.16351038042995	12.3046570320026	0.00221025929883978	0.0290896304749396
jcf7180000354681_32901_33100	HELPU_019976	-1.87660875993854	1.96042039770235	22.0036205763979	0.000139791216108135	0.00601237243691955
jcf7180000421450_12201_12500	HELPU_019980	1.24925980529254	1.88092877604599	10.1871536499306	0.00457463911112179	0.0449818149633576
jcf7180000419199_15601_15800	HELPU_019986	-2.89406933745361	3.95925422228917	15.4145012000883	0.000833843197908293	0.016563479652033
jcf7180000419199_21101_21400	HELPU_019987	-2.64000546865885	4.01996517148792	16.3456021114476	0.000634397477546063	0.0143088878101493
jcf7180000363842_21801_23000	HELPU_019989	2.5185918681765	2.08548639353423	28.7632298049762	2.9829616634129e-05	0.00255579048868192
jcf7180000349618_11801_12000	HELPU_019996	2.6236305958803	2.90410049419034	17.4885775732137	0.000458259626488326	0.0118893052568996
jcf7180000393830_21701_21900	HELPU_019999	4.83473234636489	-0.363098590418835	20.0992477198094	0.000286195822178916	0.00911577539905369
jcf7180000364080_22801_23000	HELPU_020003	-1.5921118287718	1.96150931566467	11.7176863858354	0.00268869726060336	0.0327207465271431
jcf7180000360324_33301_33400	HELPU_020016	4.44669541989753	0.401860958685492	16.1095295244447	0.000740337590217213	0.0155532253889648
jcf7180000355890_72001_72200	HELPU_020019	-2.20977587520087	1.2962109774055	12.6930970432814	0.00194580087003175	0.0270194359722976
jcf7180000355890_77201_77500	HELPU_020020	4.08842404676406	0.491607512259695	14.5847712118155	0.00107110523841349	0.0191291595038696
jcf7180000361519_16201_16300	HELPU_020021	3.37139099663597	-0.378014442184535	20.2183026406383	0.000219249124713933	0.00782105697977128
jcf7180000361519_22901_23100	HELPU_020022	-1.8223309367157	1.25950614142691	13.8094800677903	0.00136178953879342	0.0219873426784633
jcf7180000350366_4601_4700	HELPU_020044	-5.02782227496577	0.863125358592905	17.5100119959729	0.000555021327044991	0.0132610188222819
jcf7180000354278_16401_16500	HELPU_020060	3.1589316652516	1.8357667080519	44.5498949820027	1.68068131065984e-06	0.000498528772093137
jcf7180000354278_55101_55900	HELPU_020061	2.03453608339671	5.11463030685738	27.7491308787115	3.70513414431178e-05	0.00287384360790764
jcf7180000355349_1701_1900	HELPU_020073	7.20743838360238	1.83493279704195	17.6627727846613	0.000671724950623283	0.0147652093978271
jcf7180000352224_55201_55500	HELPU_020077	-1.60407968093205	0.0852895009578631	11.6313810528105	0.00276528027788943	0.0332601607705678
jcf7180000356475_8601_8700	HELPU_020079	6.16606891443624	0.519933600718477	22.3414816554469	0.000167496729689008	0.00669208896563445
jcf7180000354687_33901_34400	HELPU_020083	-3.25334482967455	1.76688562581141	50.527489091951	6.81135241477106e-07	0.000302005454815113
jcf7180000395243_10401_10600	HELPU_020106	2.75494295774572	-0.0909638731009409	17.1111987948551	0.0005095013041742	0.0125942874077006
jcf7180000362471_10001_10400	HELPU_020115	-2.49127091092366	0.265456811778882	11.7355498738832	0.00267254681545755	0.0325948293255721
jcf7180000347172_5901_6000	HELPU_020118	-2.99521167245311	1.35540261299304	14.1911482502496	0.00120904879586563	0.0205175069949179
jcf7180000417862_68301_68400	HELPU_020119	2.42415959021732	0.0792198151355646	17.7300465521305	0.000428229019596701	0.0114547612109348
jcf7180000418895_27201_27600	HELPU_020122	5.61174489999461	0.750724061461957	52.1438910651095	7.33132296681696e-07	0.000314354617277916
jcf7180000360171_13201_13300	HELPU_020125	6.42099165811723	-0.451397985610259	12.0553339142523	0.00372461585881994	0.0398071099475455
jcf7180000363551_8901_9300	HELPU_020128	-2.17443703982386	1.05288134562538	16.1406004800419	0.000673303152480722	0.0147745500693784
jcf7180000362303_7201_7800	HELPU_020136	-2.06582148310108	2.31446666614305	13.2668597743268	0.00161698574427769	0.0242829327204019
jcf7180000373838_1901_2200	HELPU_020138	-5.32663835367107	0.397595333783098	50.7585582351698	8.86768519834005e-07	0.000348281996030997
jcf7180000371008_17601_17700	HELPU_020141	6.78677933722617	-0.112926941732665	14.4029767213777	0.00175413194395751	0.025447111780634
jcf7180000355764_22201_22500	HELPU_020142	3.07731452141428	-0.0855220535646461	13.231149614568	0.00163554906543883	0.0244514542599535
jcf7180000393406_23501_23600	HELPU_020143	6.32357865291816	1.46734810972699	11.4495299336128	0.00352170936174192	0.0384975439796829
jcf7180000413624_15601_15700	HELPU_020147	-3.73551316176016	1.9196855924292	45.8294215120215	1.3755488015431e-06	0.000441450205342715
jcf7180000414086_57101_57300	HELPU_020153	4.73417659097511	-0.303948528952044	13.2538742827157	0.00162370891834281	0.0243392335332937
jcf7180000356453_18201_18600	HELPU_020155	-1.89461640932709	0.161828546985674	14.5496786065578	0.00143306833818304	0.0225834519332844
jcf7180000354130_11901_12400	HELPU_020169	-2.74436348503952	2.29634133788572	36.3181761913064	6.78533686926692e-06	0.0011121675513746
jcf7180000349774_5601_5700	HELPU_020170	-5.68927072572244	0.91142615623258	14.7795891394312	0.00100934506821844	0.018487036325996
jcf7180000353971_17901_18200	HELPU_020171	-1.28157632159545	1.53858595549976	16.6902461912407	0.000573471128185071	0.0134781302897903
jcf7180000353533_36501_36600	HELPU_020174	-5.12364185997863	0.747466196823747	71.8458293627149	4.6503973429253e-08	7.08921509906796e-05
jcf7180000394334_31101_31200	HELPU_020178	-4.10267317860769	0.0614767669705719	19.8497920524151	0.000304401518471952	0.00941462193406389
jcf7180000372927_15001_15300	HELPU_020193	-1.7673147454527	1.69936116356502	17.3588127203839	0.000475236013985028	0.0121362719131321
jcf7180000347280_22301_22400	HELPU_020203	4.73514602984289	1.56024024179329	32.2946302492803	3.36783874959638e-05	0.00272266426624511
jcf7180000352571_33501_33700	HELPU_020207	-4.77627718964827	0.27787256405499	36.7332371854557	9.87062190633045e-06	0.00137592590160873
jcf7180000365086_28801_29000	HELPU_020216	-1.24778974141056	1.93002588615462	15.237973275669	0.000877632303654781	0.0170464005766304
jcf7180000363837_10801_11100	HELPU_020220	-1.40209309651816	2.56378816068643	19.4787246380199	0.000266133955158573	0.00874628857493069
jcf7180000365194_21401_21500	HELPU_020222	2.7345268203932	-0.182019248842598	10.072561783516	0.00499156109259278	0.0474480526114265
jcf7180000358443_27401_27600	HELPU_020223	4.0133851468483	2.74061338770748	56.2608000807286	3.07424879428436e-07	0.000194381425916222
jcf7180000358107_44101_44500	HELPU_020228	-1.41990483032566	0.68903701650413	10.0796675620465	0.00475321255301794	0.0460565865982351
jcf7180000350724_2601_3400	HELPU_020230	-5.8527835432345	1.78414831789988	38.9799983657142	4.22781989897586e-06	0.000856408606933493
jcf7180000392883_6001_6300	HELPU_020234	1.99689709358906	1.81738461579078	23.1567462082711	0.000105509232797433	0.00510743502154306
jcf7180000413839_54701_54800	HELPU_020239	6.57452888006426	0.429722352966205	15.8690491829706	0.000868223754789617	0.0169413941966841
jcf7180000396666_16801_17100	HELPU_020243	-1.73548537263092	1.82591473874512	16.6115580213085	0.000587398922656033	0.0136663886946308
jcf7180000354268_14201_14400	HELPU_020244	1.58284958395674	1.82817468873058	18.3476183114086	0.000360714572077939	0.0103614205532899
jcf7180000358225_18501_18800	HELPU_020245	2.93622896093767	2.41795250212005	16.6423652655872	0.000582403955192943	0.0135906594652494
jcf7180000393400_9901_10100	HELPU_020247	3.91837173778846	2.70059181097398	14.0186795425129	0.00127558722700874	0.0211476071298031
jcf7180000352276_23801_23900	HELPU_020248	2.53438695088073	1.22396731686143	16.4448940951478	0.000616451664053047	0.0140834779503881
jcf7180000366700_14601_14700	HELPU_020250	6.20711793766439	-0.554893984136809	13.2667861291422	0.0020091344129224	0.0275199819468282
jcf7180000370372_5301_5700	HELPU_020253	2.95326236663008	0.712487266568143	23.8053923043829	9.0382779034417e-05	0.00467631290651932
jcf7180000376707_33801_34100	HELPU_020263	3.02529332031847	0.679930129383203	18.8890737418236	0.000312107737790327	0.00955188407010043
jcf7180000354039_34901_35300	HELPU_020265	4.13170398824998	1.72631068466213	24.1912590306659	8.25278519658829e-05	0.00443826606365602
jcf7180000348672_3501_3900	HELPU_020266	1.65825982320628	0.441341739492823	15.3576637310336	0.000846772537618537	0.0167029569044753
jcf7180000367128_39701_39900	HELPU_020275	3.31810470769716	2.41478241889303	12.6660978724712	0.00196300250906895	0.0271634822776507
jcf7180000417604_32801_33200	HELPU_020278	1.75303136343736	3.34823055525	23.5115235681426	9.69180859749359e-05	0.00487187725720305
jcf7180000417932_26301_26600	HELPU_020314	-1.14148227288352	1.53659526390042	15.6726779320059	0.000771131481221286	0.0158619006360434
jcf7180000393275_10201_10300	HELPU_020324	6.84890009286488	1.84539168396913	26.5387895113007	4.83020301053984e-05	0.00333132809463014
jcf7180000374552_16401_16500	HELPU_020328	2.22337393436544	0.641700507070894	21.1644677783037	0.000172250892016732	0.00680531961927076
jcf7180000366826_10301_10400	HELPU_020344	4.64831598652877	0.529195361428376	24.9910789312433	6.85338519450999e-05	0.00401266263513474
jcf7180000417906_31501_31900	HELPU_020363	2.20604653937982	0.809684906837376	18.3212489901808	0.000364030002451845	0.0104070287965141
jcf7180000361516_25101_25200	HELPU_020365	5.99249684561255	-0.11139101441784	27.6993838094949	7.67548592626353e-05	0.00427307349447621
jcf7180000372685_15701_16100	HELPU_020369	-1.29872862290785	1.96692059756998	14.5511359646032	0.00108061471804905	0.0192194248379267
jcf7180000417468_40501_41100	HELPU_020392	1.26710083990961	2.05090312953899	11.8125453527462	0.0026022841219359	0.0320587943398424
jcf7180000422237_61301_61700	HELPU_020403	-1.30335181306454	2.04272617657331	13.3662367944327	0.00156521500637022	0.0237986961795096
jcf7180000391170_6101_6200	HELPU_020404	1.31808172759775	1.69048623878995	14.261077188695	0.00118149896010679	0.0202388136263684
jcf7180000420720_11901_12300	HELPU_020406	-1.309999171563	3.47030693447503	10.8409241734768	0.00363176786481371	0.0392201626593898
jcf7180000350305_19101_19400	HELPU_020412	-0.963676986857311	4.14838143254395	10.5623070748205	0.00400050992386381	0.0415314989475368
jcf7180000357215_45701_45900	HELPU_020423	2.17609090592707	1.50497105869282	12.5181490804496	0.00206030387390304	0.0279535151196261
jcf7180000347283_16801_16900	HELPU_020448	4.42671861343688	0.271289319652887	15.505349507096	0.000811614050845858	0.0163250124818558
jcf7180000416359_34101_34300	HELPU_020462	-3.13908809891008	0.84239275115461	10.2446836464097	0.00494528715771802	0.0471656684958431
jcf7180000393533_36901_37000	HELPU_020468	4.13221238038117	0.209252405729157	20.6366127199174	0.000197262402744233	0.00736941153395363
jcf7180000417437_73801_73900	HELPU_020472	-2.22670695206161	0.0581950286527423	12.1417633972168	0.00233281210435015	0.030075184435914
jcf7180000356466_38301_38500	HELPU_020482	-4.99042159822344	-0.0907856878025016	25.4083631715478	6.22879323123336e-05	0.00381216786077452
jcf7180000347707_46101_46700	HELPU_020495	2.24240318324843	2.15367531114258	19.7934575930012	0.000245474919522736	0.00837430261721517
jcf7180000361543_801_1000	HELPU_020499	1.76211256499012	0.98281479804232	13.0194248556292	0.00175057397232149	0.0254162775637441
jcf7180000372876_7501_7800	HELPU_020505	-1.04104173923109	2.03667075827575	12.3473019981272	0.00217681852956755	0.0288519377264404
jcf7180000418294_17801_18000	HELPU_020507	1.23122600195691	2.61604312504811	10.1718399961856	0.00459976465056196	0.0451416563240558
jcf7180000353521_35201_35600	HELPU_020510	-1.52429685648507	1.91947673047732	16.3192082284434	0.00063870298428129	0.0143641472737702
jcf7180000393842_29601_30000	HELPU_020519	3.56715008973205	2.13614337888714	17.3982870990482	0.000469999453115233	0.0120597331561041
jcf7180000360107_16801_17000	HELPU_020524	-1.22043120360949	1.89185532615454	9.79647791436808	0.00526525586967441	0.0490854388316641
jcf7180000413455_12101_12200	HELPU_020526	-5.71750447798495	-0.10682410239578	34.0113163543053	2.52750521083006e-05	0.00229751106005211
jcf7180000349396_9901_10000	HELPU_020527	4.43322681242784	0.744766573984374	24.4039881493589	0.000123527862624072	0.00557579572425413
jcf7180000395955_2701_3600	HELPU_020539	-1.37697375092053	1.64137332299002	10.1228089700785	0.00468124784458257	0.0456479945738202
jcf7180000382606_9401_9500	HELPU_020541	-2.03271283828276	1.5662017247143	22.9614590774632	0.000110597342510817	0.00524297666722042
jcf7180000350170_57701_58000	HELPU_020545	6.95322442432987	3.93798626633053	113.329675509312	1.07315373148754e-09	1.18653534532421e-05
jcf7180000348710_2501_2900	HELPU_020549	-2.46908795588694	0.808230360698825	13.6715550585319	0.00142214001130453	0.0224932963044838
jcf7180000347932_23401_23600	HELPU_020568	3.06360279904702	-0.204996829291012	11.1157632939882	0.00348060438676758	0.0382173990910327
jcf7180000420619_9701_10100	HELPU_020580	-5.9676497418808	-0.0625151729458262	11.397363819988	0.00358104530453747	0.0389184985400472
jcf7180000372532_23901_24000	HELPU_020583	7.73367322999533	1.86314137593362	32.8996325822952	3.04020053031767e-05	0.00258626527263825
jcf7180000393235_31701_31900	HELPU_020600	-1.54332542242008	2.17761661710308	12.1266389232954	0.00234456748924736	0.0301582686006628
jcf7180000421892_3401_4000	HELPU_020612	1.31215537142052	3.34724728480567	12.6760210173129	0.00195666081013184	0.0271065127254033
jcf7180000372514_29301_29500	HELPU_020615	-4.81873149397876	1.9745530661903	39.3197264638878	3.98644236138277e-06	0.000824422185013561
jcf7180000382957_7801_7900	HELPU_020623	-3.60864730753953	0.321062680172601	15.1007178596714	0.000915954321265686	0.0174588439726603
jcf7180000422205_62201_62600	HELPU_020626	-2.27889685065957	2.268728957632	47.7093434613626	1.02649702605895e-06	0.000380850341558272
jcf7180000368459_29201_29400	HELPU_020631	1.78672740426122	3.79886551304609	13.8532029462369	0.00134325386355602	0.0218195527917405
jcf7180000351389_57801_58000	HELPU_020652	2.93409543800583	3.00421107430933	10.7957433533786	0.00368947233994455	0.0395732659494195
jcf7180000375724_18701_18800	HELPU_020653	-4.62190430074097	0.00465289028253182	15.563203427737	0.000946208995227479	0.01778686720033
jcf7180000375724_23501_23800	HELPU_020654	3.32554916462189	0.0285739283136568	16.68057711651	0.000576058332380156	0.013511479271724
jcf7180000377941_9001_9700	HELPU_020659	2.03142430413822	1.66719022860472	13.9593656170541	0.00129939840377357	0.0213812136840151
jcf7180000363970_22401_22600	HELPU_020691	0.947873775728543	1.67685403019051	10.8897306233777	0.0035670351167476	0.0388300078817523
jcf7180000349068_30001_30300	HELPU_020695	-1.53086796178843	1.71525166190252	17.9321619008174	0.000404693454662279	0.0110809222208639
jcf7180000358239_19801_20100	HELPU_020706	7.03115593372621	2.42652838164378	24.1224784001687	8.38710258918627e-05	0.00448021751830074
jcf7180000371082_14301_14500	HELPU_020709	1.85967515502865	0.406398396579865	10.4870997087513	0.00411198739134957	0.0421936966652407
jcf7180000394128_14701_15000	HELPU_020726	2.040253191731	3.34788134185003	57.111767341889	2.7285830145227e-07	0.000182457879745632
jcf7180000351191_15101_15200	HELPU_020729	5.7032132940961	0.752770056297733	40.3902445876328	3.31978199790194e-06	0.0007311593087558
jcf7180000394569_5901_6100	HELPU_020737	3.18061443309506	0.835525126094653	9.93532078583301	0.00500795093166528	0.047541175974549
jcf7180000359622_65901_66400	HELPU_020752	1.8946044992903	0.818995222420857	13.7053908084842	0.00140706567134697	0.0223776568043809
jcf7180000358176_51301_51600	HELPU_020756	2.82478543249164	3.68069044676306	68.7257635005183	6.55730868804909e-08	8.55517320396816e-05
jcf7180000394194_9301_9400	HELPU_020758	-6.81752744631742	1.86366544529765	80.9023775678033	7.02717975920355e-08	8.82795621442718e-05
jcf7180000414577_7001_7400	HELPU_020765	1.25863082214653	3.07211471945164	10.8448993089625	0.00362673898456649	0.0391947956609252
jcf7180000393579_1_100	HELPU_020779	3.18061443309506	0.835525126094653	9.93532078583301	0.00500795093166528	0.047541175974549
jcf7180000349240_112301_112500	HELPU_020781	3.60065465522615	-0.446569553769561	11.7839422966702	0.00262933256993185	0.0322670025710313
jcf7180000347155_4901_5400	HELPU_020786	0.7470641440104	2.87821457913152	11.3568773385677	0.00303603985874827	0.0351807463296893
jcf7180000418060_53801_54000	HELPU_020798	2.9210501257614	-0.14114512388708	13.7593867725549	0.00138337441009591	0.0221893813160408
jcf7180000369141_5001_5200	HELPU_020820	3.09424854310755	-0.20343909245751	23.2419815366961	0.000103105642192559	0.00504530297031042
jcf7180000365091_10201_10300	HELPU_020851	6.71275093491531	-0.576273125678275	30.7800419611379	4.3575417693161e-05	0.00314149916023132
jcf7180000363761_4301_6300	HELPU_020857	-4.78551171013405	4.98195872656744	14.6228065409847	0.0010587266132003	0.0190133969865613
jcf7180000379236_7101_7500	HELPU_020860	-1.66916419328598	3.22148472774313	12.5957930164473	0.00200859028973018	0.0275143110415657
jcf7180000359934_21201_21500	HELPU_020871	-3.2973872843354	1.2256730423086	50.4410325104185	6.85738000428537e-07	0.000302640798534275
jcf7180000363184_31101_31500	HELPU_020901	2.94142536277612	0.936101600284082	11.4219719975396	0.00313975224379901	0.0358905621556699
jcf7180000352415_8101_8300	HELPU_020903	6.68398658041988	1.37955395960105	80.0784430956211	2.07171452236219e-07	0.000156295836457009
jcf7180000360903_3001_3100	HELPU_020904	-6.65093203913576	-0.585545809151813	15.38692768502	0.00201469662429301	0.0275643757289752
jcf7180000413361_54701_55300	HELPU_020910	-3.71478060220372	3.1934926735736	36.9866127028013	6.01241174495386e-06	0.00104943148011694
jcf7180000377670_16201_16600	HELPU_020917	-2.81600524774915	1.40257382970414	10.6030244588773	0.0039473005528209	0.0411761965187185
jcf7180000383337_6601_7000	HELPU_020938	0.980112322961656	2.92672373947422	16.2569883742628	0.000649812438386211	0.0145069234052726
jcf7180000347974_12001_12200	HELPU_020941	-3.41604701347404	0.0622462936060678	12.6938271222752	0.00194533804732459	0.0270150779062055
jcf7180000357861_45201_45700	HELPU_020979	1.63012257003342	3.84705340996167	12.524586126361	0.00205596100147213	0.0279269388391719
jcf7180000362350_21901_22100	HELPU_020985	2.74718326629982	1.24677786031767	18.317933855464	0.000364359848142267	0.0104089069293902
jcf7180000422214_36501_36700	HELPU_021001	-9.82495630749196	2.23344198042553	18.68908207053	0.000522366897235405	0.0127876193957565
jcf7180000357244_12101_12500	HELPU_021029	5.46356710881506	3.3545657749074	79.822552871604	2.00138231897947e-08	4.37595369067429e-05
jcf7180000354479_39401_40000	HELPU_021044	-1.66635995966417	3.80946193993938	15.5951782297466	0.000790276477853185	0.0160821684349594
jcf7180000415111_7301_7500	HELPU_021057	2.83760987313466	0.324848367887657	10.3429179200574	0.00432755239650783	0.0435120528758574
jcf7180000352560_16401_18000	HELPU_021087	-2.49051419392023	3.38008218309688	20.5450312228512	0.000201955664948208	0.00746409842287966
jcf7180000363041_11801_12100	HELPU_021088	-3.23262755368966	1.79161986468699	53.8271590859741	4.2760039125508e-07	0.000234794642705645
jcf7180000392964_10201_10400	HELPU_021091	2.29182915303713	-0.0123677099377878	12.3782386460538	0.00215472330910632	0.0286877591811934
jcf7180000417664_49001_49300	HELPU_021094	2.40944695267671	2.35962677020173	14.3823914770052	0.00113971978882886	0.0198059222009691
jcf7180000365174_17401_17600	HELPU_021095	1.60719706959134	0.309298965432889	9.79889308801359	0.00526116445361395	0.0490634076026524
jcf7180000390028_7301_7500	HELPU_021096	1.76948705934774	1.09180004781296	20.5342135180657	0.000202066102250098	0.00746513446010433
jcf7180000375026_6301_6500	HELPU_021097	5.141116675849	-0.0735992342617734	37.2912334317823	8.94587548014581e-06	0.00129280538655486
jcf7180000355736_27401_27600	HELPU_021099	2.13654927047135	2.41915523344755	16.8413080033797	0.000550190116607399	0.0131951188587045
jcf7180000374907_2201_2500	HELPU_021107	4.97820439644571	1.09477914472015	25.4095837820341	6.22706084197237e-05	0.00381216786077452
jcf7180000356467_4801_4900	HELPU_021122	5.9168171327651	0.32435031059121	14.8513227280623	0.00139922693699632	0.0223199138941327
jcf7180000416291_37601_37700	HELPU_021124	7.78626005417175	0.0395604702925365	26.4208176889571	8.13035589605437e-05	0.00439898792645086
jcf7180000418579_27301_27600	HELPU_021127	5.55758927376819	2.26452138078313	33.8227029733062	1.080244488785e-05	0.0014485542518222
jcf7180000394213_36701_37200	HELPU_021135	-5.90356049387638	3.76875356862143	28.4038615908495	3.21941828249768e-05	0.00266394278243992
jcf7180000414426_6501_6900	HELPU_021137	-1.87730846106154	0.710709906996327	19.4362480340684	0.000269144470761967	0.00880628779151678
jcf7180000352886_7101_7200	HELPU_021157	-3.32819414331542	-0.500346107161472	10.0027621424141	0.00488331542292625	0.0468100291057105
jcf7180000349361_9501_9700	HELPU_021158	-1.14825435013638	0.764425604591458	11.9361877053157	0.00249555912067914	0.0312834483898098
jcf7180000350542_34401_34600	HELPU_021161	-1.62075211737039	2.79851988015482	31.236158641151	1.78569343486763e-05	0.00188387039951687
jcf7180000365089_6801_7000	HELPU_021162	-1.389985270277	1.81214841027642	15.5485626184472	0.000800004319436593	0.0161812775818627
jcf7180000358052_48601_49000	HELPU_021164	3.49701543838385	1.91593745457526	11.5661455636254	0.00283014072023401	0.0337340289668941
jcf7180000396917_13501_13900	HELPU_021178	1.72855106357141	0.19182703696904	19.3943060135509	0.000272154000433071	0.00886929729002653
jcf7180000353456_30601_30700	HELPU_021197	2.77187931979345	0.764092473432848	19.6241620890445	0.000256646460516291	0.00856465987956423
jcf7180000394929_901_1000	HELPU_021198	-3.86512007181775	0.102734169694008	11.1446881926985	0.00326883488913532	0.0367963281898355
jcf7180000349793_28901_29300	HELPU_021202	-2.1209238078229	0.817744569875215	22.8341075117924	0.000114059443473737	0.00534337837126953
jcf7180000353674_14201_14500	HELPU_021211	-1.49625802181786	1.36859735227585	16.3210884924676	0.000637841990318937	0.0143526724613938
jcf7180000357278_2401_3800	HELPU_021215	-1.62842347859328	3.4659929916951	16.8534993773039	0.000548281004376942	0.0131699534699519
jcf7180000392824_69401_69700	HELPU_021222	2.51743486855645	1.55329839003595	20.3728149717034	0.000211118390368973	0.00765927893580923
jcf7180000420603_11301_11400	HELPU_021233	6.47891197212185	0.242257465761705	27.3330925818404	0.000126815986102969	0.00566492864184575
jcf7180000358097_22601_22700	HELPU_021234	-4.05536279871534	-0.140672236175469	10.6344208521445	0.00524933829791073	0.0489884080755792
jcf7180000396656_16701_16800	HELPU_021236	4.31732822982489	-0.302631858472472	12.012445171426	0.00243547169873617	0.0308266806854166
jcf7180000394091_32001_32200	HELPU_021238	5.01818296418332	2.72593382925932	12.828478100376	0.00198501883786116	0.027318836506061
jcf7180000355926_35901_36700	HELPU_021243	1.15619683017489	2.80222191336829	16.9479701525974	0.000532791706224532	0.0129439567876347
jcf7180000352467_67401_67700	HELPU_021259	3.69728641548184	-0.47866061350495	12.4480157931049	0.00210828462536836	0.0283214351557256
jcf7180000363859_1601_1900	HELPU_021266	3.05539071606792	-0.14777863122826	15.3077426106663	0.000860829303010583	0.0168672017220832
jcf7180000414915_27801_28000	HELPU_021271	1.82389326491659	1.11694748626068	15.1840985076346	0.000893296472925382	0.0172179539622217
jcf7180000362866_7001_7200	HELPU_021285	-2.61423129173707	-0.283088002644137	10.8447497993316	0.0036265803824492	0.0391947956609252
jcf7180000370471_12901_13200	HELPU_021286	1.2406893539594	2.13863422834503	12.7589661821952	0.00190220525084984	0.026646595754153
jcf7180000355327_12101_12200	HELPU_021290	7.2402925869049	3.21526453100115	16.5099049785626	0.00115719684049302	0.0199898932170494
jcf7180000420493_15601_15700	HELPU_021296	1.72126557101635	0.939358398773386	16.4044007974964	0.000622741241741907	0.0141666020130229
jcf7180000358221_8301_8400	HELPU_021301	5.99572692446419	-0.408557555336069	12.91976778189	0.00242047377320168	0.0307034585719401
jcf7180000418130_60701_60900	HELPU_021307	-5.06044143633065	0.851989718215069	14.2093473909367	0.00129346029113283	0.0213214750695387
jcf7180000370002_1901_2200	HELPU_021312	-1.48565331093702	1.11644107526362	20.3887248289004	0.000209787676216449	0.00762452160076753
jcf7180000349298_19701_20200	HELPU_021314	6.06219499478185	1.07463240601638	33.3384235231375	1.44517928448824e-05	0.00167865618618927
jcf7180000395144_10001_10100	HELPU_021316	7.40012064820619	-0.120588341097145	20.2468270251537	0.00113380852956497	0.019741846546973
jcf7180000418685_29501_29800	HELPU_021317	1.23021995796598	2.04788491960696	13.4333239145305	0.00153146948127614	0.0235077282483108
jcf7180000418548_17701_17900	HELPU_021360	-1.63784873950075	1.28350465224245	11.8025574763216	0.00261291598535979	0.0321401381484747
jcf7180000416241_53401_53800	HELPU_021367	-2.62165875030264	0.805761692549525	15.8714299939116	0.000728445984381727	0.0154176160473291
jcf7180000352915_34301_34700	HELPU_021377	-2.99976352354657	0.65669641480382	12.2116645187764	0.00227932348243276	0.0296336883075107
jcf7180000347828_37101_37200	HELPU_021394	-5.0425321159624	1.56372594965081	27.7327988407293	6.2607757838998e-05	0.00382112769114653
jcf7180000351504_10101_10300	HELPU_021395	-1.36990209313668	1.91821809289561	12.16856623629	0.00231213983207946	0.0299132410660971
jcf7180000354019_47801_48200	HELPU_021405	-2.35366946559523	0.214035921103785	12.7783797203705	0.00189255254147212	0.0265641182150037
jcf7180000365803_8201_8400	HELPU_021417	-7.69960112488538	2.76839170729469	31.4942487672618	1.70183928893605e-05	0.00183184036832802
jcf7180000359985_17001_17600	HELPU_021439	-0.853433683712198	1.66300561544626	10.1671545599123	0.00460334920474701	0.045163490900034
jcf7180000355433_26801_27000	HELPU_021453	-3.24126299938695	0.851059566563535	17.5565339526544	0.000449637239885372	0.011765781628782
jcf7180000347669_44001_44200	HELPU_021459	3.67848528811421	0.505166507747991	10.9403618909361	0.00369430490870591	0.0396037554681485
jcf7180000392723_8501_9500	HELPU_021462	1.80908848745074	3.619218814737	30.3629787909982	2.13151322578499e-05	0.00207519693651229
jcf7180000352846_31701_32400	HELPU_021470	2.56030949150046	0.685180989289304	21.5449041866	0.000156704211741752	0.00644826044336542
jcf7180000392876_21801_22100	HELPU_021487	-1.8921377707137	2.14601172006551	13.1889865855449	0.00165777103685056	0.0246605367322314
jcf7180000368536_7701_8500	HELPU_021488	2.25323911017761	3.25754251961749	28.2964795841254	3.29402445413756e-05	0.00269801985223123
jcf7180000350527_19901_20100	HELPU_021493	-1.57233245884964	3.08484958825069	19.8216366359595	0.000243668042003418	0.00834646092644259
jcf7180000359136_37201_37400	HELPU_021497	-1.11064974492167	1.6286655101645	10.619800657417	0.00392034191932942	0.0410024017719918
jcf7180000373936_6401_7100	HELPU_021499	-3.6349463469107	1.78664691193189	30.810595136046	1.95273295556093e-05	0.00198250301249601
jcf7180000359917_14901_15100	HELPU_021507	-2.27189692550109	0.619512509781404	24.6705247871083	7.35969563846657e-05	0.00419005275817743
jcf7180000359986_39201_39300	HELPU_021533	5.75544144963144	0.215285990754506	34.560210701583	1.15390437140162e-05	0.00150779820888435
jcf7180000365545_29201_29600	HELPU_021534	1.80073069121132	0.845695169477455	20.4679655148813	0.000205542534422751	0.00753043380750898
jcf7180000358771_27601_27800	HELPU_021545	-3.10048528983304	-0.1614037448557	18.893132618002	0.000311243052594419	0.00954173325756842
jcf7180000420655_17301_17400	HELPU_021548	1.53826784572037	0.188966946388692	10.3873479898796	0.00425588056493953	0.0430817848585946
jcf7180000394147_64701_65000	HELPU_021556	5.42473667282839	1.43885422964815	15.9326863107652	0.000715471820676737	0.0152728012695828
jcf7180000349800_16001_16200	HELPU_021558	4.03970477009407	0.531280579705582	23.7563051589756	9.14397651433957e-05	0.00470465557943729
jcf7180000349577_34401_35000	HELPU_021581	3.79168122960102	2.07360672292533	25.1589713552211	6.59414763907109e-05	0.00392914900315418
jcf7180000347309_2401_2700	HELPU_021587	1.07138886416729	1.51393619028639	13.9966488637135	0.00128260255337707	0.0212188550381772
jcf7180000393015_27201_27300	HELPU_021589	6.58118560136988	1.47016509719107	28.2036573902464	3.36005116761779e-05	0.0027198157291621
jcf7180000414290_22901_23300	HELPU_021594	-1.87332434918747	3.18299370732907	18.0926188310205	0.000387570390004633	0.0107923997761868
jcf7180000421670_21801_22400	HELPU_021621	2.42610518938437	0.063610639239091	13.010035880972	0.00175587813848949	0.0254577616731215
jcf7180000364093_11101_11300	HELPU_021625	-3.36516484582615	1.05177286296002	11.7783501798155	0.00263428651569808	0.0322973539864676
jcf7180000355325_401_500	HELPU_021630	4.77038275628579	2.2187923490309	10.8936428778686	0.00356569837576273	0.0388213580916296
jcf7180000350688_28401_28600	HELPU_021636	-0.998737815662887	3.13669442615219	11.7946453580592	0.00261700093019529	0.0321735653460833
jcf7180000389276_5901_6100	HELPU_021637	2.96420600679383	0.397390508164331	25.2395345300333	6.46400199879815e-05	0.00388107243693582
jcf7180000415776_29601_29700	HELPU_021640	5.95809531351393	1.73756522788696	13.2100188352829	0.00175983920669982	0.0254846681485856
jcf7180000349767_14101_14600	HELPU_021642	2.59561288244543	0.20643115021715	15.8383058672769	0.000735569832994505	0.0154935522856499
jcf7180000349767_53001_53500	HELPU_021643	2.17799130271786	0.753757886349088	24.5560537743101	7.56528491786077e-05	0.00424537572539692
jcf7180000351984_79101_79300	HELPU_021648	-1.26156475129165	1.58321139106755	15.3873011977463	0.000839317634428964	0.0166344514555631
jcf7180000421655_37501_37800	HELPU_021651	-1.39261621272411	1.62652566680521	9.91868618059718	0.00503813893700022	0.0477356315253072
jcf7180000421674_56401_56500	HELPU_021658	6.16857838986072	0.493337975221079	29.6566764150133	8.5456028566268e-05	0.00452631426537122
jcf7180000347531_10401_10500	HELPU_021666	6.67326482506933	2.5701266912055	13.2484268037856	0.00186864075032854	0.0263542845139767
jcf7180000370729_10901_11300	HELPU_021695	-2.15254574559459	0.241567168000362	19.0913040496647	0.000295576580261499	0.00928758909448365
jcf7180000361565_16601_16900	HELPU_021698	1.87319255926835	2.31381044681978	17.9756142188744	0.000400263636588553	0.0109988359395774
jcf7180000420944_26901_27300	HELPU_021712	1.79626295936193	1.17428736330531	10.6552301243283	0.00387553700513009	0.0407193835062471
jcf7180000365906_7201_7400	HELPU_021714	-2.8749486623217	1.30724259534982	12.7414369242226	0.00191541802111335	0.0267479614613345
jcf7180000393455_15301_15400	HELPU_021732	-2.79957739195646	0.878113442340438	10.6573561252435	0.00387264537736396	0.0407051048441295
jcf7180000372364_2101_2400	HELPU_021733	3.52119105997096	0.733067244895987	26.6039045700273	6.56566254403343e-05	0.00392196668508835
jcf7180000361079_30401_30600	HELPU_021746	-2.65788347635817	0.906221072354878	31.7104849089176	1.62764857442806e-05	0.00179203939950521
jcf7180000349467_60701_60900	HELPU_021752	2.93005292372583	1.56427594059203	26.7120324345976	4.64825573520551e-05	0.00326393343578409
jcf7180000394645_26301_26400	HELPU_021756	-2.46441316133809	0.0677618248337677	12.7416619667995	0.00191527781009998	0.0267473075238179
jcf7180000354562_56001_56100	HELPU_021757	-1.72215299194109	-0.000187861143452272	11.899790882872	0.00252617944921956	0.0314908822344785
jcf7180000394880_7701_8000	HELPU_021759	-1.53813294516569	1.05772275094665	16.7799732298236	0.000558931863410099	0.0133078284988333
jcf7180000394714_23001_23300	HELPU_021762	-1.95397056417978	3.40433538349253	26.8479356581267	4.51080641255249e-05	0.00319726985480864
jcf7180000418273_24701_24900	HELPU_021763	-1.91112934639352	1.80185060520998	10.1495316582466	0.00463664125328788	0.0453804628141291
jcf7180000350577_49501_49600	HELPU_021765	8.28537903945288	0.689410589365101	14.0795620936793	0.00191501977056075	0.0267473075238179
jcf7180000417543_27101_27300	HELPU_021773	-1.75413640860702	0.878721481896161	25.642948089144	5.88833216011503e-05	0.00369054117204654
jcf7180000377654_6601_6800	HELPU_021801	-1.64441739390807	1.56163756738297	12.0456802979992	0.00240861831726603	0.0306112303678844
jcf7180000353977_57501_57800	HELPU_021802	-2.5167935897748	0.381412051022163	13.8016452259131	0.00136514080398917	0.0220253689293428
jcf7180000377626_9301_9400	HELPU_021818	2.00156087678259	0.757824109203392	11.4911800404267	0.00306797242429696	0.03539091417807
jcf7180000416393_16601_16700	HELPU_021822	3.13391808486466	-0.148200025730138	12.2603668049715	0.00224285955030635	0.0293407671990211
jcf7180000361177_31101_31800	HELPU_021825	2.36419598071222	2.00997460826706	11.9124971248473	0.00251824720739448	0.0314303016633569
jcf7180000356415_9501_9800	HELPU_021827	3.06170817630735	0.643898713416161	17.8585589090961	0.000413423098243914	0.0112220941774744
jcf7180000419012_26501_26900	HELPU_021828	-3.03433367362022	0.814099934024873	13.4971526220491	0.00150272765127743	0.0232509600784595
jcf7180000416192_29301_29400	HELPU_021835	2.89062998988655	2.04736990109591	13.1800349273144	0.00166253187417104	0.0246968869581791
jcf7180000358051_11301_11400	HELPU_021844	6.73230474393797	5.29866941616965	14.0148295546781	0.00127711804570623	0.0211592486393741
jcf7180000360858_16201_16600	HELPU_021846	-5.06431567796743	-0.162817081892742	16.8512156739297	0.000824379102504207	0.0164626949168913
jcf7180000394304_25101_25300	HELPU_021867	4.11044066288357	-0.446633285879763	11.437043396939	0.00295716349020012	0.0346312644945437
jcf7180000370366_6201_6400	HELPU_021872	-1.57682250678484	1.01325804408187	12.1246257000904	0.00234613719461055	0.0301663060058644
jcf7180000358347_3601_3800	HELPU_021884	-1.41084956562626	3.68111781368056	20.4833608899698	0.000204728802437006	0.00751311424671674
jcf7180000354295_8901_9000	HELPU_021885	4.97640343342253	0.741524198067713	24.2765087658105	0.000181233005218514	0.00701993073494617
jcf7180000350320_21801_22000	HELPU_021887	4.63616430025993	-0.426007769191873	21.2605560913909	0.000336937373260272	0.00996674181667045
jcf7180000382825_19301_19400	HELPU_021892	6.99495462308135	2.8995473287372	11.855131956617	0.00256716110225661	0.0317863527369859
jcf7180000352756_62101_62300	HELPU_021893	-1.90349961670235	1.1270571044999	13.7370816052145	0.00139310710809162	0.0222769325742256
jcf7180000421339_10001_10200	HELPU_021896	1.86973437786765	-0.0600572187663611	16.1011197383956	0.000812274380920467	0.0163301186248035
jcf7180000348186_69101_69300	HELPU_021897	4.01370145880493	0.00395280321854603	12.0626211466342	0.00239505675699141	0.0305136963675286
jcf7180000361279_5801_6100	HELPU_021902	6.07848162219561	1.69595236010685	22.7336252306723	0.000133140822231252	0.00583552047272088
jcf7180000369716_401_900	HELPU_021922	2.64287028566416	-0.140666711391598	14.6622128625006	0.00104526754190731	0.0188734794145112
jcf7180000418893_23501_23800	HELPU_021924	-1.6140675460196	0.681543883638126	12.7188203899723	0.00192803683286212	0.0268641847260111
jcf7180000418194_27701_27800	HELPU_021925	6.01260402638388	1.2846934217505	14.476518870163	0.00110722057470197	0.0195003613049161
jcf7180000413773_53801_54400	HELPU_021926	3.03310777422499	0.360893445619569	15.5662381049547	0.000797082352455674	0.0161655389766212
jcf7180000366710_10901_11000	HELPU_021929	3.50376797044767	-0.198510098924918	12.8402141202963	0.00185495370097607	0.0262610993360839
jcf7180000353541_31401_31900	HELPU_021931	1.5734317753741	0.412479490736858	16.9019116718081	0.000539821415522538	0.0130579704909952
jcf7180000420939_11301_11700	HELPU_021936	1.83423618167725	0.558532311283041	14.202430580551	0.00120429127422715	0.0204654777038615
jcf7180000360285_3601_3900	HELPU_021941	6.07848162219561	1.69595236010685	22.7336252306723	0.000133140822231252	0.00583552047272088
jcf7180000378366_7801_7900	HELPU_021945	6.22503095269477	0.257577608426903	24.4525812285228	0.000104034460990126	0.00506945875434142
jcf7180000349180_53801_54000	HELPU_021951	4.61327472007691	3.31831297988993	11.8498947396603	0.00361757590797568	0.0391466022363425
jcf7180000353004_6001_6100	HELPU_021964	-2.19145090128225	0.751406199844523	24.2564599237718	8.10939743379299e-05	0.00439470661935261
jcf7180000420532_79201_79500	HELPU_021972	3.56194423434569	0.0802703755661647	21.6459624298899	0.000152792927733372	0.00634905264933798
jcf7180000351340_32201_32500	HELPU_021974	-2.80505733509642	1.08343004046171	11.6117818218735	0.00278669603824326	0.0334206333436295
jcf7180000349790_19501_19600	HELPU_021980	5.04323632738253	0.128517344977446	14.5962214982905	0.00124912779206771	0.0208973731732129
jcf7180000374959_5301_5400	HELPU_021984	3.29868289242498	0.136050953319307	12.3697441228134	0.002163299505643	0.0287476750256475
jcf7180000348275_10701_11200	HELPU_021991	-1.43455746770256	1.86000641038	15.1738286473856	0.000894680669905225	0.0172356121939632
jcf7180000372609_15201_15400	HELPU_021994	4.80844625212302	0.51155221938954	32.4517539668249	1.40813354386217e-05	0.00165978381303625
jcf7180000368586_9901_10000	HELPU_021995	-4.5229931536026	-0.0273009869664745	16.1402980193916	0.000673362466646544	0.0147747197207116
jcf7180000349810_21901_22200	HELPU_022006	-2.36266965768064	2.69893027312607	11.1897387463215	0.00321851924716082	0.0364505486113088
jcf7180000422572_12601_12900	HELPU_022009	-0.907253673998906	2.94232453360907	11.2767378807775	0.00312053514510154	0.0357609758863828
jcf7180000359384_12001_12300	HELPU_022010	3.87484337983418	-0.574675177272417	12.0950339611024	0.00267969548930021	0.0326453378400337
jcf7180000414655_2201_3000	HELPU_022024	-1.58272599947105	2.22534799456506	20.0390037061	0.00022995256975101	0.00805085833595369
jcf7180000351086_1401_1600	HELPU_022027	3.3954869066817	-0.235852382075002	11.7913839273195	0.00262275617926335	0.0322221653664149
jcf7180000358160_61001_61500	HELPU_022034	2.37975385869612	2.22545481760029	13.1081854309487	0.0017012969991071	0.0249896100288846
jcf7180000363827_14401_14500	HELPU_022035	8.28537903945288	0.689410589365101	14.0795620936793	0.00191501977056075	0.0267473075238179
jcf7180000351941_12201_12300	HELPU_022040	6.05025695024254	0.893443856493467	14.023475646878	0.00160815311781727	0.0241997726740069
jcf7180000350734_17801_18000	HELPU_022043	-2.00569344577495	0.355561942173655	14.0926316440433	0.00124657301732391	0.0208673027920812
jcf7180000394767_10001_10500	HELPU_022045	-3.77468437532163	1.29882566911869	25.8322964108263	5.65784813871992e-05	0.00360846241110917
jcf7180000362793_9501_9600	HELPU_022069	4.96686656742856	0.45494018348477	12.1050448718086	0.00267114490562467	0.0325848637121762
jcf7180000392633_155201_155600	HELPU_022072	-5.35290555047979	1.15851171819956	52.3734895208706	5.235440062612e-07	0.000258726922090185
jcf7180000413249_13201_13500	HELPU_022088	-1.11341744206256	1.76172976526288	13.2942872725803	0.00160081968738383	0.0241261763008833
jcf7180000369413_9401_9600	HELPU_022097	-1.6229130986624	3.59237268609486	13.3770053704457	0.00156118131344941	0.0237588055930808
jcf7180000355859_3801_4200	HELPU_022098	4.81734480830091	0.883881243354169	10.2036454276177	0.00454775091131887	0.0448568700807993
jcf7180000347672_301_600	HELPU_022102	-2.61701265762229	1.0633665672942	11.1895983099565	0.00321867475574147	0.036450868031898
jcf7180000362387_1501_2400	HELPU_022104	-1.37415052529098	1.68048610854649	17.4661254811153	0.000460303949737849	0.0119146106608913
jcf7180000373594_1501_1900	HELPU_022105	1.46061704719101	2.09702904571029	21.3476868016433	0.000164274148788742	0.00661779910198495
jcf7180000348137_6101_6300	HELPU_022107	2.15724295863683	0.600150826749942	17.5949702231547	0.000444839803008838	0.0117070996704907
jcf7180000370315_31701_32400	HELPU_022115	0.869540717036289	2.22694144399496	9.74457645639612	0.00536199792953316	0.0496627641378301
jcf7180000372757_12901_13200	HELPU_022127	3.21211481465266	1.02955738669676	16.0477424963844	0.000691787198098684	0.0149793265640922
jcf7180000418004_41201_41300	HELPU_022142	3.70639861311781	1.0184147140184	19.3517546844442	0.00034473926202616	0.0101036153283912
jcf7180000359028_2401_2600	HELPU_022143	-2.27931038643491	0.226138423108055	12.7417512033181	0.00191522221513278	0.0267473075238179
jcf7180000421846_81701_82000	HELPU_022150	3.37207634765335	0.905643555392641	13.1239613897113	0.00169270041400977	0.0249157254475346
jcf7180000347533_9401_9800	HELPU_022156	-2.08365355816205	2.01887020028577	25.7263384259908	5.79493645286029e-05	0.00366003586192594
jcf7180000365657_13001_13400	HELPU_022157	1.5560304821723	1.31796626674229	11.5569548806486	0.00283898055758248	0.0337938735353785
jcf7180000348889_14801_14900	HELPU_022158	2.51191393550826	0.332226020158411	19.2787255811565	0.00028122289039631	0.00902354006239567
jcf7180000353121_7701_7800	HELPU_022159	4.63800711426348	0.430421916729069	12.2959094472333	0.00251382220648463	0.031401135007741
jcf7180000347289_16601_16900	HELPU_022172	1.94287254235545	1.83642802004874	27.5868872639762	3.82558618141028e-05	0.00291640520677691
jcf7180000411212_28901_29000	HELPU_022173	-5.35351766966066	-0.0350775444875727	25.1322657458669	0.000105954011153735	0.00511599621590202
jcf7180000368514_3501_3800	HELPU_022177	1.52019685387235	1.39335973565506	12.3766659859617	0.00215837079830298	0.0287088789869013
jcf7180000421886_55401_55600	HELPU_022180	-2.6135055146192	-0.117778457829743	11.9277715338603	0.00250539780828131	0.0313464193435806
jcf7180000418785_11101_11400	HELPU_022181	-2.1101550201772	0.318863346029291	19.4824619086387	0.000266137411866279	0.00874628857493069
jcf7180000363821_38501_38800	HELPU_022193	-2.14848700022278	1.03447096627807	14.6115833294659	0.00106236268692103	0.0190462126387697
jcf7180000347306_9601_9800	HELPU_022195	3.19096042356305	2.3469187953077	18.4800973048619	0.00034860473847317	0.0101738507760827
jcf7180000358201_10901_11200	HELPU_022216	1.99393911292004	2.56718572629292	23.8769164445226	8.88666874314488e-05	0.00463788824378081
jcf7180000353673_26601_26900	HELPU_022217	-1.96518825622185	2.93437823552725	25.0907049412074	6.6982287778338e-05	0.00396068037602932
jcf7180000360143_14301_14500	HELPU_022218	2.13015587017874	0.559274708965201	15.8809890297513	0.000726404364839677	0.0153846364247215
jcf7180000364582_13901_14500	HELPU_022229	-0.878110583513161	2.91029226030916	10.5220401574811	0.00405774043884407	0.041884385596612
jcf7180000348897_8901_9000	HELPU_022240	-4.42732257814796	1.52449855372534	31.3977806477147	1.73498538680832e-05	0.00185013648319935
jcf7180000358979_26201_26400	HELPU_022245	5.25035289161573	0.429138871315215	13.257344742565	0.0038612437636902	0.040643697131388
jcf7180000414911_2301_2600	HELPU_022247	-0.907253674179571	2.94135538981235	11.2965978904785	0.00309935534345477	0.0356221280430046
jcf7180000354689_34301_34500	HELPU_022248	4.25133703002984	0.969005546945108	14.6573583650872	0.00113047082265222	0.0197100904747874
jcf7180000351903_75401_75600	HELPU_022250	-2.90585880752207	1.25923403282098	40.7238986531012	3.13436239921639e-06	0.000704130210917924
jcf7180000368491_14501_15300	HELPU_022259	-2.5762245227485	4.23541701141326	30.3963001531907	2.12444190071642e-05	0.00207357090045656
jcf7180000413457_28001_28200	HELPU_022262	-1.90107772350978	0.391671321727315	10.9626558842063	0.00348121477367577	0.0382211708057203
jcf7180000368351_8301_8500	HELPU_022273	3.44562791952048	0.392993272630258	20.9715420297338	0.000181095330030165	0.00701734046382174
jcf7180000355747_15001_15100	HELPU_022277	6.6280740321898	-0.81781083125008	13.595223155666	0.00417190865903248	0.0425535871756951
jcf7180000414466_6101_6300	HELPU_022283	-1.16914613955463	1.49245066368279	16.7692605599882	0.000560646144537523	0.013328701298261
jcf7180000365248_11801_12300	HELPU_022315	1.72899297910377	2.56731109379819	22.027456063341	0.000138969142644967	0.00598922735569679
jcf7180000392614_17401_17600	HELPU_022321	-1.56642624060728	0.114482656753685	10.4782605682121	0.004120996609852	0.0422554842117162
jcf7180000421993_10501_10700	HELPU_022331	-1.95284937464576	1.90405017430958	22.0932808393897	0.000136726434386187	0.0059264743374595
jcf7180000414136_31101_31200	HELPU_022339	7.63771976913355	2.2450013759012	22.0959985584825	0.00020485557194625	0.00751601621299683
jcf7180000392459_18901_19300	HELPU_022344	1.65218871037608	1.81861861295719	21.4036791498134	0.000161975523513484	0.00656537114829751
jcf7180000375046_9001_9100	HELPU_022346	-2.8312631431578	0.659831390938781	15.5395523446436	0.00104773467711138	0.0188967634507261
jcf7180000347116_11401_11800	HELPU_022355	-1.66975516697851	1.48701400884351	25.2825610050684	6.39198820373934e-05	0.00385835491832005
jcf7180000363348_8101_8300	HELPU_022366	-2.39220695564222	-0.0985974807410575	12.5442560127127	0.00204251465253578	0.0278083156375067
jcf7180000396001_11901_12200	HELPU_022375	-1.20617579808398	2.8317929335969	10.4282192313778	0.00419854491410383	0.0427309321718373
jcf7180000392410_32301_32600	HELPU_022377	-0.937918142733629	1.918574974895	10.3374234050643	0.00433203163673817	0.043535943624103
jcf7180000354549_10801_11000	HELPU_022379	2.2283235159482	4.86896033124065	11.3481533224975	0.00304829286638661	0.0352587885490658
jcf7180000348027_32401_32600	HELPU_022401	-8.81418417174567	0.715645030209767	34.7713911461737	2.90594457675543e-05	0.00250554180399256
jcf7180000361793_19601_19800	HELPU_022405	2.36317893803042	0.509421214879861	12.0167172824077	0.00243200140512842	0.0308035228825824
jcf7180000415499_48901_49300	HELPU_022409	-2.94947847504105	2.31628521866079	10.9663037474159	0.0034768113657311	0.0381878472480479
jcf7180000413691_18801_19100	HELPU_022412	1.37936469848317	1.36437333744464	14.594008475116	0.00106652831507508	0.0190962371508415
jcf7180000417850_25501_26000	HELPU_022429	-2.15311613016443	4.22526216687852	35.7993365580166	7.46080864127035e-06	0.00117559083153016
jcf7180000352585_18101_18300	HELPU_022433	2.7576414775468	0.317481430843087	20.6851829900765	0.000194822243252308	0.00731738141463792
jcf7180000362436_6601_6800	HELPU_022435	-1.09144871917622	0.849600860079729	13.6233704806577	0.00144199360715107	0.0226713087559259
jcf7180000352638_3701_3900	HELPU_022458	2.5284767875899	-0.240538457132176	14.8776073413749	0.000978305398149039	0.0181426403545247
jcf7180000352617_10301_10700	HELPU_022462	-4.31447467021943	0.326967819377231	10.2361033340407	0.00524378254305816	0.0489542047724919
jcf7180000403148_86601_86800	HELPU_022467	1.50807234570422	1.53619224490665	12.5391074100303	0.00204620112624148	0.0278334383760225
jcf7180000360067_27201_27300	HELPU_022471	-5.85596710135407	-0.808074971474657	12.1898955905583	0.00502284768251372	0.04764311663938
jcf7180000357188_9701_10100	HELPU_022477	1.65218853760777	1.81549286627793	21.5521024055958	0.000156052149492473	0.00643222751801417
jcf7180000361056_25201_25400	HELPU_022486	-2.9040767263708	1.00531287967817	14.1962618374837	0.00129859819825109	0.0213754144089687
jcf7180000353050_23801_23900	HELPU_022488	2.2123005454716	0.584697191484751	33.4451858502393	1.15674902323745e-05	0.00150968342591448
jcf7180000366221_2501_3100	HELPU_022491	2.20471721214629	0.796958817638177	34.0440199815998	1.03160819860118e-05	0.00141243040870335
jcf7180000349729_13101_13500	HELPU_022500	-1.5728226995732	2.79927065242802	20.988944875762	0.000180296175396954	0.00699562349369052
jcf7180000362961_6101_6300	HELPU_022511	-2.65330670495638	-0.0918930718847121	14.4744947001445	0.00110775243974646	0.0195051458818012
jcf7180000370445_23701_23800	HELPU_022516	4.12099029811125	0.852409641971434	22.0093967969504	0.000139591506206804	0.0060088332353917
jcf7180000348686_81201_81600	HELPU_022520	2.60587445152903	1.95594771895304	13.7497013812571	0.00138759129037919	0.0222231307954665
jcf7180000392524_25301_25500	HELPU_022524	-2.91661200637616	0.800267453200406	9.74337153649644	0.00536889158711205	0.0496880516534215
jcf7180000421214_9701_10100	HELPU_022526	-3.68274588897212	0.968501621338618	10.8798340483111	0.00358287438422835	0.038926979526282
jcf7180000418268_26901_27000	HELPU_022527	-1.34955557818613	1.54811856905122	13.0071396615107	0.00175531649009977	0.0254556256680332
jcf7180000373771_701_900	HELPU_022581	-2.78156422974027	1.38444095046551	9.81771273242723	0.00522577865418186	0.0488560923909439
jcf7180000353966_12301_12600	HELPU_022596	-2.9211798799357	1.87885778686646	31.5277206182194	1.6905019419279e-05	0.00182374915148995
jcf7180000360082_8901_9300	HELPU_022604	-1.98248234538298	1.91128201960369	14.1844169206958	0.00121157255335462	0.020539008744064
jcf7180000420739_12801_13000	HELPU_022622	-2.17678082626428	0.143510582837138	21.1437819973328	0.000172954012803212	0.00681693945578445
jcf7180000369218_7801_8000	HELPU_022633	2.57377403879069	-0.0590797187406635	11.6733106341834	0.002729287642077	0.0329946259003582
jcf7180000418347_4401_4700	HELPU_022645	-1.64863787334404	1.09441238365704	13.4952302086337	0.00150334624878205	0.0232565190375258
jcf7180000358411_56201_56400	HELPU_022652	-2.10338130395961	-0.102289101384756	11.4436374736703	0.00294889910162838	0.0345754768096161
jcf7180000380525_501_800	HELPU_022667	-1.32490945947454	1.49766444222509	12.0439857861102	0.00240818358646496	0.0306112303678844
jcf7180000349459_501_1100	HELPU_022684	-5.0158321452751	1.48363567897276	51.784920129008	5.68935421282985e-07	0.000271145533963097
jcf7180000347161_21101_21400	HELPU_022694	-3.24658331964694	1.23197641065445	23.8194399756008	9.00827763305112e-05	0.0046681517486565
jcf7180000371116_6401_6500	HELPU_022708	-3.40402569154828	0.426672082008855	26.4633499489446	4.9118735228585e-05	0.0033573785045216
jcf7180000368774_19101_19300	HELPU_022715	-3.698635608954	0.0523343480031084	19.7468091237629	0.000248498656205233	0.00842839631034015
jcf7180000354082_18001_18100	HELPU_022718	7.27630622897908	0.414283706440267	27.0082910296928	0.000107579400563654	0.00516102411996332
jcf7180000420906_10501_10600	HELPU_022724	-1.99784863344888	0.613301450059304	11.947189789703	0.00248916721375815	0.0312285708190109
jcf7180000353512_4101_4400	HELPU_022734	1.25396631854275	0.65347581948007	13.3385355421869	0.0015783792161852	0.0239131521298572
jcf7180000392754_34401_34700	HELPU_022750	-1.28499093566595	1.70983855172714	15.013408715661	0.000938941524106185	0.0177142803270427
jcf7180000373416_13701_13900	HELPU_022768	4.3046295391125	2.15681514187837	28.0820333461711	3.4487819429155e-05	0.00275851512304792
jcf7180000371132_6101_6200	HELPU_022774	1.55011484384364	2.52980480781839	13.0609454782729	0.0017273291629185	0.0252232327375609
jcf7180000357245_35501_35800	HELPU_022780	-1.85711422423912	2.72347111543443	10.5176575633656	0.00406784782040151	0.0419311709667882
jcf7180000395176_5501_5700	HELPU_022813	-1.51228817466555	2.59371917487652	17.3886062465767	0.000471277766339752	0.0120761027714615
jcf7180000368818_101_600	HELPU_022841	-1.66780067787101	0.317645733639297	12.3096276597164	0.0022040653717382	0.0290521781974624
jcf7180000354956_1501_1600	HELPU_022865	1.57005157443725	2.54146044589044	13.4469294818164	0.00152686222918689	0.0234672844152985
jcf7180000394647_25901_26000	HELPU_022894	5.14245267491033	2.19959328691953	13.3550718311838	0.00195699885597998	0.0271065127254033
jcf7180000357254_22301_23100	HELPU_022902	1.16420358307991	2.7179995587797	11.9119430972469	0.00251617839147669	0.0314209106742597
jcf7180000366727_11601_11800	HELPU_022908	-2.19231097670569	1.74325822944694	29.0857497206892	2.78696661839626e-05	0.00243595510408113
jcf7180000365079_17901_18300	HELPU_022920	1.64192200198498	1.09888062257241	17.5509013688498	0.000449515432729773	0.0117652261114586
jcf7180000365228_29001_29200	HELPU_022946	-2.65213874613523	2.75717407543494	21.7657377453101	0.000148296012157565	0.00622373119821608
jcf7180000362880_12001_12100	HELPU_022952	7.27990149520767	-0.313179153800731	24.3646962087818	0.000106064156974996	0.00511786303779134
jcf7180000413359_17101_17600	HELPU_022960	2.53945751029321	0.717710466612057	25.3630623136392	6.29346501515323e-05	0.00383050919299378
jcf7180000363661_23401_23900	HELPU_022978	2.5967002604187	1.89048465219152	31.2621374728871	1.78280069349269e-05	0.00188151162208928
jcf7180000372776_1701_2200	HELPU_022991	-4.01062489256186	1.38473171603505	53.9956592113955	4.1779387736512e-07	0.000232003646655283
jcf7180000352792_17501_17700	HELPU_022992	-1.70082135063743	0.659773009306941	15.3459029004346	0.000849751067646346	0.0167369809242674
jcf7180000363775_11501_11600	HELPU_022994	-1.29116541685951	0.925231509612669	11.7989331107193	0.00261322732711955	0.0321423482468705
jcf7180000368656_6001_6100	HELPU_023010	7.71965829654242	0.257703072010221	12.4560255592532	0.00413417921648682	0.0423327100666017
jcf7180000420507_59101_59200	HELPU_023052	5.27660796532974	-0.635020002611544	11.0738147374413	0.00425228509321169	0.0430697212020114
jcf7180000373769_13301_13500	HELPU_023068	-2.13307318253692	0.571843044416218	11.603919129139	0.00279412813696069	0.0334761258160889
jcf7180000366887_26001_26100	HELPU_023105	-4.6967319621164	-0.120081145345703	14.4361203785925	0.00219953127258324	0.0290303333813611
jcf7180000386766_11601_12100	HELPU_023144	-4.60960842330222	1.4055289077841	67.804148043474	7.34491628085594e-08	9.0291087363808e-05
jcf7180000419195_10001_10400	HELPU_023145	-1.66184491566919	1.92693122511848	11.5505723152508	0.00284513748068196	0.0338339364435478
jcf7180000361098_37901_38000	HELPU_023175	-1.51551860554411	1.31713065702879	13.7488330042934	0.00138628533968711	0.0222208863416302
jcf7180000358083_30201_30500	HELPU_023194	-1.50772202831668	1.15203082113011	15.0483871835895	0.000929175649518661	0.0176124011491418
jcf7180000418697_15701_15800	HELPU_023205	1.3085144552313	3.58703000751012	10.3307256675147	0.00434634850535743	0.0436229435610068
jcf7180000381441_10101_10200	HELPU_023210	3.27762546928028	0.648554797536759	27.6984496919568	3.74597075982025e-05	0.00289010452918293
jcf7180000414168_14201_14300	HELPU_023227	6.17126365125061	0.225712007791203	13.6515531357542	0.00143113513997891	0.0225704182894171
jcf7180000347574_8601_9700	HELPU_023242	0.956988687481182	2.42818762516995	13.8369978699564	0.00134825619534964	0.0218710413584081
jcf7180000416266_46201_46400	HELPU_023259	2.01003245699694	1.6186589522507	14.5478945340545	0.00108325971722291	0.0192504451073733
jcf7180000371289_2601_3600	HELPU_023311	-1.91285376455001	1.71949056773855	41.616411401401	2.6900021476706e-06	0.000644760874603218
jcf7180000413520_38801_39200	HELPU_023320	1.62483852367579	0.773869884101564	9.76760179946273	0.00532177341612999	0.0494260568826804
jcf7180000381985_5601_6100	HELPU_023345	-2.09611154236664	0.711839633204721	11.914015072425	0.00251696699165424	0.03142580488689
jcf7180000359269_5901_6200	HELPU_023348	1.97168506105976	0.644060681881562	10.3732302324405	0.00428121150241118	0.0432420772631027
jcf7180000365442_2701_3300	HELPU_023379	1.50563556442477	2.95563064517921	21.2106649825806	0.00017005242266552	0.00675181664358426
jcf7180000360037_11701_11800	HELPU_023381	-4.39246072641708	1.08858786569036	33.7603634687609	1.09317690374544e-05	0.00145716306382226
jcf7180000370451_13301_13500	HELPU_023405	-2.03691494114042	0.38910368112602	16.9973741723008	0.000525363539097446	0.0128307542180596
jcf7180000389971_8201_8900	HELPU_023413	-1.77864470068897	1.33319705961075	14.437428897893	0.0011205910225077	0.0196185979866662
jcf7180000373636_2101_2900	HELPU_023444	2.23827007741522	2.15184905880745	20.6805286207001	0.00019505462943738	0.00732208736041034
jcf7180000373153_2901_3600	HELPU_023462	2.49252813966003	2.22030790243523	29.8654101078699	2.36924166886296e-05	0.00221119186538746
jcf7180000389439_4501_4600	HELPU_023473	6.8620864262543	1.15590863386031	39.1181957405954	4.12774177666333e-06	0.000843894856434223
jcf7180000393731_15901_16200	HELPU_023480	1.91496920703197	0.197906599160938	11.3555066463336	0.00304063735892503	0.0352128992360337
jcf7180000415826_34301_34700	HELPU_023488	-1.91248409023309	0.477969690317413	12.4610008320196	0.00209930854567882	0.0282565154517456
jcf7180000349757_501_1600	HELPU_023498	2.49567906733254	2.13377370413831	10.9740343335503	0.00346750002797642	0.0381326736921912
jcf7180000352917_10701_10900	HELPU_023551	3.9788956272661	0.47700205295852	12.924870469281	0.00180481198087615	0.0258460517597326
jcf7180000369669_13601_14100	HELPU_023558	6.21839926475048	1.42450737767552	68.1028030841334	7.09621673421618e-08	8.8589790651776e-05
jcf7180000379237_1401_1500	HELPU_023566	-2.7482695028842	0.154832301419159	12.8049119522778	0.00187631706930474	0.0264287125256823
jcf7180000352416_4901_5100	HELPU_023570	2.7135277083596	0.508919722290675	9.81655053224782	0.00522798309993102	0.0488703213134017
jcf7180000414242_15001_15400	HELPU_023584	-2.01374501347193	0.910913042213885	14.872015234998	0.000981430127316498	0.018182929306396
jcf7180000375447_4601_4700	HELPU_023605	-1.82923128603383	-0.0575989741764684	10.4539561742788	0.00415658543918091	0.0424714004562026
jcf7180000366650_9901_10100	HELPU_023610	2.34221068053818	0.921529585057613	22.2381152632645	0.000131905440845288	0.00580015801312848
jcf7180000352298_32201_32400	HELPU_023644	-1.81287799208314	2.51823981273743	23.233148441476	0.000103592051654087	0.00505736502115652
jcf7180000360268_15601_15700	HELPU_023682	-4.96287999056169	1.0239229222431	18.9762166784742	0.000561491545836881	0.0133432621753439
jcf7180000351395_13201_13300	HELPU_023683	-3.6108503403175	0.236081919395729	16.9603974774252	0.000643109241358181	0.0144269933172384
jcf7180000353244_7701_8300	HELPU_023689	-3.32486392934349	2.1731665299352	65.3581106448659	9.72268448063756e-08	0.000104693208561488
jcf7180000372416_4401_5000	HELPU_023714	2.46765570890525	2.21243578258389	28.7130509213077	3.01479803980013e-05	0.00257229537725896
jcf7180000394093_37701_38100	HELPU_023720	-1.4956274864859	1.42042539598834	14.0784785888167	0.00125206883393332	0.0209176152792958
jcf7180000361214_4301_4400	HELPU_023775	3.86509831424058	0.965211445967252	12.6225870988251	0.00199107939098839	0.0273771379909388
jcf7180000364240_13801_14000	HELPU_023782	3.28281896100558	0.141888015923169	18.4344682611282	0.000352960461901743	0.0102450497686382
jcf7180000363662_5901_6400	HELPU_023783	-3.44350122311151	3.26958035274263	57.7012504548122	2.54157673079985e-07	0.000176265423310608
jcf7180000352869_11201_11700	HELPU_023790	2.59561293469515	0.206567909196882	15.628402826058	0.000782542079931101	0.0159872453871915
jcf7180000349166_801_900	HELPU_023792	-8.80698320072001	0.692839981619117	37.0298245172317	3.82742100859011e-05	0.00291640520677691
jcf7180000382703_1801_2100	HELPU_023812	1.6636596649443	0.161061989818159	9.85260302929139	0.00516007774834823	0.0484553665079712
jcf7180000363942_8701_8800	HELPU_023826	5.7444271562023	-0.632572185523782	11.6749729447385	0.00306765641643673	0.03539091417807
jcf7180000396718_4001_4200	HELPU_023827	3.20166506993879	0.0719324171645522	24.9799281529424	6.87099630400474e-05	0.00401699978498147
jcf7180000418586_27401_27800	HELPU_023835	1.26586199429685	1.16927165131364	10.7800295669451	0.00370617251949317	0.0396766165666556
jcf7180000368711_26301_26600	HELPU_023837	-2.50250604940795	0.25718559649569	11.0811324701633	0.00334130823119502	0.0373028099756975
jcf7180000372618_2101_2700	HELPU_023894	-2.33065162297367	3.26629116868073	40.960649218887	3.0108623613786e-06	0.000693170899625842
jcf7180000393311_7601_7800	HELPU_023906	2.53938390111297	0.209749136300991	18.6152336022877	0.00033604888391838	0.00994717059309663
jcf7180000372409_1901_2500	HELPU_023936	-2.41988841382467	2.16403757694692	23.312099014347	0.000101649181227656	0.00500527116925236
