region	gene	logFC	logCPM	F	PValue	FDR
jcf7180000417096_63101_63900	HELPU_000007	1.68799607146624	1.96325510325117	12.2905934929534	0.00222055368235757	0.0307452279004511
jcf7180000417096_112901_113000	HELPU_000012	-9.93105529655063	1.98976755465154	17.2683613919571	0.000659672761379258	0.0152438959276786
jcf7180000417096_126001_126200	HELPU_000014	2.18398393404734	0.205746181096719	11.3581363671283	0.00303790474684192	0.0370813948431228
jcf7180000417096_136701_136900	HELPU_000015	-1.79681094306992	2.79683741555911	10.5647632577563	0.00400083212496514	0.0436983809890707
jcf7180000417096_173801_173900	HELPU_000018	1.37606065620505	0.884976575844755	10.799912007441	0.00368051457707691	0.0415457734304094
jcf7180000417096_253501_253600	HELPU_000026	1.87591251770752	0.409838274906511	15.5177298651096	0.000807360771165764	0.0170764970907323
jcf7180000417096_406501_406600	HELPU_000044	-5.30156351303888	0.223035381654417	10.3159957878192	0.00482574038284076	0.0488521361644141
jcf7180000417096_545301_545400	HELPU_000053	-1.71285105410408	0.00703151937698831	11.9677400030288	0.00246934697012509	0.0327266169078298
jcf7180000417096_638401_638500	HELPU_000062	-7.53778964101746	0.10023490460057	13.6335420325539	0.00306406189843573	0.0372733455922728
jcf7180000417096_726801_727100	HELPU_000073	1.53404854798534	1.09735844357306	10.8134321878071	0.00366676004579641	0.0414712371031522
jcf7180000417096_902901_903000	HELPU_000084	1.3636639962783	1.51930996154346	12.8409072318299	0.001852253376633	0.0276105693637006
jcf7180000417096_913901_914000	HELPU_000085	-3.92137183878567	1.16487011997445	17.9185762578076	0.000406617210678791	0.0115358704242367
jcf7180000417096_1188401_1188900	HELPU_000106	-3.81336565881447	0.26590344958429	11.6331487044263	0.0029263770950008	0.0362509044282412
jcf7180000420409_63201_63300	HELPU_000110	-5.20134263023914	0.113615726103953	19.0983140451005	0.000905810219019706	0.0182831765954228
jcf7180000420409_199301_199500	HELPU_000123	3.40042937055106	2.38657181179144	21.4116954298912	0.000162029496845191	0.00686572671178336
jcf7180000420409_225101_225200	HELPU_000126	6.14314645815003	-0.750369123056915	15.6824501818088	0.00222012623128314	0.0307422816556797
jcf7180000420409_346301_346500	HELPU_000143	2.06844663955687	1.17788295289461	13.7381552328177	0.00139263690713196	0.0234461183447415
jcf7180000420409_356601_356800	HELPU_000144	-2.45786262962845	0.328666316187294	10.7576171339157	0.00373895873757375	0.0419466035144349
jcf7180000420409_426001_426100	HELPU_000151	-1.15011381426617	1.21167340275769	16.3666066862265	0.000629489551620761	0.0148299723475966
jcf7180000420409_490301_490600	HELPU_000157	-1.33888130620802	1.98432762062528	12.3837583975371	0.0021513240689789	0.0301939092074393
jcf7180000420409_619201_619600	HELPU_000173	-1.93383659544467	-0.0592954667137813	10.8350036522361	0.00404458487215892	0.0439773298090834
jcf7180000420409_651901_652000	HELPU_000177	4.65018441211158	0.307600921671084	11.83601072642	0.00258369851990507	0.0336703678948473
jcf7180000420409_684101_684200	HELPU_000179	7.65317919123419	4.13355570085985	16.3076661679924	0.000641405646319317	0.0149814349914498
jcf7180000420409_725201_725500	HELPU_000184	1.66372462188021	1.60508526975268	14.7559526909134	0.00101662400729019	0.0195730701442568
jcf7180000420409_768201_768300	HELPU_000189	-1.78414640788539	0.456004146951676	11.641478613799	0.00275624735923545	0.0349784520320662
jcf7180000420409_791001_791300	HELPU_000191	-1.22264287377387	1.48209471919315	13.8870522651754	0.00132728069079496	0.0228316032924346
jcf7180000420409_879301_879600	HELPU_000198	1.61668359930685	1.11981663229326	13.9204563299472	0.0013136559428223	0.0227201295003322
jcf7180000420409_912101_912200	HELPU_000203	6.96396940034449	-0.286919188331727	16.2488057036584	0.00108387949693273	0.020306998895918
jcf7180000417097_40101_40500	HELPU_000213	-6.39843611309757	4.16266948605114	17.5365072642987	0.000452159489287673	0.0122156844027731
jcf7180000417097_174601_174900	HELPU_000227	2.11455784886967	1.28259870748942	22.9474878745134	0.000110857525318679	0.005539075341209
jcf7180000417097_229301_229500	HELPU_000234	2.37818374277192	-0.00664208820147023	12.0960633648496	0.002368533060834	0.0319100939295655
jcf7180000417097_348901_349000	HELPU_000248	7.33943569832541	0.769424518556836	81.3779407684067	2.6517061780704e-08	6.49162602962538e-05
jcf7180000417097_354601_354700	HELPU_000250	2.40018887154974	0.0833547458059889	11.3538907396431	0.00304231784181504	0.0371141007912413
jcf7180000417097_492401_492800	HELPU_000263	1.70575705066999	1.97079112051465	13.9871047338291	0.00128820207969757	0.0224494690137762
jcf7180000417097_507501_507600	HELPU_000264	1.19820095797306	2.45328654865265	11.8835605603031	0.00253996788120315	0.0333432045606753
jcf7180000417097_674101_674500	HELPU_000270	3.42159452649852	0.676294730386444	21.4013369958154	0.000162451882895066	0.00687508945951316
jcf7180000417097_718001_718100	HELPU_000274	2.94480345157967	0.349198685034191	16.4054254360213	0.000828328768142263	0.0173445225581317
jcf7180000417097_1026101_1026200	HELPU_000297	6.58455763733402	-0.649391815612125	12.3542471913089	0.00424576791534965	0.0452806555717264
jcf7180000347063_73001_73100	HELPU_000310	5.24193291225128	-0.422946074546377	25.1904142980351	8.84664037191798e-05	0.00487056661948843
jcf7180000347063_254801_255000	HELPU_000318	-1.6256384150785	1.15008831416472	9.98616147651882	0.00491692531214302	0.0493804209648171
jcf7180000347063_265101_265500	HELPU_000320	-3.47310218338249	2.06513641168698	17.2918858031355	0.000484262167607473	0.0126984396760921
jcf7180000347063_327101_327200	HELPU_000325	6.47351223038685	-0.224305366851346	24.4197190714583	0.000267293159650171	0.00913494545270487
jcf7180000347063_470501_471500	HELPU_000330	-4.41616896684188	0.744584732062172	29.171349935148	2.73736046466075e-05	0.00254104100523162
jcf7180000347063_602501_602600	HELPU_000342	6.0969667498926	-0.631030435551456	11.1833810507667	0.00442610975997773	0.0464073995248971
jcf7180000347063_617301_617600	HELPU_000343	-2.54564612455799	1.5252831983815	16.7446072439334	0.000565595679119513	0.0139187414443125
jcf7180000347063_625201_625300	HELPU_000344	-8.86632843555377	0.946258804056686	19.3829515325004	0.000709786332394895	0.0159252678857021
jcf7180000347063_769501_769700	HELPU_000355	5.53482927397292	1.01881997084056	24.7897066976317	7.17923757519495e-05	0.00435314509110164
jcf7180000347063_780801_780900	HELPU_000358	-3.07054009113729	0.876754265119308	24.8133441435229	7.14011821494402e-05	0.00434138764325193
jcf7180000347063_799701_799900	HELPU_000360	2.64301093056058	-0.0664983476785978	13.4295097365635	0.00153447363047014	0.0248675584593369
jcf7180000347063_985401_985500	HELPU_000376	2.2549611147058	2.86617200733042	22.3216152780284	0.00012925076520948	0.00603241142686257
jcf7180000347063_1001801_1002000	HELPU_000377	2.22694907395211	0.833938429985451	21.5539859758782	0.000156155092316288	0.00671133578485782
jcf7180000347130_54101_54400	HELPU_000385	2.21603359406927	1.51950990293403	13.026379642218	0.00174665639936825	0.0267362950246819
jcf7180000347130_160301_160700	HELPU_000392	-1.85796783877597	0.756635178182937	21.800596651501	0.000146662468374904	0.00648273006623743
jcf7180000347130_163301_163700	HELPU_000393	-2.99968363291144	1.4032229337272	52.3495628754509	5.22189494556982e-07	0.00029703489986104
jcf7180000347130_164601_165700	HELPU_000394	-2.2564824508256	2.1030867162791	27.946337868736	3.54628029174104e-05	0.00290797487992963
jcf7180000347130_211001_211200	HELPU_000396	-2.17434674721378	2.15300874153464	13.5177139453941	0.00149296899725609	0.0244931915331388
jcf7180000347130_307001_307200	HELPU_000410	4.4070243395016	0.22475323481932	41.241423639644	2.87435402803147e-06	0.00075255265190765
jcf7180000347130_317201_317500	HELPU_000411	2.678428210089	1.14819104991051	16.8404401654268	0.000550326295582173	0.0136769784843435
jcf7180000347130_413301_413500	HELPU_000424	5.57243338689855	0.542363989195862	24.6402951880753	0.000117491179706694	0.00571239868714762
jcf7180000347130_533301_533500	HELPU_000436	1.35598532809646	1.83411901361625	12.2544897747979	0.00224462560051822	0.0309271212195079
jcf7180000420429_34201_34300	HELPU_000452	2.90785539280545	1.09101647407472	12.7104168041148	0.00193485404665614	0.0283477878425255
jcf7180000420429_154101_154200	HELPU_000463	7.71963225550552	0.42612754113221	40.0205826438663	9.97005215683023e-06	0.00145192121830414
jcf7180000420429_228201_228700	HELPU_000470	2.42802972048701	1.56050213983827	13.0637083327246	0.0017257945789402	0.0265674601667261
jcf7180000420429_412201_412500	HELPU_000485	2.86134736053199	0.93078186624418	20.0002278909812	0.000232552097253075	0.00846583624299778
jcf7180000420429_521901_522000	HELPU_000498	4.6601807980532	0.733070267258941	16.4973551004425	0.000607196908838618	0.0144952457202736
jcf7180000417094_225001_225100	HELPU_000519	3.20740072201618	-0.0234093454167437	14.0309553683585	0.00127071969137229	0.0222760529433068
jcf7180000417094_304201_304300	HELPU_000527	3.10454182310421	-0.290298196318999	15.0197368290757	0.000937643743570012	0.0186724942320467
jcf7180000417094_318201_318400	HELPU_000528	3.5393872613526	1.28290765213863	15.8451691464567	0.000734087482064168	0.0162440107559636
jcf7180000417094_388701_388800	HELPU_000531	3.51499721988327	0.56651564954022	20.8626150324012	0.00018618698157459	0.00742640002387763
jcf7180000417094_393501_393700	HELPU_000532	6.97397285963851	0.369838747931758	18.1956823771692	0.000463433015927942	0.0123882254195395
jcf7180000417094_472901_473000	HELPU_000539	-2.91768642689876	1.14600318528041	17.3400871733587	0.000477742591096303	0.012596322730257
jcf7180000417094_522101_522300	HELPU_000545	-4.19135805832837	1.8721503689015	13.3695555293659	0.00180079205023641	0.0271529298567064
jcf7180000417094_559001_559200	HELPU_000550	-3.65686275862158	0.292393842764605	24.633300114964	7.4441161180421e-05	0.00444941250265911
jcf7180000417094_710701_710900	HELPU_000555	2.9153270327974	-0.112451448314859	11.2209327101085	0.00318418298292604	0.0381349715358152
jcf7180000417094_778701_778900	HELPU_000564	7.32225621323646	0.0769605862639758	13.5092882221355	0.0022414383930559	0.0309044225766738
jcf7180000417094_914501_914800	HELPU_000571	4.49902253198284	1.76440761736262	43.3017547542425	2.05155666602676e-06	0.000632814885561051
jcf7180000417094_1025601_1025700	HELPU_000576	4.87460038822033	-0.0546432401424109	33.197711907034	1.21614663621804e-05	0.00162622424169946
jcf7180000417094_1099901_1100100	HELPU_000583	2.74788678139839	1.72902068850636	12.6534623728642	0.00197111058442826	0.028653029403473
jcf7180000422200_263001_263500	HELPU_000606	5.57446039523793	4.84047808433465	11.8082474227739	0.00260792075463772	0.0338689148940656
jcf7180000422200_332701_332800	HELPU_000611	-5.05690298266666	-0.0294846452092317	10.6802518465037	0.00426348725096984	0.0454046756829528
jcf7180000422200_381501_381700	HELPU_000616	-4.07307842260995	-0.43068878342968	20.1486370513534	0.000223251501476821	0.00826272875222916
jcf7180000422200_423201_423300	HELPU_000618	3.64264264446578	-0.227961235315854	13.2508102755249	0.00173749611222589	0.0266543793987447
jcf7180000417100_224801_225100	HELPU_000639	-2.6322560979254	1.11634320120262	14.7903834362248	0.00100604009939933	0.0194464197294272
jcf7180000417100_354401_354600	HELPU_000650	1.72794030743873	0.658457911594413	18.6611398131676	0.000331238234744686	0.0102866959946181
jcf7180000417100_445401_445700	HELPU_000656	1.84527053878182	1.46447633861344	12.5682402881433	0.00202677500530434	0.0290930682792576
jcf7180000417100_545401_545500	HELPU_000662	6.02472439278431	-0.425401187170102	15.5862894012838	0.00128362528734721	0.0224011012455731
jcf7180000417100_596101_596200	HELPU_000665	-8.30566810955939	0.630795536132871	20.0170726639079	0.00052154456934695	0.0132601766252207
jcf7180000417100_635401_635800	HELPU_000668	-2.24309749998438	3.17529750587012	30.9325489269802	1.90514388943766e-05	0.00209315170241642
jcf7180000417100_641001_641200	HELPU_000669	-1.4346500330751	2.60893685649932	14.1856331461197	0.00121111612668335	0.0216620681164938
jcf7180000417100_641901_642100	HELPU_000670	-3.28103679625873	0.0203892575561938	12.3204066619456	0.00233621780950785	0.03166552425345
jcf7180000416159_336301_336700	HELPU_000706	1.75181277649813	4.02149633039913	21.0094502433858	0.000179359537223341	0.00727462675846361
jcf7180000416159_469201_469400	HELPU_000716	1.6911642543807	4.08550644124882	15.3224365093982	0.000857058393618678	0.0176722768752751
jcf7180000416159_495201_495300	HELPU_000719	3.13998799493677	4.56696614222157	21.6077365392921	0.000154259591960664	0.00667371018680963
jcf7180000416159_531201_531400	HELPU_000720	1.57530947840211	1.51006384431944	9.99062933993498	0.00490901428947778	0.0493515227928908
jcf7180000416159_580901_581100	HELPU_000722	4.14687000077773	-0.10013691473452	23.2530474550802	0.000103098533809341	0.00532939970103014
jcf7180000416159_610701_610900	HELPU_000723	2.88974408897596	1.51455352041467	19.7070966355212	0.00041021804468522	0.0115989658326805
jcf7180000416159_639801_640000	HELPU_000729	5.51636000548815	-0.0883279551771903	25.3841721442534	0.000502516117529184	0.0129682119105804
jcf7180000395598_37701_37800	HELPU_000732	2.07971464559772	1.68830100231654	11.1013505309016	0.00331806186451133	0.0391329369046524
jcf7180000395598_99801_99900	HELPU_000734	5.85268608959562	-0.213437177884716	21.9345891455895	0.000184156499396748	0.00738046063322587
jcf7180000395598_139401_139500	HELPU_000736	3.83378851811996	0.805031766844127	11.780564460104	0.00263232369269699	0.0340592030685332
jcf7180000395598_179901_180000	HELPU_000743	1.9185272594438	0.31257755635236	10.40823045236	0.00422838785980435	0.0451676157798233
jcf7180000395598_186401_186500	HELPU_000744	6.34360615672787	-0.173554019704831	42.7952488592885	2.70242232005343e-05	0.00252425557076545
jcf7180000395598_207401_207700	HELPU_000747	1.86453616096734	0.521889108499316	13.0724523175183	0.00171953222698593	0.0265238008066615
jcf7180000395598_274401_274600	HELPU_000751	1.7418038385324	1.1960566921782	11.8276779853735	0.00259094217679461	0.0337310029031748
jcf7180000395598_317901_318000	HELPU_000754	5.7183075906992	-0.419649100264074	34.0511492542043	0.000161358307001398	0.00685209426234089
jcf7180000395598_429901_430000	HELPU_000762	1.89418173417946	1.40249370967776	14.1031475126029	0.00124250684295994	0.0219683646610178
jcf7180000395598_440901_441400	HELPU_000763	1.29663466309878	3.40991510816273	12.163991802012	0.0023156535563053	0.0314787910274512
jcf7180000395598_563301_563600	HELPU_000771	3.02234692214123	-0.257540908208364	11.43448631587	0.00295974240121822	0.0365116489578394
jcf7180000395598_614401_614500	HELPU_000777	8.7518329659377	1.92708747732678	82.0709335177073	1.76978255569737e-07	0.000166647166414561
jcf7180000395598_745901_746300	HELPU_000786	7.36649505867225	3.36038925507616	118.137320236019	7.50579392220276e-10	9.77210016252168e-06
jcf7180000395598_778001_778800	HELPU_000788	1.02787599592078	3.15091503059733	10.2657292565313	0.00444404787548117	0.0465188503026146
jcf7180000347104_121101_121200	HELPU_000794	2.02631123339624	-0.047971170317149	12.5469048615002	0.00203854479341149	0.0291778829344256
jcf7180000347104_143701_143900	HELPU_000797	1.44610412394234	2.50161325257026	10.749818512876	0.00374917152412735	0.0420070369019105
jcf7180000347104_220101_220300	HELPU_000801	1.90489075248333	1.49957777553621	11.7679744427538	0.0026435055990723	0.0341514310687602
jcf7180000347104_282901_283200	HELPU_000807	7.68077968726924	3.92673067529127	12.5935297635824	0.00201007719900192	0.0289697814984715
jcf7180000347104_292701_292800	HELPU_000808	-3.65050778033659	0.81077122878565	10.6105839455106	0.00393681832913991	0.0432509288187219
jcf7180000347104_343201_343300	HELPU_000810	5.43706993368367	-0.568832213928369	14.3067608845928	0.0025955754363948	0.0337652323335568
jcf7180000347104_446601_446900	HELPU_000819	2.87294788742428	3.10500233822586	32.1799445579258	1.48538662870036e-05	0.00182163088028605
jcf7180000347104_451601_451800	HELPU_000820	9.22826739711467	2.44275462028831	149.569444349362	9.4982533141511e-11	4.53426033668726e-06
jcf7180000347104_454201_454400	HELPU_000821	1.79586359461373	2.76206714146633	14.3876100427479	0.00113789062233281	0.0208817655870657
jcf7180000347104_568601_568700	HELPU_000829	3.24814033992186	-0.126883043342757	14.7101468903254	0.00102937851333679	0.0197230476142122
jcf7180000420431_30501_30600	HELPU_000834	-5.24843758024931	0.741077468286463	25.1580614398044	6.59552315015707e-05	0.00413468135112725
jcf7180000420431_80001_80100	HELPU_000839	5.39998253158377	0.466693176048006	26.6721535213189	5.48193107731954e-05	0.00371806599812567
jcf7180000420431_97301_97600	HELPU_000841	4.78179277765218	0.81624418000866	21.3227706924899	0.000165695396959261	0.00696501841280455
jcf7180000420431_136201_136600	HELPU_000845	1.44758175306929	1.48770819973005	11.6583114507801	0.00274316055456494	0.0348757267593934
jcf7180000420431_329101_329600	HELPU_000857	1.30113274857694	3.22181767959005	10.1527328730196	0.00463132939325739	0.0476400712559718
jcf7180000420431_331301_331500	HELPU_000858	2.4107155363083	1.19859914817833	12.6392088422467	0.00198030146939488	0.0287283128532398
jcf7180000420431_360901_361200	HELPU_000862	1.43894216486293	1.10121938597022	13.6456798266907	0.00143187511123029	0.0238587430803358
jcf7180000420431_366201_366400	HELPU_000863	6.77211686609754	0.23670711919586	29.1062541341004	3.95466782564782e-05	0.00310375080613764
jcf7180000420431_445201_445500	HELPU_000868	1.40351860040102	2.60299258510643	16.7111263975709	0.000570050815189714	0.0139773938621758
jcf7180000420431_528801_529000	HELPU_000874	1.45359954351093	1.36596567887776	10.1375118492529	0.00465664652290833	0.047796716762822
jcf7180000347162_385701_386200	HELPU_000907	-1.01898537975708	3.5693361681747	13.0021466748113	0.00175814494999009	0.0268253625941004
jcf7180000347162_440301_440400	HELPU_000909	7.78997995976839	1.26771256181814	13.3743969781914	0.00194579064984614	0.0284568281063815
jcf7180000347162_446101_446600	HELPU_000910	1.467596841304	1.84814803807044	12.8132110446555	0.00187109529648536	0.0277771438004775
jcf7180000347162_523401_523700	HELPU_000916	3.25268293173439	0.189119204903336	15.2504691352414	0.00087570344615949	0.0179135202808973
jcf7180000347162_548201_548300	HELPU_000919	2.67394752541755	0.00273951641232307	11.4927911329285	0.00289954625059087	0.0360548235931122
jcf7180000347071_30501_30700	HELPU_000923	3.79847479141439	0.108146731984482	14.3779652226717	0.00114127378961471	0.0209183866217428
jcf7180000347071_45001_45300	HELPU_000925	1.71256476683662	1.35134989669398	12.4832628488913	0.00208284617321371	0.0295815058329631
jcf7180000347071_91101_91200	HELPU_000930	6.83468054372064	3.10239901534133	11.6532691580714	0.00290690490187346	0.0361018102731175
jcf7180000347071_97301_97600	HELPU_000932	2.69842309147472	2.44091229061606	30.6044727515433	2.03617091379453e-05	0.00216846240708378
jcf7180000347071_343001_343300	HELPU_000954	2.31656802499855	1.17580194621608	15.1731324028855	0.000896240713197156	0.0181675540522945
jcf7180000347071_368901_369000	HELPU_000955	-2.82831819295843	0.990035948364565	12.8235033726256	0.00186503258228558	0.0277187467541673
jcf7180000347071_409901_410200	HELPU_000958	1.47398976459179	1.77828023047192	18.8934702560298	0.000311110017680649	0.00990554791398567
jcf7180000347071_551201_551300	HELPU_000962	6.74862465952875	0.287651975525591	38.1000904033477	1.32662186064049e-05	0.00170700952236152
jcf7180000347071_734301_735100	HELPU_000975	-3.40757139376939	0.502677731105973	20.3280662617548	0.000213573633390724	0.00803009386862759
jcf7180000421689_148801_148900	HELPU_000983	7.69339656629577	0.0545030951047938	24.5653198180809	0.000427225938789513	0.0118392787710109
jcf7180000421689_177901_178000	HELPU_000985	-6.5400029999584	-0.441315726512757	21.5525626890597	0.000269547683859859	0.0091779473999031
jcf7180000421689_365601_365800	HELPU_000997	1.14820590161989	2.93176376001123	13.9043207097719	0.00132012821869409	0.0227716531425528
jcf7180000421689_366801_367200	HELPU_000998	-2.96929379838319	2.49147036699741	19.2872226589493	0.00028058808971974	0.0093636263281086
jcf7180000421689_468001_468100	HELPU_001007	1.68775395275831	0.562903433950358	10.2325895353664	0.00450098368852103	0.0468562642637208
jcf7180000347144_94501_94600	HELPU_001034	-3.77931080993076	0.146586947436476	13.9358014092894	0.0016496589156362	0.0259226942914273
jcf7180000347144_179301_179400	HELPU_001042	-3.64024478328052	0.0485580617033151	12.739005654358	0.00191693352951307	0.0282053178699439
jcf7180000347144_360101_360300	HELPU_001064	5.39399275760286	-0.264453366822529	18.9306480647917	0.000492253636324042	0.0128080275809431
jcf7180000347144_467001_468400	HELPU_001073	-4.12161061950378	3.20546242109985	17.7222181453525	0.000429356080782929	0.011857476567367
jcf7180000417101_247401_247500	HELPU_001094	6.55638164074374	-0.0707449216410377	19.4335751245729	0.000591773277357415	0.0142712675350385
jcf7180000417101_443601_443800	HELPU_001103	2.45737708667691	2.06665371895015	12.0551948536191	0.002400991243521	0.0321885662957169
jcf7180000417101_492501_492900	HELPU_001105	1.86588831030026	0.687885363772846	10.5416448923984	0.00403356746213519	0.0438969044217864
jcf7180000417101_514801_515200	HELPU_001108	-1.23215611029417	3.4829501776897	12.8574371399268	0.00184312499204078	0.0275483108404764
jcf7180000413244_31201_31300	HELPU_001120	4.12849873978767	-0.294671822255934	15.3503101307216	0.000849955214084941	0.017570935177697
jcf7180000413244_69101_69200	HELPU_001123	5.03005247186213	0.884933364989419	15.6973706571659	0.000766752560817514	0.0165850049643013
jcf7180000413244_105901_106000	HELPU_001126	-6.41155483875712	-0.456439087354493	11.7125027449706	0.00348229221903115	0.0402483695143609
jcf7180000413244_123601_123800	HELPU_001127	1.76525362824425	0.644680257854435	10.1181639818266	0.00468904996427416	0.0479984202195997
jcf7180000413244_170001_170200	HELPU_001132	2.02524998520323	0.791916197144694	21.3503525146947	0.000164163902876289	0.00692809403405729
jcf7180000413244_183001_183100	HELPU_001133	-6.74494202517933	0.43209457756975	32.2912625844449	7.4325718415876e-05	0.00444428528218271
jcf7180000413244_194701_194800	HELPU_001134	4.31748087554447	-0.119894709252313	10.9706156479674	0.00411104248046878	0.0444086293411209
jcf7180000413244_235901_236000	HELPU_001138	3.78070291019164	-0.00721714585994915	13.3771041708574	0.00156113222358957	0.0251490674581603
jcf7180000413244_244101_244600	HELPU_001139	1.18188251909964	2.43552494048549	14.0949750418093	0.00124393128418769	0.0219861794663795
jcf7180000413244_355901_356000	HELPU_001148	2.26564208590142	1.90115475321558	13.337435470011	0.0015809799999257	0.0253292848329899
jcf7180000413244_500401_500700	HELPU_001157	-2.49125139920845	3.40198295068966	13.6876585368717	0.00141494350379167	0.0236812480482842
jcf7180000347103_19001_19200	HELPU_001166	4.10683183877417	-0.393742251950714	11.5187196100312	0.00287608617618127	0.0358711278078028
jcf7180000347103_86901_87100	HELPU_001168	-3.00243178277416	2.44423458289396	21.6731021783463	0.000151760955374084	0.006612174500294
jcf7180000347103_124101_124200	HELPU_001170	2.20577240202119	1.19658806643058	25.2968775638494	6.37283838848205e-05	0.00403928519826897
jcf7180000347103_240501_240700	HELPU_001177	1.35229184729961	1.8049784140306	12.8242411441727	0.00186229432864694	0.0276960850896645
jcf7180000347103_330001_330200	HELPU_001184	3.99131659513286	2.06371460356345	27.0769074073456	4.2892450025894e-05	0.00324143792069157
jcf7180000347103_359601_359700	HELPU_001188	4.08122923162419	-0.60169646178651	13.4321851593137	0.00176679379675559	0.0268907476930447
jcf7180000347103_437201_437300	HELPU_001193	2.18446778560856	1.08340696913941	21.6075081736119	0.000154268400489013	0.00667371018680963
jcf7180000347103_481601_481800	HELPU_001196	-2.95171324108956	0.134493813212949	11.3014685720665	0.00309739751763139	0.0374985535645043
jcf7180000347103_593801_594200	HELPU_001205	2.04134552328671	0.885660332828017	11.8663459984852	0.00255751697605674	0.0334815080625716
jcf7180000347103_621201_621300	HELPU_001207	4.21392116778964	0.202117942490855	17.91239948284	0.000558828575301705	0.0138142172060622
jcf7180000392477_108201_108500	HELPU_001213	3.28295580715399	0.0537918316176855	20.7393514247854	0.000192140027996769	0.00756582861778217
jcf7180000392477_330701_331200	HELPU_001229	1.29327396694367	3.7886110330456	14.1622257688304	0.00121881901260344	0.0217317700308113
jcf7180000392477_558401_558600	HELPU_001239	3.61480580538402	1.75666655324593	12.1762424458446	0.0023062568283363	0.0314045774225332
jcf7180000392477_615001_615200	HELPU_001241	-3.02090980239201	2.39050256541845	24.4751665902465	7.72291131468006e-05	0.00453545578699787
jcf7180000413248_63601_63800	HELPU_001253	-2.64133703438636	1.4357792768033	18.4200747018381	0.000354346897882104	0.0106723994657915
jcf7180000413248_223701_223900	HELPU_001274	2.87890133377705	1.26358286474311	13.3647282528623	0.00156729462198947	0.0252143055882149
jcf7180000413248_261701_261800	HELPU_001276	-4.04179487827351	-0.210967594974503	12.1594859121549	0.00231912041353717	0.0314978757972502
jcf7180000413248_348501_348700	HELPU_001283	-1.51012011142723	2.0736028362929	10.2077663024834	0.00454105967290934	0.0471210411524981
jcf7180000420478_79701_79800	HELPU_001295	-3.96547209953081	0.913690442406675	13.3368739271259	0.00158126295828494	0.0253313078124872
jcf7180000420478_157001_157200	HELPU_001304	1.6863553788057	0.787837347168666	10.755875988205	0.00374123619844089	0.0419622923840243
jcf7180000420478_209301_209600	HELPU_001310	2.14448899074294	1.20818585184907	20.4122770760312	0.000208737084273309	0.00793785672293562
jcf7180000420478_281201_281300	HELPU_001314	6.14998048238	0.0708612788119932	15.771761214501	0.000892224035361681	0.0181235897953296
jcf7180000420478_387301_387600	HELPU_001324	-1.18261293311754	3.26582867559868	16.0821296352031	0.000683747369677891	0.0155567326916141
jcf7180000420478_438201_438300	HELPU_001329	1.6925635146645	0.52976736797497	17.1554632646654	0.000502351800356501	0.012965139585575
jcf7180000420478_514901_515000	HELPU_001338	-6.14923210724608	0.558327552421941	11.8761629872102	0.00287451130121207	0.0358596536791058
jcf7180000347157_85901_86100	HELPU_001346	1.0913129793704	2.41905089537069	10.0231082341381	0.00484766085748047	0.0489892021460522
jcf7180000347157_237201_237800	HELPU_001359	-2.52248055129153	1.33220649894106	18.1313151030696	0.000383470710674328	0.0111517074575654
jcf7180000347157_338001_338100	HELPU_001365	-3.10525516190502	-0.0096971499931878	10.8080410192861	0.00367366577722287	0.0415078011380347
jcf7180000347157_362901_363100	HELPU_001367	-6.20062406941821	1.74086151724229	14.6930147291266	0.00132721463156244	0.0228316032924346
jcf7180000347157_415201_415600	HELPU_001370	1.71224078199459	1.7458408011908	20.4858216911564	0.000204599064916039	0.0078330661504386
jcf7180000347157_423501_423600	HELPU_001371	4.77674717797229	-0.310471250257017	15.5084033625514	0.000959239490107477	0.0189314469395035
jcf7180000347157_439501_440400	HELPU_001373	-3.7172442434134	2.80385732694629	19.4063110208317	0.000271855583123154	0.00921827620542391
jcf7180000347157_446601_446900	HELPU_001374	1.70928498639608	2.17444385420788	24.5081729523899	7.64274052595241e-05	0.00451578359136125
jcf7180000416160_42001_42100	HELPU_001378	4.52596996518275	-0.183016968089788	12.9047880127852	0.00181656955501053	0.0272959064071452
jcf7180000416160_174601_174800	HELPU_001389	1.52279081529238	1.10387353495729	13.1371096629639	0.00168343311575715	0.0262097459937476
jcf7180000416160_463201_463300	HELPU_001410	7.19718495380921	0.546025056301763	19.0594970413502	0.000371164336310354	0.0109362706878269
jcf7180000416160_514301_514500	HELPU_001413	-3.98842159511249	1.07891820471048	23.95521563224	8.72390479678036e-05	0.00484136934024314
jcf7180000413250_330701_330800	HELPU_001452	4.40795686025297	0.171541006867391	18.1106693524828	0.000385652037586909	0.0111912811906913
jcf7180000413250_337801_338000	HELPU_001454	1.77575698285327	2.38249612960852	15.0330862164985	0.000934799421914718	0.0186313961464593
jcf7180000420486_245501_245700	HELPU_001479	1.91674283419823	0.887359733163191	10.4320463066238	0.00419285785873841	0.0449540594386998
jcf7180000420486_252901_253100	HELPU_001481	-2.82985255938695	0.308694877979564	15.4745849242532	0.000819067468475778	0.017231218346905
jcf7180000420486_281401_281500	HELPU_001484	2.38337718370473	0.830092744117364	14.0096896545158	0.00127916492271146	0.0223625104563889
jcf7180000420486_365701_365900	HELPU_001490	-3.2095931105099	0.0671609582846979	15.7798436117648	0.000748331592714511	0.0163868599366235
jcf7180000420486_376001_376400	HELPU_001491	-3.24171508594754	0.283556573361722	19.4518634994121	0.000268594956392778	0.00915976277827292
jcf7180000420486_450601_450800	HELPU_001497	1.95746566372137	0.282833035597198	13.9217141386165	0.00131382741616132	0.0227201295003322
jcf7180000388400_40301_40700	HELPU_001499	2.58462328024851	1.19154309129682	17.1699869943647	0.000501192498264967	0.0129538949377856
jcf7180000388400_218701_219000	HELPU_001507	4.64046888508569	1.67278277298155	40.3190835919657	3.36006278119191e-06	0.000826105323801249
jcf7180000388400_267501_267800	HELPU_001512	-1.97895203151546	0.697802701724495	11.9454764036016	0.00249059463759671	0.0329228692847416
jcf7180000388400_290401_290500	HELPU_001515	6.17613680709184	-0.473260014178045	16.7190412754743	0.00096352042201737	0.0189849006612427
jcf7180000388400_299701_299800	HELPU_001516	5.59900854959115	0.0898806515103429	13.3792415151266	0.00179548658787669	0.0271147949899008
jcf7180000388400_355601_355800	HELPU_001521	6.63630648290515	-0.148182575159467	46.7048733486993	5.54809124269382e-06	0.00106622732943576
jcf7180000388400_499301_499400	HELPU_001533	6.4009036443037	0.590303844954798	20.5922549131917	0.000253675069681997	0.00887028779992005
jcf7180000420436_229001_229100	HELPU_001546	-2.07591165208171	1.23634446801443	20.8755477755827	0.000185441531097069	0.00740904748605665
jcf7180000420436_288501_288700	HELPU_001553	2.06629804513407	0.569781887969254	10.3848596915142	0.00426357905214487	0.0454046756829528
jcf7180000420436_303401_303600	HELPU_001556	2.59823487122816	0.183373908382535	17.5296919882224	0.000453021394115886	0.012229689648057
jcf7180000420436_374301_374400	HELPU_001561	4.32180804192337	1.25533747290236	38.3152161824547	4.74807444754791e-06	0.000992319769181202
jcf7180000420436_397301_397400	HELPU_001564	1.74968462687502	1.27893209391132	10.0873527093497	0.00474117031940218	0.0483153374986803
jcf7180000420436_453601_453800	HELPU_001567	-2.61388398263305	0.24914207314167	13.0212690956103	0.00174953418074075	0.0267588950065163
jcf7180000417105_37601_37800	HELPU_001573	6.22983258666115	-0.0469927636042183	16.8623820409067	0.000660402358792227	0.015250284976432
jcf7180000417105_155301_155800	HELPU_001582	1.80559047652919	3.35558019106341	12.6914342973649	0.00194685539810805	0.0284617039183245
jcf7180000417105_157501_157700	HELPU_001583	1.80397434346159	1.21914775310476	13.7423680501354	0.00139079357643386	0.0234288555970841
jcf7180000417105_218801_219200	HELPU_001590	1.34816442286164	2.43155802682216	17.2652991747766	0.000487019598102234	0.0127398564964902
jcf7180000417105_229701_230100	HELPU_001592	-2.93286996366835	2.0822362554483	22.2626368212301	0.000131137572594415	0.00608971165783081
jcf7180000417105_305401_305600	HELPU_001598	2.84169585780801	0.578976974690076	10.5180614867942	0.00406726790240663	0.0441261824734906
jcf7180000417105_307101_307400	HELPU_001599	4.78726836756282	3.368106815894	185.317095924704	1.36362297159157e-11	9.3327295013282e-07
jcf7180000417105_453501_453900	HELPU_001606	-6.39763647046121	0.318161347610683	20.1907213763817	0.000279826590395734	0.00934474650895171
jcf7180000348054_82801_83000	HELPU_001615	2.90886501476334	0.395780381460901	28.4314880308056	3.193756432426e-05	0.00276201109200025
jcf7180000348054_186301_186400	HELPU_001625	1.72062206261436	0.278521518913212	11.8007135582637	0.00261166214710175	0.0338944519169874
jcf7180000417139_363501_363700	HELPU_001659	2.67252151257173	0.0652434060719374	9.98608500260554	0.00491706084390629	0.0493804209648171
jcf7180000347295_45601_46500	HELPU_001668	-1.04239016429239	3.35190063719216	9.94145222428882	0.00499252864988904	0.0498481892007448
jcf7180000347295_142801_142900	HELPU_001673	3.3731976294026	-0.357818288226864	11.7997211035024	0.00261541000957521	0.0339246464456389
jcf7180000347295_164201_164300	HELPU_001676	-3.55117868014011	0.0730190118057962	10.5448936559502	0.00402894934965901	0.0438779878268121
jcf7180000347295_263901_264200	HELPU_001684	2.59642996823164	0.661348508902616	24.4195312556419	7.82371889420362e-05	0.00456976206455061
jcf7180000347295_322901_323100	HELPU_001689	-3.53884127769692	0.258180117001993	19.2426443409345	0.000283936157925123	0.00943096146870176
jcf7180000347295_344501_344600	HELPU_001692	5.32949011712988	-0.319762457062209	17.5602568979723	0.00061163687699749	0.0145578623705966
jcf7180000347295_367301_367400	HELPU_001693	4.35739372674505	-0.067726254719149	16.7516706623752	0.000617721890075873	0.0146527724893385
jcf7180000347295_390901_391000	HELPU_001694	5.28787342979843	-0.466924824119208	17.0694777311538	0.000623173993806981	0.0147302019073313
jcf7180000417110_97201_97300	HELPU_001697	3.03547404015409	0.380869169144553	10.3616145998434	0.00429890383787686	0.0456422245166879
jcf7180000417110_142701_142800	HELPU_001701	1.78131355219846	0.31318758191541	16.3558772229642	0.000631447435612873	0.0148553260484837
jcf7180000417110_173601_173700	HELPU_001705	-4.05897380948923	-0.172682721490544	15.6993101004484	0.000766313662194597	0.0165832858408965
jcf7180000417110_364901_365000	HELPU_001716	3.02926692001022	-0.302768207616598	10.7238897052865	0.00397595582482498	0.0435222603959476
jcf7180000417110_434201_434700	HELPU_001722	1.7417691293558	2.61693254450203	14.261932438272	0.00118285899816589	0.021343648816702
jcf7180000417110_441101_441200	HELPU_001723	4.33396798875179	1.27835617069311	21.3956804080934	0.00016268305412695	0.00688385568686953
jcf7180000417110_461501_461600	HELPU_001724	2.23624467862362	-0.144151816025956	12.5670276680241	0.00202515354495029	0.029078536916958
jcf7180000417110_478701_478900	HELPU_001726	-1.33998766460335	1.60564775762888	10.4760130817276	0.00412558188317889	0.0445161285133698
jcf7180000392926_189901_190100	HELPU_001744	2.63278867009748	0.245969710027765	10.9475381150946	0.00349952979228602	0.0403383948848192
jcf7180000392926_224401_224500	HELPU_001749	-6.07816775971373	-0.0585750081404952	18.2662903407373	0.000455001541738034	0.0122497158187236
jcf7180000392926_284501_284900	HELPU_001753	-2.76476938677052	2.10749079904861	18.1581654854404	0.000380654178693112	0.0110991550679816
jcf7180000392926_364401_364700	HELPU_001761	1.19001586950247	1.95047989419625	16.1635928481993	0.000667700222745336	0.0153427494344387
jcf7180000392926_374901_375000	HELPU_001764	4.83884855469243	-0.233503453532982	12.7046907612441	0.00193846558553291	0.0283772300044687
jcf7180000392926_385001_385300	HELPU_001765	1.22338841604608	1.39634579487802	10.6088069183249	0.00393553248554575	0.0432407366311486
jcf7180000347187_55601_55800	HELPU_001772	-2.02026753250234	2.20670522620047	11.5808815368035	0.00281603088367967	0.035441922748911
jcf7180000347187_290301_290400	HELPU_001787	-2.28374542324907	0.0577510026058853	10.0141425379596	0.00486761296666632	0.0491111268168422
jcf7180000347187_374801_375100	HELPU_001793	0.903138503752631	2.54091326690985	10.0647048341491	0.00477566316513474	0.0485323066825286
jcf7180000347187_391301_391500	HELPU_001796	3.1976774728638	1.6314040926503	11.262729063022	0.00313881137978025	0.0377985614035288
jcf7180000347187_429201_429400	HELPU_001799	6.34370493287116	-0.306252524935932	19.2513184073276	0.0003535763319568	0.0106614867786156
jcf7180000347450_101501_101800	HELPU_001808	1.97452972001931	2.99272099460294	13.6502547722829	0.00143172120283648	0.023858715904401
jcf7180000347450_119501_119600	HELPU_001810	-4.75638380311521	0.205369528944816	23.0140570661181	0.000109201387257938	0.00548837089807499
jcf7180000347450_244001_244100	HELPU_001824	-2.99359886264348	0.494108345559082	15.1111706327858	0.000913079368743919	0.018376235550254
jcf7180000347450_285001_285200	HELPU_001827	6.09517212654038	-0.0585602799662265	13.4932622005182	0.00187841731864128	0.0278466308915533
jcf7180000420515_111201_111500	HELPU_001842	2.37881937930953	0.813584069520902	12.9824702834631	0.00177155398369272	0.0269245937008996
jcf7180000420515_159101_159300	HELPU_001847	2.5837481157483	0.0389035879039516	11.4697052843911	0.00292444095846304	0.0362331884423261
jcf7180000420515_227601_228100	HELPU_001852	6.15643241669567	1.78376254118083	53.5205780394384	4.46099258667279e-07	0.000279305663182625
jcf7180000420515_250401_250600	HELPU_001854	2.28216805252709	3.51461192038832	13.8029442450464	0.00136458453290542	0.0231953782945349
jcf7180000420515_297601_297800	HELPU_001859	-6.91059478152013	-0.154035683495229	11.2849935491177	0.00371272355257889	0.0417602304729831
jcf7180000417119_75201_75400	HELPU_001875	2.47587803330128	0.244815796598864	17.0547351025021	0.000517802420669803	0.0132083672649622
jcf7180000417119_276901_277100	HELPU_001894	-1.68715752791029	0.452637934040505	13.6188736559911	0.00144404272429719	0.0239638584732994
jcf7180000417119_322201_322600	HELPU_001899	-3.44013052529683	2.2692943891488	38.8187514033624	4.34797979990688e-06	0.000946336481875326
jcf7180000422194_99901_100200	HELPU_001915	2.59049709422902	1.63414718715675	23.9334263971278	8.76886657462178e-05	0.00485153592113037
jcf7180000422194_265701_265900	HELPU_001925	-1.67559725178689	0.658076358743371	12.9507101101004	0.00178757855912213	0.027054729931502
jcf7180000422194_447701_447900	HELPU_001939	7.40528506861839	0.893867061524745	20.1564590296903	0.000321342324341527	0.0101166319997989
jcf7180000422194_476001_476100	HELPU_001941	-2.12685097811589	0.790169284227678	14.2242339133524	0.00119592876889671	0.0214951235873983
jcf7180000421847_40001_40300	HELPU_001947	0.990004223394897	3.23491994852644	10.5762681634396	0.00398087692415462	0.04356015566759
jcf7180000421847_141301_141600	HELPU_001951	2.86888835150568	1.99680670128753	18.7045235492005	0.000328026870456233	0.0102327743126313
jcf7180000421847_212101_212300	HELPU_001961	2.30464735293016	2.14029643800423	32.7348525497816	1.33032052270295e-05	0.00171023212009084
jcf7180000347170_65701_65900	HELPU_001972	2.90962427032892	0.339552069654162	10.6056392933929	0.00394367124041565	0.0432869868702255
jcf7180000347170_216401_216700	HELPU_001981	2.00562885484924	1.41943324531825	13.1684647893806	0.00166870775166614	0.0260772105570048
jcf7180000347170_236401_236700	HELPU_001983	2.53982275370166	0.685673079244262	16.4696053076077	0.000612073042171132	0.0145658229685901
jcf7180000347170_236401_236700	HELPU_001984	2.53982275370166	0.685673079244262	16.4696053076077	0.000612073042171132	0.0145658229685901
jcf7180000347170_299701_299800	HELPU_001990	5.7147545771886	0.138147893240743	19.9792309548626	0.00033525374043587	0.0103577754280293
jcf7180000347170_325801_326700	HELPU_001991	1.60703414497238	3.08813150716615	14.8124186763073	0.000999330479878408	0.0193512290572868
jcf7180000416165_201801_201900	HELPU_002019	-7.92559442903296	0.0880401788740468	20.0643396834488	0.000747995409785593	0.0163868599366235
jcf7180000420444_22801_22900	HELPU_002021	-6.70653495033691	1.41821971440502	13.3428856342055	0.00168821300555359	0.0262627518217304
jcf7180000420444_318501_318800	HELPU_002037	-1.52686714958887	2.55780139579083	11.3493050974834	0.00304709234920771	0.0371533574690953
jcf7180000420444_331401_331500	HELPU_002038	1.53876701263604	1.31240741285133	16.4136514916873	0.000620983725265535	0.0146972818936235
jcf7180000347139_123701_123900	HELPU_002063	2.67879165527726	0.0109101226986574	20.2956981500753	0.000215059952512904	0.00807008738614092
jcf7180000347139_125801_126000	HELPU_002064	2.34351482667186	1.4942322139098	15.9430082896346	0.000713310848970538	0.0159709829644676
jcf7180000347139_181701_181900	HELPU_002066	2.26724792304034	0.944816443165045	26.2784040707738	5.11066106953271e-05	0.00357771685829963
jcf7180000347139_299601_299700	HELPU_002072	5.73974146221714	2.00850467943809	36.1395308719245	7.00999575008811e-06	0.00121352748058112
jcf7180000347139_339801_339900	HELPU_002076	-3.44615733196947	0.897727225385744	14.5384409861098	0.00108640008945436	0.0203357947619939
jcf7180000347139_465101_465300	HELPU_002087	7.43116662584925	1.18337562602914	11.6638345983316	0.0030787661860507	0.0373741041084795
jcf7180000347139_487501_488100	HELPU_002088	1.93221058832007	2.77063757415451	12.5096915702858	0.00206602533884791	0.0294308171149446
jcf7180000417113_206401_206600	HELPU_002109	1.87768247444581	1.02118279236884	11.1288785084779	0.00328669854173431	0.0389167531660075
jcf7180000417113_246701_247200	HELPU_002111	-2.02694775048815	1.55388493842223	11.3469112920665	0.00304958804624174	0.0371727106698818
jcf7180000417113_335901_336100	HELPU_002119	1.80801834596539	0.404488049065209	10.0876772366164	0.00473927599440689	0.0483067821062005
jcf7180000417113_387401_387900	HELPU_002121	1.3785026847713	2.04290329234539	11.8849515116413	0.00254109101487753	0.0333503059071813
jcf7180000422221_110901_111400	HELPU_002133	-2.69113317891732	1.69482821512633	11.1687867702064	0.00324181225256674	0.0385784015604544
jcf7180000422221_130301_130600	HELPU_002134	2.95676114804411	1.93922029597762	19.7845281070443	0.000246050570001928	0.00873869079331794
jcf7180000422221_149501_149600	HELPU_002135	-3.45491825738396	-0.156742342847967	10.1255084081149	0.00467672026254066	0.0479204339782527
jcf7180000422221_277201_277300	HELPU_002145	3.5640551671446	-0.143411308972646	10.7213044722031	0.00378677680127099	0.0422727850517439
jcf7180000422221_290001_290100	HELPU_002146	-3.85251882298523	-0.0537036706612182	18.0743992894847	0.000389444607910541	0.0112560495166491
jcf7180000422221_292801_293400	HELPU_002147	-4.42113157630002	3.04398323060368	45.0520336023881	1.55285213191375e-06	0.000551150901595615
jcf7180000392780_212001_212600	HELPU_002165	2.2081904939433	1.49841012509307	28.3331233950501	3.25874842592764e-05	0.00278694785187605
jcf7180000392780_235101_235300	HELPU_002169	2.09283147246736	2.78505195522571	24.8119723469295	7.14238207066932e-05	0.00434161941713837
jcf7180000417107_106501_106900	HELPU_002177	3.10989871550402	1.84132987442651	15.1039696381341	0.000915058874704264	0.0183953936205024
jcf7180000417107_118901_119100	HELPU_002178	4.55376473236866	1.06076619939327	15.7750383255351	0.000749391371008176	0.0163964496389702
jcf7180000417107_122301_122800	HELPU_002179	2.25154411281043	0.707439803562739	24.9988046567317	6.82199968224539e-05	0.00422213678259832
jcf7180000417107_454801_454900	HELPU_002202	-2.90418911921773	-0.213670951287737	16.1484407022241	0.000670653219839694	0.015385918285865
jcf7180000347142_3701_3900	HELPU_002207	-2.29133542984086	0.80621034513274	19.0708105256178	0.00029665372403371	0.00965673783541349
jcf7180000347142_40901_41000	HELPU_002212	6.12666641389531	-0.107298232370014	22.309950897932	0.000228309709019927	0.00837419196125631
jcf7180000347142_125701_126200	HELPU_002220	1.21848410501917	3.99570544173872	12.4462498437985	0.00210788324581057	0.0297944470217027
jcf7180000347142_147601_148000	HELPU_002221	-2.09897771611561	1.76957048041558	13.1980875340916	0.00165294626306888	0.0259537572246481
jcf7180000347142_156201_156400	HELPU_002222	-1.895776516325	2.65518261165126	20.0686944873337	0.000228439902120162	0.00837780214782117
jcf7180000347142_379801_380300	HELPU_002234	-2.02491213071326	3.54841567684611	11.0307705732701	0.00340000275237066	0.0396927410715399
jcf7180000347142_469601_469900	HELPU_002238	-1.19445628342887	1.88913331753323	11.5246610613162	0.00286722846098525	0.0358093505884112
jcf7180000347825_81701_81800	HELPU_002249	3.1113247958877	-0.0935360966057928	10.4672718777145	0.00414091217599534	0.0446125423844812
jcf7180000347825_212201_212500	HELPU_002258	1.6502743439526	0.966722213412143	16.8274261797901	0.000551407553192247	0.0136905688901454
jcf7180000347825_232601_232800	HELPU_002261	2.41455876467713	0.179308709141756	10.9777200620431	0.00346307038165504	0.0401195947341169
jcf7180000347825_270801_270900	HELPU_002264	6.86626737053245	0.721783523444784	11.346975687434	0.00341448572433298	0.0397787725764061
jcf7180000347825_274901_275700	HELPU_002265	-1.02931178954029	4.50738967827824	11.1186446711162	0.00329497420405161	0.0389598604743758
jcf7180000422581_68401_68800	HELPU_002268	-3.44107441391189	3.02007105059622	26.0168297298459	5.4275496061132e-05	0.00369877885089266
jcf7180000422581_161901_162200	HELPU_002277	3.07249413525171	0.456446910297763	18.7513342133304	0.00032390590394852	0.0101549251696872
jcf7180000422581_185701_185900	HELPU_002278	2.79802553777577	1.06473625665887	17.4687731420541	0.000460806667268437	0.0123508890659527
jcf7180000422581_304501_304600	HELPU_002282	-5.35625842458813	0.115938192316464	16.7354165607907	0.000758697177068912	0.0165004826375336
jcf7180000422581_312801_313100	HELPU_002283	0.838641023020373	2.84122148255747	12.3414678034377	0.00218101341824717	0.030421287087815
jcf7180000422581_447601_447700	HELPU_002288	-2.8022745612387	1.31995848334297	12.8206762650206	0.001866743705615	0.0277358948337709
jcf7180000347200_107901_108200	HELPU_002299	2.07557255866191	0.642471743768742	14.0680715311169	0.00125612712682192	0.0221136278152564
jcf7180000347200_132701_132800	HELPU_002301	6.90666136994079	1.96178824351771	53.4375437183318	4.5125980112171e-07	0.000279689773790678
jcf7180000347200_257601_257800	HELPU_002309	-2.92443474479668	2.64794300792871	48.0104712915711	9.86472108114147e-07	0.000428109464410319
jcf7180000417205_29801_30000	HELPU_002321	4.12908690270175	-0.121749107098615	17.3431195771992	0.00047733568895209	0.0125941257718755
jcf7180000416179_10301_10500	HELPU_002345	2.68941633806545	0.0466673964162768	13.322533513802	0.00158811891361943	0.0253875336266791
jcf7180000416179_191901_192300	HELPU_002361	2.14788535994546	2.00881904234582	11.4156815170799	0.0029787845059492	0.0366417828643966
jcf7180000416179_209401_209700	HELPU_002362	-2.23872948999503	0.697782643112018	12.4714784082997	0.00209209662937745	0.0296679355016682
jcf7180000416179_238601_238900	HELPU_002366	-6.18266054046668	-0.0488987674481157	18.7794421547348	0.000398619738098933	0.0114038609393191
jcf7180000347226_93801_94000	HELPU_002372	-3.82332104976645	0.204406275368986	14.0591011019811	0.00125963687371596	0.0221549899188112
jcf7180000347226_257001_257200	HELPU_002387	-3.79640146180701	0.308229381226704	19.3950974454898	0.000272664928036926	0.00923478743559567
jcf7180000413282_78301_78600	HELPU_002398	2.89785717910639	0.400472403441356	24.6165910515868	7.45242834022203e-05	0.00444941250265911
jcf7180000413282_98101_98200	HELPU_002400	1.23463017416329	1.90262752956566	12.4642617055311	0.00209457935459659	0.0296856936246853
jcf7180000413282_156801_157300	HELPU_002408	-3.14539436296604	4.34191130184558	20.7180888862552	0.000193187981826043	0.00759070924288207
jcf7180000413282_164901_165000	HELPU_002409	-3.38710624241454	1.4748370245925	20.8444956133681	0.000187049166789915	0.0074483430691137
jcf7180000413282_205401_205600	HELPU_002411	2.26477845104451	1.42116407061925	11.6343623085321	0.00276547369029694	0.035061363876181
jcf7180000413282_281001_281200	HELPU_002417	2.1283194165388	1.29637917413559	20.6042856141804	0.00019890518562247	0.00770721877580075
jcf7180000347790_144001_144100	HELPU_002428	-3.96968409174012	0.241353530988285	34.9269674508029	8.7697221614292e-06	0.00135192960685236
jcf7180000347790_266101_266300	HELPU_002437	-3.84133144171468	-0.294986949151212	21.4948407861472	0.000158308607063948	0.00677178306384489
jcf7180000417117_116501_116700	HELPU_002449	3.74639987940559	0.453135692690695	18.0989970500657	0.000386891332379638	0.0112116677114025
jcf7180000417117_169001_169200	HELPU_002455	2.23987746695108	1.07082460221685	11.1378041657414	0.00327660000853421	0.0388342247959792
jcf7180000417117_207601_207700	HELPU_002457	2.42973167736702	0.0600076285668814	15.5955495514053	0.000974183649689394	0.0191098402813652
jcf7180000417117_246701_246900	HELPU_002462	-3.56850398761219	0.392556984379346	13.0514611265657	0.00173260859874433	0.0266254927238882
jcf7180000347218_14201_16200	HELPU_002472	-5.53777213120102	2.99662752146091	21.6111267599864	0.000154128889467255	0.00667371018680963
jcf7180000347218_36301_36400	HELPU_002474	-3.73337011748243	0.100803999886105	11.5528380971336	0.00284295010794452	0.0356210704535532
jcf7180000347218_49801_51700	HELPU_002475	-5.77013139265078	3.32834581443109	15.3996669214752	0.000837536404635142	0.0174378890579654
jcf7180000347218_68101_68200	HELPU_002477	-5.32624191050337	1.15776542262167	50.1048002875977	1.83084574106062e-06	0.000596693862448761
jcf7180000347218_240701_240900	HELPU_002487	3.48845705481018	-0.147996186252105	27.9156748861054	3.5629995583991e-05	0.00291388197389939
jcf7180000347218_290101_290400	HELPU_002491	7.51771282257766	0.300079627986038	35.0287577165196	1.67035580126603e-05	0.00194091278332343
jcf7180000347218_372801_373000	HELPU_002495	1.90207519565177	0.319224155189189	15.2676175045592	0.000869875005034754	0.0178324998616583
jcf7180000417215_60301_60500	HELPU_002501	-1.89713250351822	0.656655699928508	10.6951182640913	0.00382168102050697	0.0425199125878166
jcf7180000417215_167301_167600	HELPU_002506	-2.05587483464744	1.93522283393726	27.9816781518296	3.51271580417632e-05	0.00289036670394373
jcf7180000417215_177301_177500	HELPU_002507	-5.33361900459525	1.85307212796983	10.9030281544687	0.00355407671515269	0.0407076042168423
jcf7180000417215_226001_226100	HELPU_002514	5.72148735691968	-0.256907565350394	12.1376845541671	0.00264347776950934	0.0341514310687602
jcf7180000417145_114401_114600	HELPU_002526	4.64986405687791	1.68409257473366	20.8353123312933	0.000187487819983751	0.00745855191867859
jcf7180000417145_119901_120200	HELPU_002527	1.75376643488038	1.15054890233212	17.3748704778855	0.000472536615804205	0.0125263531008747
jcf7180000417145_121601_122000	HELPU_002528	1.34841320895785	3.36322240009162	11.6894788799676	0.00271442047266457	0.0346677310276998
jcf7180000417145_132101_132200	HELPU_002529	3.76041049459823	0.201033481757439	14.5520364435561	0.00108188698006114	0.0202808243398144
jcf7180000417145_158201_158600	HELPU_002531	2.25438318264422	1.48279348890358	17.7245213590478	0.000429081360452959	0.011857476567367
jcf7180000417145_202801_203100	HELPU_002534	1.68699442375722	2.12454312884885	24.3803626587073	7.87400983591735e-05	0.00458307054515809
jcf7180000417145_210701_211200	HELPU_002535	1.45057221382019	2.92370263323317	11.2932605987405	0.00349059683265929	0.040285324342931
jcf7180000417145_273401_273700	HELPU_002539	1.58397267768496	1.35310977375424	13.8044398728801	0.00136297915725883	0.0231825434130745
jcf7180000417145_303701_303900	HELPU_002541	2.3272161722407	0.73020599180854	12.40094532685	0.00214118077441264	0.0301016975396431
jcf7180000415302_21101_21200	HELPU_002543	2.04086400339835	1.31133394093152	10.2731794753769	0.00443629645537226	0.0464787780343348
jcf7180000415302_376401_376600	HELPU_002569	2.30650415744348	0.691954299402266	21.1088567939143	0.000174894287242556	0.00718246036495686
jcf7180000362298_68601_68800	HELPU_002578	-2.01243608978563	0.947883447772047	11.7040547675606	0.00270109442382671	0.0345679984153261
jcf7180000362298_88401_88800	HELPU_002581	7.27934391881568	2.18810612554877	68.8539487651524	6.51069971368193e-08	0.0001028594427919
jcf7180000362298_267301_267400	HELPU_002595	1.67019842978311	1.61856879065602	9.98051033330166	0.00492695180200513	0.049439387887091
jcf7180000417132_25701_26000	HELPU_002599	1.63589780131396	0.699977693889484	16.1615493991312	0.000668097630805773	0.0153482953103963
jcf7180000417132_113001_113700	HELPU_002604	-1.41094831093008	3.23444133269803	13.9642368197372	0.00129742447720687	0.0225638597639942
jcf7180000417132_177501_177600	HELPU_002609	1.97729624388705	1.88027641638412	33.7817244491493	1.08448577211265e-05	0.00152566800711645
jcf7180000347530_120501_120700	HELPU_002626	1.88712906849272	0.333304342145526	18.8172802810005	0.000317558074415701	0.0100327825480549
jcf7180000347550_86901_87500	HELPU_002656	2.10376429608118	1.06381711398247	14.2448105769473	0.00118913598279707	0.0214125452229906
jcf7180000347223_17401_17500	HELPU_002676	-6.91976217825487	-0.569895718156384	16.4094964770258	0.000923716366179054	0.0185006158741045
jcf7180000347223_76901_77000	HELPU_002681	1.9745003389846	0.389103288343796	10.9088449406009	0.00354689496315585	0.0406565745002337
jcf7180000347223_191701_191900	HELPU_002690	-1.91214167777106	1.77104009258777	12.8670565902863	0.00183888996926687	0.0275186905552352
jcf7180000415683_84701_84900	HELPU_002711	3.53603872243919	2.98314409265104	28.5810519917099	3.10034746103563e-05	0.00272322516256003
jcf7180000415683_107201_108000	HELPU_002712	1.42989113989021	4.48095492863983	10.4068310010546	0.00423048602312864	0.0451765498526085
jcf7180000415683_114001_114100	HELPU_002713	2.48755581887383	2.2046559331103	15.5306033251929	0.000805551734343501	0.0170495652562481
jcf7180000415683_241901_242200	HELPU_002727	-3.17852867349273	0.297420868925401	19.2798048287678	0.000281142174062563	0.00937719780312264
jcf7180000347101_26901_27100	HELPU_002734	3.28862112445491	0.104328021910127	11.7050148342225	0.00270021922850184	0.0345645197069225
jcf7180000347101_216801_217000	HELPU_002746	3.26983822973467	1.61725781105816	29.9440635221128	2.33108979862097e-05	0.00234151575686349
jcf7180000347101_242501_242600	HELPU_002747	1.86636763389202	0.805397696796159	10.10863644289	0.00470509846727778	0.0480949016340235
jcf7180000347101_302101_302400	HELPU_002752	1.76478404253027	0.839925896555565	10.9831400773691	0.00345656780229905	0.0400815491643702
jcf7180000347101_349001_349400	HELPU_002754	-1.68854008115195	2.72075951849171	12.6813618181221	0.00195325699478904	0.0284971382957642
jcf7180000347101_400001_400100	HELPU_002759	6.44928943439837	-0.268986803894804	26.6257961540385	6.53577159215367e-05	0.00410801283701075
jcf7180000347101_424501_424800	HELPU_002760	-4.686983587001	2.01822898817433	19.1904729318008	0.000287910601068104	0.00950061863273432
jcf7180000417141_209501_209600	HELPU_002775	8.43651758194398	0.148290113076164	47.6537597526889	0.000225515179099216	0.00831213951921903
jcf7180000348081_26001_26100	HELPU_002788	3.73776546039729	0.421766315471259	24.2933838184154	8.0577045905476e-05	0.00464188284947059
jcf7180000348081_182901_183200	HELPU_002803	1.61660992126297	3.89455499851241	14.6808460016157	0.00104014130733905	0.0198259502387172
jcf7180000348081_222301_222500	HELPU_002809	2.02549915252514	2.0877220841263	17.4096316384685	0.000468506326472726	0.0124702965869904
jcf7180000421994_42501_42700	HELPU_002810	-4.3961332566873	0.0332108853681215	31.9965480623218	1.53447592364665e-05	0.00185504690599342
jcf7180000421994_179301_179500	HELPU_002820	2.37332636942506	-0.124593520939725	10.5441294670634	0.00402755536772056	0.0438664765879571
jcf7180000393254_67701_68100	HELPU_002840	3.42512785827754	2.06789971417441	22.7348105021914	0.000116841799877321	0.0056924833105694
jcf7180000393254_196001_196100	HELPU_002852	6.92233896440955	1.00469358680271	12.8071454455471	0.00214111615921542	0.0301016975396431
jcf7180000417134_292501_292800	HELPU_002876	-3.83063078693983	1.23768947091924	25.8194451592756	5.6742830674533e-05	0.00379115436473396
jcf7180000417217_124401_124500	HELPU_002879	-5.56001831356278	0.0740747518638194	15.4817404380668	0.00117963522468923	0.0213267088001349
jcf7180000417217_125501_125600	HELPU_002880	-2.63871284126504	0.260551407939823	11.0702874013516	0.00335385208899223	0.039376692584595
jcf7180000417217_204101_204200	HELPU_002887	3.37857334102706	0.0181588918356181	14.5118510493418	0.00109528709613381	0.0204324473807684
jcf7180000421131_158401_159400	HELPU_002901	1.15779389494757	3.83568376025445	12.8457128611461	0.00184936923223503	0.0275906247689529
jcf7180000421131_175901_176000	HELPU_002903	2.48239861414816	0.912699236884488	11.3471862625164	0.00304930125657783	0.0371718352008778
jcf7180000347571_6101_6300	HELPU_002910	-3.55189024496219	1.18712863400721	10.5828590371665	0.00397541440642959	0.0435219975610752
jcf7180000347571_32101_32500	HELPU_002912	2.14832126183287	2.37976662212251	18.5044726646069	0.000346302214009314	0.0105462680118832
jcf7180000347571_95501_95700	HELPU_002918	1.30405187840386	1.6249723258075	13.4424184123144	0.00152705044231314	0.0248093971416299
jcf7180000347571_192301_192400	HELPU_002929	6.88459736453571	-0.781943997329579	25.0429382616547	0.000393823264511293	0.0113288757842901
jcf7180000347444_71601_72000	HELPU_002935	-3.63089209071849	1.89554493223253	28.0306805476106	3.48701870889074e-05	0.00288406812945136
jcf7180000347444_83201_83900	HELPU_002936	-4.33817816360988	2.28662963534115	13.9250309176252	0.00131340621937203	0.0227184614527492
jcf7180000347444_102101_102300	HELPU_002937	4.8079234485459	-0.462551683951752	13.3660808678771	0.00179997477300662	0.027144809893538
jcf7180000347444_139501_139700	HELPU_002939	3.33197354982952	2.32073783223943	13.5699361993885	0.00146849737159913	0.0242133407289777
jcf7180000347444_149101_149400	HELPU_002940	4.12262702598486	1.52883164322532	11.7414753302704	0.00266721335764034	0.0343045316743982
jcf7180000347444_208101_208700	HELPU_002944	-4.37035219856308	1.02722281149898	35.5515586934464	7.80923511574179e-06	0.00126946070779285
jcf7180000349188_17801_18000	HELPU_002952	1.66104439994295	1.35844302304859	14.6414234104911	0.00105138988342332	0.0199392373185431
jcf7180000349188_65301_65400	HELPU_002957	3.35760299306584	0.759486150382325	18.3688656808277	0.000359328469277029	0.0107590816924118
jcf7180000392797_23901_24200	HELPU_002970	2.26589939069027	1.52969516761633	14.2692921056147	0.00118017216334736	0.0213273135759843
jcf7180000392797_61001_61400	HELPU_002971	2.12695036311454	2.13974983612043	12.1673272622131	0.00231309093195796	0.0314631015187816
jcf7180000392797_79701_79900	HELPU_002972	6.72470266075868	0.718119275649198	36.2443122554251	1.07224740621372e-05	0.00151964674824135
jcf7180000392797_148501_148800	HELPU_002980	2.33169932989779	1.65485096757379	28.6759980798778	3.03854670792353e-05	0.00269532925955532
jcf7180000392797_158001_158200	HELPU_002982	-2.13034233545216	0.623695914518304	14.5696455244416	0.00107576531714426	0.0202174087896993
jcf7180000392797_201901_202100	HELPU_002984	-2.77190277421201	-0.195069687005364	19.0150735265692	0.000301115769561601	0.00973450186548766
jcf7180000392797_232701_232800	HELPU_002986	2.26080935318975	1.28834878761896	11.4457894613485	0.00294836157369743	0.0364287102264444
jcf7180000392797_238801_238900	HELPU_002987	3.92605242013456	0.709846226551504	19.7725508561237	0.000246825038087803	0.00875400633783746
jcf7180000392797_284301_284500	HELPU_002990	2.50617163803277	3.11628211419517	20.0290073497826	0.000230813699791174	0.00843954988168196
jcf7180000420434_188301_188600	HELPU_002996	-2.8059737682694	1.31147059177503	26.5608949829039	4.80655602540642e-05	0.00345911412735951
jcf7180000420434_198901_199000	HELPU_002997	3.04295470599609	-0.130833151394687	13.719143950468	0.00150236017853293	0.0245810875617874
jcf7180000420434_217001_217200	HELPU_003000	1.29889090878427	1.2341075420255	10.3746606570984	0.00427509099729221	0.0454985133237251
jcf7180000413332_241601_241900	HELPU_003028	-1.21767176290313	1.09994490469813	10.285549742199	0.00441276171957199	0.0463279613554016
jcf7180000413332_251001_251400	HELPU_003030	2.18169769079581	2.4140013501702	16.6288696346839	0.000584663511879064	0.0141644563024825
jcf7180000413332_330901_331000	HELPU_003035	-4.8931209922577	4.22585610738162	17.3749589216694	0.00047308635888165	0.0125328067439322
jcf7180000347549_154901_155600	HELPU_003044	1.62703576757931	2.72578627187149	10.5882655754444	0.00396785507840134	0.0434714663863932
jcf7180000347549_166701_166900	HELPU_003046	-4.04809124752775	0.223474168191917	19.9348560108065	0.000236554737899332	0.00854961058830184
jcf7180000347549_281401_282000	HELPU_003055	-1.67356119911347	4.91979047530229	31.9123053651285	1.56029116493243e-05	0.00187148039153308
jcf7180000347134_24601_24900	HELPU_003059	-3.56785577046892	3.22864367121006	33.8986605234536	1.06471415309458e-05	0.0015127127020259
jcf7180000347134_102401_102700	HELPU_003064	0.929088475546827	3.22042090610197	10.5672595317123	0.00399353318224896	0.0436436235183343
jcf7180000347134_231701_232200	HELPU_003079	-1.36456218645488	3.94612530359437	15.0179901212277	0.00093832254366162	0.018677740289883
jcf7180000347134_290001_290200	HELPU_003085	3.1490205724237	-0.144117631374974	14.0304098584774	0.00127093555695366	0.022278473609031
jcf7180000347527_116701_117400	HELPU_003105	-1.776085052365	3.04300182524594	15.4730635037053	0.000819438024764299	0.0172352043778472
jcf7180000347527_135001_135200	HELPU_003107	-1.11668051474325	2.93113646924332	10.8750263527271	0.00358534419824392	0.0409523756681905
jcf7180000347527_209801_210100	HELPU_003114	-1.96692862346331	1.1630321591886	13.0117120744163	0.0017549298941971	0.0267990126708282
jcf7180000348922_2601_2900	HELPU_003118	1.36592539614005	3.03099115528689	10.7404413980396	0.00376149245366383	0.0420988199056568
jcf7180000348922_36301_36600	HELPU_003121	1.33872609996538	1.42832708830786	13.6602625959902	0.00142530349464223	0.0237905461226651
jcf7180000422192_137201_137300	HELPU_003137	3.923447060428	-0.834237130277972	13.2212871800312	0.00242543016037314	0.0323797617325888
jcf7180000422192_226401_226600	HELPU_003143	1.4268855443735	0.764557460743494	10.1944720901954	0.00455913128408916	0.0472247322547304
jcf7180000392528_9701_9900	HELPU_003152	-3.83704873701996	1.88747839485049	10.4848928930952	0.00411519556978327	0.044439116327338
jcf7180000392528_62701_62900	HELPU_003154	-2.81675971563373	0.411088532658664	40.1168432308036	3.46140272199796e-06	0.000836037830937727
jcf7180000392528_99601_100200	HELPU_003157	1.11505229133329	3.1643150206814	10.2845134060351	0.00441579166709651	0.0463397920475493
jcf7180000392528_126301_126400	HELPU_003160	4.10193254683067	2.36759557887549	19.950614389032	0.000235582966958621	0.00853495098369047
jcf7180000392528_253101_253400	HELPU_003167	4.00753776379787	3.0145136120137	39.592445255268	3.80363810931817e-06	0.00088001991335838
jcf7180000392528_369601_369900	HELPU_003170	-3.19698709942964	1.18260476321428	21.1704022550439	0.000172191245042137	0.00711383553204735
jcf7180000347661_11801_12000	HELPU_003172	1.57447264690466	0.665832442756491	10.1460662389463	0.0046394419118575	0.0476961138684042
jcf7180000347661_74001_74100	HELPU_003178	-4.20673788976826	-0.494271342677659	12.7594244950006	0.0019042467659817	0.028085874790929
jcf7180000347661_246401_246900	HELPU_003190	-2.48395868382381	0.884568310553294	10.2455444979646	0.00448022457457567	0.0467387183430066
jcf7180000347851_3201_3500	HELPU_003192	2.86269630405526	0.149897206497921	13.2643068164012	0.00161830508894014	0.0256360971024754
jcf7180000347851_141601_142000	HELPU_003206	4.23078050358571	2.80454588905662	63.3861306772377	1.24034028172714e-07	0.000142579185772324
jcf7180000347851_206001_206200	HELPU_003209	1.40064846423031	1.83952737142128	12.0694579779398	0.00238797138783429	0.0320800888489781
jcf7180000347826_220601_220700	HELPU_003227	3.12223213163516	0.167558322626794	21.2958445170644	0.000245940972128962	0.00873869079331794
jcf7180000347826_236301_236500	HELPU_003229	1.81243061494987	0.836813185349895	14.4932005004565	0.00110073779418583	0.0204874276545106
jcf7180000348657_19701_19900	HELPU_003236	4.15533713671064	-0.436669466548656	11.9184593930963	0.00266329461061435	0.0342910853831896
jcf7180000348657_118101_118200	HELPU_003247	4.27597875017381	-0.0366541023220252	22.827400355283	0.000114245063406255	0.00562496709540591
jcf7180000348657_161601_161800	HELPU_003250	-3.22704736908429	0.355294742972234	25.2605864782328	6.44250746246137e-05	0.00406724285860794
jcf7180000348657_188001_188300	HELPU_003252	2.10319351577644	0.592083850240536	12.9021533979218	0.00181625447354314	0.0272926037507759
jcf7180000347526_111401_111500	HELPU_003259	-4.59384357194311	0.463767911434106	26.0763842451063	5.35544536268571e-05	0.00367244341058206
jcf7180000347526_125701_125800	HELPU_003261	-6.2586458567269	-0.649801304057466	12.2152672106403	0.00257899205069926	0.0336335180123679
jcf7180000347526_141301_141400	HELPU_003264	2.1792395583338	0.244008135493563	16.6805053149831	0.000575074493356267	0.0140315922913839
jcf7180000347526_149301_149500	HELPU_003266	2.21306681217378	1.5275836491213	19.09842883869	0.000295073102940066	0.00962615380568504
jcf7180000347526_195501_196400	HELPU_003269	-1.05421008502864	3.19315140695675	12.390635835253	0.0021459389277754	0.0301405169317486
jcf7180000347526_205301_205700	HELPU_003271	2.30900935238182	2.46309238827508	15.9425060395206	0.000713415831168665	0.0159716708046074
jcf7180000347526_505001_505400	HELPU_003277	-1.18306125835663	2.92935499949885	16.6050367584335	0.000587665824879776	0.0142063355816472
jcf7180000392412_60901_61100	HELPU_003283	1.22302432473916	0.569442613408695	10.5510170300897	0.00485095022291443	0.0490031482970066
jcf7180000392412_117501_117600	HELPU_003284	1.24886635638755	0.852198793802698	12.2338537075869	0.00226001781045401	0.0310483474305124
jcf7180000392412_185001_185300	HELPU_003287	2.46431414238337	0.0465099362934682	11.0728533370796	0.00335087951108291	0.0393586707737645
jcf7180000392412_196001_196600	HELPU_003289	2.54815043337166	2.3630089529347	57.1304975826515	2.72184809787109e-07	0.000210705617602411
jcf7180000392412_241901_242200	HELPU_003294	2.50601711558324	1.46055404030753	34.3246047946368	9.78166099730855e-06	0.00143604911044392
jcf7180000392412_278201_278400	HELPU_003296	-1.54914648175299	0.884995094519064	10.3408076876249	0.00432919569625561	0.0458147094916731
jcf7180000347183_194701_195000	HELPU_003301	-2.88229379993066	1.55613272197629	13.0727203026252	0.00172079950080865	0.0265272531220526
jcf7180000347183_364101_365700	HELPU_003310	-1.57559138206156	3.94632802514377	21.5990495284822	0.000154253152517566	0.00667371018680963
jcf7180000347183_469001_469200	HELPU_003314	1.27797135803111	1.40413260194716	13.6783306879284	0.00141720747605751	0.0237009683975433
jcf7180000347183_475601_475800	HELPU_003315	6.02228158617447	0.920090980561362	23.2686266596954	0.000102713960737686	0.00531719711408152
jcf7180000347183_525301_526000	HELPU_003319	-2.86861020043583	1.4918732710246	21.7178175115739	0.000150077403464956	0.00657537115684106
jcf7180000347068_12101_12200	HELPU_003321	-5.28641902106524	0.281470760402749	17.7351786451728	0.000659735033357891	0.0152441050661181
jcf7180000347068_178901_179000	HELPU_003331	2.65002281682871	0.250864823438036	12.7492633968398	0.00191054846617457	0.0281411429353586
jcf7180000392949_80101_80200	HELPU_003348	-1.69609664069348	0.567591557491266	19.1246842062902	0.000292410086081997	0.00957847023401282
jcf7180000392949_182101_182600	HELPU_003357	-5.18417856561011	3.04212864611953	61.463037863205	1.57198819534388e-07	0.00015798591678167
jcf7180000392949_206101_206300	HELPU_003360	1.72770100777285	1.87884403484256	25.695258175762	5.81893215904336e-05	0.00384919002660119
jcf7180000420472_155901_156300	HELPU_003367	-2.8337232915977	6.48180958192639	12.2549648078211	0.00224687204979431	0.0309450796079451
jcf7180000420472_182101_182700	HELPU_003369	-3.08108982612631	2.3049445412709	19.8469582615818	0.000242056895527735	0.0086718737229922
jcf7180000420472_196201_196400	HELPU_003370	3.48027384694832	0.250887053714062	25.2482584155097	6.46069814531593e-05	0.0040769296930346
jcf7180000420472_297201_297300	HELPU_003373	3.32219879493792	0.567846609646044	19.6487098263453	0.000254992380040068	0.00889296268399686
jcf7180000417214_38601_38800	HELPU_003384	4.19458976859918	0.301593156758195	18.1515578444766	0.000381345177982451	0.0111095088690653
jcf7180000417214_168101_168700	HELPU_003396	-2.63999853442075	-0.00730149820481526	21.0834636222615	0.000175617678378507	0.00719314239452604
jcf7180000417214_217501_217900	HELPU_003402	1.45812524280021	1.79292673133809	11.8605152790979	0.00256163523482814	0.0335124461225048
jcf7180000347084_89801_90000	HELPU_003408	1.91300642852941	2.80627223797675	16.9973661342288	0.000526296190105159	0.0133206500495231
jcf7180000347084_125901_126200	HELPU_003413	1.00703563859056	3.67511964539759	15.720369857855	0.0007603447332805	0.0165200076552631
jcf7180000392812_190601_190800	HELPU_003440	2.74649594495461	0.232804935415849	20.2281603245056	0.000219169650105752	0.00816933090331191
jcf7180000392812_356101_356300	HELPU_003447	2.08290155551588	0.815783760764782	9.99957615810978	0.00489321507656093	0.049261850716464
jcf7180000347659_47501_47600	HELPU_003448	2.93954033236863	1.17842545049089	21.4670252126938	0.000159793725659518	0.00680785920860906
jcf7180000347659_57501_57700	HELPU_003450	6.37586755191924	1.05968479138119	34.6433900877066	1.41383266941941e-05	0.00177070332314733
jcf7180000347659_164601_164800	HELPU_003459	-7.68483510588887	0.346486662710998	16.042734263415	0.000913255501048511	0.018378488962188
jcf7180000347659_193601_193700	HELPU_003461	3.01160637964633	-0.454225997556082	11.8868064785284	0.00253720366242407	0.0333160791004052
jcf7180000347659_208101_208400	HELPU_003463	1.84018132094847	1.61642393000735	10.4604353774557	0.00415093754703957	0.0446827397425796
jcf7180000347659_221801_222100	HELPU_003464	-5.7894166278832	3.51740489506007	30.0377002159813	2.28654982660172e-05	0.00231399276856451
jcf7180000373255_155001_155300	HELPU_003474	4.20553794318971	1.04501351314993	28.7053294376879	3.01973013717639e-05	0.00268612498136964
jcf7180000373255_201001_201100	HELPU_003477	5.41866235912486	-0.364330830508581	28.7336222649064	2.99773043739628e-05	0.00267643043839691
jcf7180000373255_205401_205500	HELPU_003478	2.97634534230332	0.849247439537417	10.5869034834574	0.00440023163942896	0.0462511852830482
jcf7180000373255_228601_228800	HELPU_003481	2.63483910397157	2.81833153708755	11.7263564250637	0.00268084517794547	0.0344211243402988
jcf7180000348293_21901_22000	HELPU_003504	6.31374871920803	-0.370225682234918	11.4872383010827	0.00403435585239412	0.0439021482365294
jcf7180000347315_155701_156000	HELPU_003519	2.11491611062664	1.94617114350884	13.9316301722692	0.00131070095242132	0.0226867380770595
jcf7180000347315_217201_217500	HELPU_003524	1.73076847701071	0.620791821907833	11.0671652744225	0.0033574729467147	0.0393987453031991
jcf7180000413273_31601_31800	HELPU_003538	3.16287540125342	0.0883056892473101	17.7453372621498	0.000426607285358038	0.0118288330032185
jcf7180000413273_140301_141000	HELPU_003545	-4.42734829723295	0.842144273961354	26.4202084931255	4.95926126598199e-05	0.00351687627291761
jcf7180000413273_324301_324600	HELPU_003557	5.66472747131561	0.393808289055999	44.9453365842313	1.57909137294916e-06	0.000554962459729705
jcf7180000417128_167201_167300	HELPU_003563	4.26556363756058	0.498632543465319	15.1899959381674	0.000965678275521249	0.0190022211749605
jcf7180000417128_172401_172500	HELPU_003565	-4.11495160397068	1.10788591092755	11.1549221812701	0.00325732873749006	0.038695487466014
jcf7180000417128_347801_347900	HELPU_003573	9.48642396322854	0.9998409786298	31.6394775766592	0.00011042905653568	0.00552983510485014
jcf7180000417128_359801_359900	HELPU_003575	1.67778498966726	0.670206297515334	10.6990686416379	0.00381639267750655	0.0424887777485708
jcf7180000396137_120801_121100	HELPU_003590	-2.5004261034486	1.24334394880689	11.3286283636167	0.00306872410915683	0.0373075314267175
jcf7180000350536_99601_100100	HELPU_003607	1.89638427320418	1.67572706588467	16.9663738816034	0.000530948671502187	0.0133700074740259
jcf7180000350536_132401_132500	HELPU_003610	2.78223224256943	0.31855724558274	10.7666151972077	0.00372721354206981	0.0418656703221345
jcf7180000350536_146901_147300	HELPU_003611	-1.78054636531693	3.30442224865706	13.724210668794	0.00139875769690421	0.023509544611858
jcf7180000347158_53001_53900	HELPU_003619	-1.80564879835735	1.92017568866351	20.3819432587942	0.000210317389341221	0.00796833053926428
jcf7180000347158_94301_94500	HELPU_003621	1.8357468526066	0.605304217507519	11.7169047711062	0.00268940638702413	0.0345001165897599
jcf7180000347158_117301_117500	HELPU_003623	2.31241462315788	0.360053946966146	15.6705498406849	0.000772850711936234	0.0166602928326755
jcf7180000347158_126001_126400	HELPU_003624	-2.19670075587268	1.84792932859375	15.2537418439467	0.000874845902116423	0.0179038065041274
jcf7180000347158_134801_135000	HELPU_003625	2.92719180973771	1.37996439005254	31.7576821019994	1.61482331790797e-05	0.00190837207384244
jcf7180000347158_301101_301400	HELPU_003633	-4.00473933655	0.647995237305468	44.2740453678011	1.75580129906246e-06	0.000588197542323467
jcf7180000347158_315601_315800	HELPU_003634	3.05833786602601	2.82390928088499	54.3845014392125	3.94593316918787e-07	0.000260209221146666
jcf7180000347158_413201_413500	HELPU_003640	-4.08876333556855	1.66216989162415	17.4922304405132	0.00045779153237471	0.0122970885532675
jcf7180000413301_44101_44200	HELPU_003645	5.9116115982005	0.396123661354685	11.3929226860585	0.00415155283901226	0.044683482076498
jcf7180000413301_120401_120500	HELPU_003651	2.16547289271805	-0.322576462899746	10.3081944827416	0.00437731647881412	0.0461245598844377
jcf7180000413301_279901_280200	HELPU_003660	5.44201350785658	0.835129179845256	44.6583567253214	1.65211956500639e-06	0.000566720539695909
jcf7180000413301_300001_300300	HELPU_003661	3.07387053868855	1.8964415395831	20.0608532628769	0.000228906764449579	0.00839153580182989
jcf7180000347469_83101_83200	HELPU_003667	2.60492299156111	0.36869595829125	11.4876208370419	0.00290666275433011	0.0361003682566348
jcf7180000347469_124101_125100	HELPU_003669	-2.40387126389918	3.57922530031304	11.8534358676876	0.00256862325150916	0.033556263141499
jcf7180000347469_227201_227400	HELPU_003676	-5.80018386151225	0.943882733895061	16.5667213601494	0.000886886042319892	0.0180558752181079
jcf7180000347754_66001_66400	HELPU_003684	5.83452936533761	0.0346096663539199	10.67073600483	0.00427720654653009	0.0455142638296606
jcf7180000347754_130101_130500	HELPU_003690	2.42905611460595	1.10190672501651	17.083040727494	0.000513667481363961	0.0131419665669925
jcf7180000347754_205101_205300	HELPU_003693	2.83305935648723	0.0552342978689814	10.310715208884	0.00437739427965475	0.0461245598844377
jcf7180000422180_23601_23700	HELPU_003695	3.04550905527118	0.154947812088802	9.9600170112036	0.00496350288766479	0.0496674553383581
jcf7180000422180_319401_319800	HELPU_003710	-1.1871758124917	2.13579171145048	11.2928868477588	0.00310330086363393	0.0375335341807312
jcf7180000422180_404901_405200	HELPU_003712	3.13454390748989	0.68173945047703	12.6643319989734	0.00196413342968873	0.0285856914874613
jcf7180000422198_26001_26100	HELPU_003714	3.69550025033722	0.320494552994798	15.7130657959274	0.000829417421625597	0.017350359673868
jcf7180000422198_254801_255100	HELPU_003724	2.99705014086964	2.08344711834393	22.1150535001762	0.000135993426759884	0.00622385563849266
jcf7180000347506_82301_82700	HELPU_003736	1.16516361583252	1.95834083029217	10.4723426228867	0.00412963097803951	0.0445400189571709
jcf7180000347506_215801_216000	HELPU_003744	2.71231442553121	0.537315292381867	20.1747726648577	0.000222226204663828	0.00823862090645174
jcf7180000347506_236301_236400	HELPU_003746	5.5628949379634	2.97092970262306	27.6638302250488	3.77415050399177e-05	0.00302213756334037
jcf7180000347506_252501_253100	HELPU_003747	1.59817025738592	1.88255877557763	16.3699751411202	0.000629245868341071	0.0148260412827546
jcf7180000415687_213001_213200	HELPU_003769	-7.14921623542158	0.0751974101841122	12.6713276988638	0.00223371131600538	0.030857298693425
jcf7180000347552_62201_62500	HELPU_003779	2.62983406310875	0.199451030000381	13.7497084716491	0.00138758819812821	0.0234010082916432
jcf7180000347552_110501_110700	HELPU_003785	2.09504947004975	0.244690417818519	11.1744391608908	0.00323550994310566	0.0385257703792943
jcf7180000413325_19401_19500	HELPU_003798	4.22440310841006	0.112532858492952	54.3515482936613	3.95441709067604e-07	0.000260209221146666
jcf7180000413325_139601_139700	HELPU_003809	2.76156278399065	0.163238110114393	23.0431319144981	0.000108257137108333	0.00546246010654143
jcf7180000413325_147501_147600	HELPU_003810	1.81814023497742	0.886110757622575	14.1473527950422	0.00122467805633684	0.0217867226622595
jcf7180000413325_155201_155500	HELPU_003812	2.24683681615947	1.20197036948271	16.4418914461623	0.000616986061577431	0.0146389551573425
jcf7180000413325_165101_166000	HELPU_003813	-1.27276786673033	3.68726018588665	16.281053297227	0.000645289561550955	0.0150401459228868
jcf7180000417166_128601_128900	HELPU_003822	-1.81816990075975	2.06278797975841	10.958321876959	0.00348645448270509	0.040272985192737
jcf7180000347504_12001_12200	HELPU_003833	1.5320411344009	0.622594174859178	12.3190027238164	0.00219725001252727	0.0305525379551507
jcf7180000347504_24301_24400	HELPU_003834	-3.97294722030065	0.210362927876282	13.0341242553496	0.00174230533894069	0.0266950947279962
jcf7180000347577_89601_90000	HELPU_003849	1.11762414251322	2.59325387105545	15.709801499851	0.000762720582403039	0.0165477782348095
jcf7180000347577_124101_124300	HELPU_003851	1.1666226570837	1.22084707308979	14.1409231563982	0.00122630359927724	0.021798930102991
jcf7180000420408_13601_13800	HELPU_003862	3.69972445878035	0.145573107099675	18.0678853106525	0.000430844000422913	0.0118883519864279
jcf7180000347888_132001_132200	HELPU_003883	-4.6998278751422	0.376385638439919	17.7739814533285	0.000423228484577437	0.0117826621343561
jcf7180000348380_58501_58700	HELPU_003902	3.27669687092619	0.684783095496714	24.5882166810836	7.5224523115291e-05	0.00447297788713794
jcf7180000348380_114601_115000	HELPU_003909	1.57847789256466	1.16320651615681	13.2536070803499	0.00162296396359407	0.025682028083284
jcf7180000392869_139201_139600	HELPU_003928	1.93996909927155	2.16938950725974	17.4009775513967	0.000469644871030394	0.0124889955876541
jcf7180000347389_82001_82100	HELPU_003937	2.93347551697471	-0.194264432559535	10.2196046358499	0.00473988639097115	0.0483067821062005
jcf7180000347389_151401_151500	HELPU_003945	5.34698067864921	0.551435942024738	11.3822544842451	0.00301296958114464	0.0368862370109042
jcf7180000347389_201301_201500	HELPU_003949	3.06468010447063	-0.113615646241769	10.3268432306577	0.00435235285271219	0.0459655385326423
jcf7180000392500_59201_59300	HELPU_003954	5.80039397188181	-0.262436799367314	11.35376820105	0.00501118414871105	0.0499595698629607
jcf7180000392500_97801_97900	HELPU_003957	5.48347975866172	0.0673924289499478	45.7781393276981	1.38653153446081e-06	0.000517274879891025
jcf7180000392500_130601_130800	HELPU_003959	1.63844532545894	0.415103276909176	12.4219235450243	0.00212394494825961	0.0299593804636638
jcf7180000392500_328101_328800	HELPU_003971	1.70459301149666	3.60731375086751	23.4468720779996	9.82571471304267e-05	0.00518010305192835
jcf7180000392500_335201_335400	HELPU_003972	4.66610785070616	1.16761454245878	13.2439867957229	0.00162884886099476	0.0257315521416566
jcf7180000392485_71901_72000	HELPU_003979	2.62621570602316	0.2445059627656	13.4238275773339	0.00153810753008189	0.0249112662436956
jcf7180000392485_99701_99900	HELPU_003981	-3.40133951861112	2.96652613283386	22.0234053702338	0.000139108472170268	0.00631649054507188
jcf7180000392485_113801_114500	HELPU_003982	-4.84894101560353	2.02139167712326	27.4147518414878	3.98391695653025e-05	0.00311435966732557
jcf7180000392485_198401_198800	HELPU_003991	3.40468379449959	2.58026056504588	55.9034436146482	3.22467767806431e-07	0.000231613308832535
jcf7180000417125_147301_147500	HELPU_003995	-3.46327356239468	-0.476498489526894	13.3764714341238	0.00155941699041524	0.0251341584780634
jcf7180000417125_199001_199400	HELPU_003997	-1.95687246724894	3.21364962312052	14.8637362228318	0.000983895467879006	0.019205003896564
jcf7180000417125_303301_303900	HELPU_003999	2.11894615523666	1.46106726074125	33.1155971216645	1.23269007693063e-05	0.00163764248916981
jcf7180000417125_388201_388400	HELPU_004007	-3.47043429352491	-0.294358233587874	11.9874266293295	0.0024559050651378	0.0326163824404055
jcf7180000347505_10401_10600	HELPU_004011	-2.2365155166471	1.14854252998693	11.0278947671822	0.00340338872513934	0.0397124680678619
jcf7180000347505_244201_244300	HELPU_004023	3.52527638613248	-0.660584271356001	12.9344382028047	0.00240736213418923	0.0322377630562167
jcf7180000347505_266301_266500	HELPU_004026	2.06979536095418	0.512365042851813	11.3021690872942	0.00309665424122446	0.0374930409357841
jcf7180000347761_14601_15200	HELPU_004030	1.17011514982642	2.74560937551674	14.3798418070254	0.00113898460480292	0.0208991635746243
jcf7180000351995_99301_99700	HELPU_004051	4.28408597610739	2.26765317411023	17.0314388106481	0.000521233166221506	0.0132579855553806
jcf7180000351995_183701_183900	HELPU_004058	-3.60150504132491	-0.40683758850469	12.0107054552975	0.00243688646533333	0.0324646548653967
jcf7180000347637_39401_39500	HELPU_004063	5.23923313435297	1.56125010004631	14.0796428602811	0.00134540236682129	0.0230079147245521
jcf7180000347637_47801_48000	HELPU_004064	5.99961407989359	0.756278113052501	11.3937735546569	0.00336241736135811	0.0394339140801372
jcf7180000347637_75601_75800	HELPU_004067	2.25665635182603	0.281555929743345	15.0139588388153	0.000940067641710154	0.0187051583474897
jcf7180000347637_194801_195300	HELPU_004079	1.83796555081573	2.63746025350032	10.3614292139635	0.00429918686544397	0.0456422245166879
jcf7180000413263_287101_287400	HELPU_004093	4.78381370038847	1.87557766806516	56.9937900985384	2.78927810491065e-07	0.000213007458802969
jcf7180000413263_305301_305400	HELPU_004094	3.0949727281525	2.00846216683447	15.2838152484994	0.000867009103909266	0.0177959303491306
jcf7180000413263_406901_407000	HELPU_004097	6.11783487473007	0.243524708624772	16.9819307376928	0.000797338835901525	0.0169712145833705
jcf7180000417112_67101_67300	HELPU_004102	-8.44173920300874	3.86075685543087	12.6077100817704	0.00200078109151044	0.0289022133224283
jcf7180000417112_92201_92300	HELPU_004104	3.75628356837448	-0.201556314398421	12.4283044556619	0.00212199168495231	0.0299392006475462
jcf7180000417112_246901_247400	HELPU_004115	1.92051562452432	1.70501327210021	29.7663233511228	2.41004741939522e-05	0.0023795334443127
jcf7180000347322_162701_163000	HELPU_004129	1.57799992252009	2.16628403949524	20.9428170552694	0.000182006091971867	0.00733522752626184
jcf7180000347322_182201_182400	HELPU_004130	9.79856364968332	2.99103220490832	242.93238076308	1.62916371384824e-11	9.3327295013282e-07
jcf7180000347322_213701_214100	HELPU_004134	1.73917470684365	0.554082906506418	10.3992879366602	0.00424071017357774	0.045248617675732
jcf7180000413259_56601_56700	HELPU_004139	6.87613624533259	0.546750345383065	62.335370191889	2.90461043615313e-07	0.000216093208674294
jcf7180000413259_111201_111300	HELPU_004145	-3.70850492166062	-0.288146180268219	13.2235887126697	0.00175237118213197	0.0267845889753152
jcf7180000413259_148901_149200	HELPU_004147	-2.36068452211209	2.41618776914429	20.6689359019558	0.000195634767850582	0.00764045263855177
jcf7180000413259_179401_180000	HELPU_004148	2.03934678056368	2.82807447395675	30.73989442257	1.97636108031323e-05	0.00213434957485616
jcf7180000413259_261601_261900	HELPU_004156	-1.97393192975685	3.15817543886103	15.7560439819275	0.000753596725469197	0.016455324143978
jcf7180000392710_46601_46800	HELPU_004178	-2.01472707480179	1.70469630916507	11.6611846399294	0.00274049706982417	0.0348526931097827
jcf7180000347900_102401_102600	HELPU_004209	1.76070422571193	1.28208077078445	11.3673202009916	0.00302838291986586	0.0369992592811985
jcf7180000347900_217001_217100	HELPU_004217	6.14030494161073	0.375194200503811	26.4607482698812	6.76492042440497e-05	0.00420315805293068
jcf7180000347339_6601_6800	HELPU_004220	2.85783283328294	1.33143110870063	51.906997957679	5.55879831865159e-07	0.000309163092430373
jcf7180000347339_40101_40200	HELPU_004224	2.19635470921466	0.463422280624407	12.7190802030087	0.00220065466857072	0.0305850315277163
jcf7180000347339_65201_65300	HELPU_004227	1.81716397038347	0.0903228183424463	10.3142521611099	0.00436927918456633	0.0460752462375858
jcf7180000347339_118701_119000	HELPU_004230	-2.39465653222359	1.41572034123995	15.4850542198451	0.0008165225883159	0.0171991554201764
jcf7180000347339_256601_256700	HELPU_004238	1.93748802520777	0.470369998862119	11.025170892525	0.00340659926314334	0.0397321446023437
jcf7180000347937_48001_48200	HELPU_004243	1.65718751055261	1.13737183217768	12.3981061976037	0.00214318305739323	0.0301172316255629
jcf7180000347937_58801_59500	HELPU_004244	-1.56623797188323	2.42233765732434	15.658551457788	0.000775596072097775	0.0166979662134857
jcf7180000347937_112601_112900	HELPU_004249	-1.09765476275131	2.09897464826786	13.6295630473099	0.00143917703542361	0.0239299218997541
jcf7180000417131_101501_101600	HELPU_004262	4.93885958729662	0.22988112709483	26.8533821511826	4.50539207362949e-05	0.00333800153639799
jcf7180000417131_142501_142600	HELPU_004264	-3.24356373675145	1.66425574425311	14.3495339570715	0.00115131167182156	0.0210055894149204
jcf7180000417131_324501_324700	HELPU_004269	5.30099658342697	-0.188409342310962	16.5748468495879	0.000714199414475443	0.0159817184132779
jcf7180000417131_326901_327500	HELPU_004270	1.07729531789356	3.37497916237731	15.1987803466346	0.000888005894558079	0.0180748198095926
jcf7180000417131_333301_333500	HELPU_004271	1.67744910415574	1.56808307732481	11.0313609836979	0.00339930806578772	0.0396891248719786
jcf7180000347741_164501_165000	HELPU_004291	-1.54964512440689	3.03182275660425	12.2913220878085	0.00222001905512041	0.0307422816556797
jcf7180000347741_215001_215100	HELPU_004294	4.66498245735462	1.92605009118489	36.3783641456628	6.71144101471388e-06	0.00118745911292239
jcf7180000347548_65301_65400	HELPU_004302	2.95094364552993	0.657786007634349	19.6672086250912	0.000253753660725185	0.00887028779992005
jcf7180000347548_78001_78400	HELPU_004304	1.45715341841061	2.44084205356933	11.5936794379816	0.00280384001606484	0.0353708647558426
jcf7180000347548_160801_161000	HELPU_004307	4.32349123199441	1.41675020540298	17.541642884579	0.000451511200853946	0.0122132005756206
jcf7180000347548_206601_207000	HELPU_004311	5.47082801249659	3.00043415608459	31.7204260230357	1.62682653402376e-05	0.00191482510869691
jcf7180000417163_28501_28900	HELPU_004315	-2.90534422747408	0.931313567067866	46.5180752796314	1.23038029783293e-06	0.000482729660615347
jcf7180000347490_33801_33900	HELPU_004337	5.77264430223261	-0.476814796268697	10.4146528224453	0.00466565888307991	0.0478488552008282
jcf7180000347490_104701_104800	HELPU_004340	1.54051520065661	2.02991100489681	15.3506016780663	0.000849222408267496	0.0175643411891227
jcf7180000347490_153601_153800	HELPU_004342	3.41047969354604	1.5942125439061	10.0287038556288	0.00484216839236993	0.0489544232862003
jcf7180000347490_176101_176300	HELPU_004344	3.03468769729627	0.447237030172103	20.9134047722185	0.000183793500411784	0.00737199565081165
jcf7180000347490_207901_208000	HELPU_004346	-3.29899427237061	0.561605613922122	19.1681180115176	0.000289632362117042	0.00952654440064075
jcf7180000417158_78201_78300	HELPU_004349	-7.3855744552918	-0.122730043496326	14.7194947458362	0.0012050680368761	0.0215979185433343
jcf7180000417158_181001_181300	HELPU_004356	2.92929420622332	2.34899489941668	31.4914977819614	1.70277480007175e-05	0.00195786926853529
jcf7180000417158_225801_225900	HELPU_004361	4.69205838043436	0.387230837527953	13.297511964602	0.00199081473604499	0.0288202525149737
jcf7180000417158_237201_237400	HELPU_004363	2.41507795492054	-0.090196793666322	11.0838623581124	0.0033381589325564	0.0392745470764154
jcf7180000347406_57901_58000	HELPU_004370	-2.56305579063752	0.066787406952439	12.9261811251345	0.00180298497591591	0.0271737186164977
jcf7180000347406_64901_65100	HELPU_004371	4.84511299153176	1.82154892931994	18.7666371696125	0.000322571128466023	0.0101367460339962
jcf7180000347406_76601_78300	HELPU_004372	2.70229584249108	5.06739614334584	32.4486225624491	1.40899794452866e-05	0.00176864337891304
jcf7180000347406_132901_133200	HELPU_004376	-6.52948005303056	2.07249260569898	43.0716366723954	2.12931978032808e-06	0.000647446578259057
jcf7180000347406_271501_271600	HELPU_004388	-3.96283161104241	-0.226569044375228	11.5773978594587	0.00281935948684646	0.0354598690135247
jcf7180000393217_103901_104300	HELPU_004393	1.64391603200975	1.32635613383021	10.271840736715	0.00443841343561381	0.0464952257047569
jcf7180000393217_149301_149500	HELPU_004397	1.95034480071789	0.513776618478757	14.0395014180067	0.00126720676191985	0.0222389701119059
jcf7180000393217_341901_342200	HELPU_004410	5.00563316804327	2.28136230793945	27.5813296574683	3.84225079370036e-05	0.00304605877376056
jcf7180000348865_15901_16400	HELPU_004412	4.11363013422775	2.37208988853787	58.456725007972	2.30348473220369e-07	0.000194053006291443
jcf7180000417361_44301_44400	HELPU_004430	7.0822347149911	-0.648507820167152	26.2587953044859	0.000441152472390501	0.0120529475397438
jcf7180000417361_73501_73700	HELPU_004432	4.27529889494734	0.712912367861062	10.34371586836	0.0043263253947411	0.0457936586784741
jcf7180000414193_108101_108400	HELPU_004448	-3.83899337168412	1.46224592389042	13.6385259020966	0.00143702749750602	0.0239040289812507
jcf7180000347248_35401_37700	HELPU_004455	2.13111634350828	3.26207293154537	13.0200375881262	0.0017502284348688	0.0267652258363143
jcf7180000392549_146101_146200	HELPU_004479	3.79623909169112	0.302438126317376	10.9029371063228	0.00355418925679071	0.0407076042168423
jcf7180000347924_98801_99000	HELPU_004502	-3.11285009197009	-0.0844393788339081	12.4644949943994	0.00209690039171648	0.0296992972604547
jcf7180000347924_126501_126700	HELPU_004504	7.90075370612938	0.0838505463479586	25.8282190060314	7.72969949636755e-05	0.00453594476059428
jcf7180000347059_17701_17800	HELPU_004512	3.42757259333779	0.58035795951505	14.9601568495167	0.000955602252611415	0.0188856887054944
jcf7180000347059_185601_185700	HELPU_004525	5.69170265495533	-0.457292061789246	16.0861202936661	0.000902599075162782	0.0182383594569065
jcf7180000351905_18101_18200	HELPU_004535	4.49299408714033	1.30938201451734	10.5238269712517	0.00405900031816501	0.0440682012027538
jcf7180000351905_47201_47400	HELPU_004540	2.04562659123567	0.231750156907951	14.1410545239552	0.00122625359867781	0.021798930102991
jcf7180000421060_97601_98500	HELPU_004558	1.34900812820985	3.83657505011671	27.52496947391	3.87738391082133e-05	0.00306214722588589
jcf7180000347818_30001_30100	HELPU_004567	-5.26421040205678	-0.43586592509124	18.2521547580159	0.000579316627758567	0.0140938501067236
jcf7180000347422_52201_52300	HELPU_004581	-6.75432936651666	-0.535944218575344	14.0847665194393	0.00274266339406582	0.0348732222798851
jcf7180000347422_108101_108200	HELPU_004585	2.22439793003696	1.08090376340591	12.1781478065187	0.00230479914053032	0.031392681697878
jcf7180000347422_174401_174600	HELPU_004590	-3.10238594659143	0.88470614112794	24.4717282217207	7.72909973850019e-05	0.00453594476059428
jcf7180000348415_83601_83700	HELPU_004597	-4.55569632642006	0.638412470867492	21.4827146320463	0.000159165952799632	0.00679027131396556
jcf7180000348415_91601_91800	HELPU_004598	3.89275900079891	1.31297681548562	15.9790368567506	0.000768427334327408	0.0166049291655524
jcf7180000350769_9901_10000	HELPU_004613	1.75087912964758	1.23013365076656	11.3379227586358	0.00305897942596299	0.0372456689281288
jcf7180000350769_39401_39500	HELPU_004615	3.38797454454188	-0.0407648375957781	10.9231365481473	0.00352931796205852	0.0405313321806878
jcf7180000350769_62201_62500	HELPU_004617	-2.70610465461145	0.778801526226575	16.6255398369747	0.00058522250363652	0.0141693597674639
jcf7180000350769_87301_87600	HELPU_004619	2.04539774832356	2.121991039684	28.306714577839	3.27622836818838e-05	0.00278757851199028
jcf7180000413241_12701_12800	HELPU_004626	2.98906700120015	0.676909461913003	10.1645160561574	0.00461183538815157	0.0475317251888054
jcf7180000413241_37101_37500	HELPU_004631	-2.7989508551559	1.57706098009387	21.4904237134368	0.000158858490011705	0.00678125316825961
jcf7180000413241_82501_83500	HELPU_004634	-1.11481406375312	2.98186701996442	12.0756196010824	0.00238200373519549	0.032034471962665
jcf7180000413241_165301_165500	HELPU_004644	1.62830915933055	0.944311189140215	10.234273080178	0.00449827993717643	0.0468433619550564
jcf7180000420427_164201_164500	HELPU_004651	4.16939597174545	0.189050161752962	40.9478243183188	3.02181023315706e-06	0.000775562759545232
jcf7180000420427_174901_175500	HELPU_004652	-2.11210263233159	3.61744726660057	14.3142149737347	0.00116391751993027	0.0211359540658763
jcf7180000420427_197901_198000	HELPU_004653	3.79231346309478	-0.555866411384524	10.2722306951758	0.00443618745942892	0.0464787780343348
jcf7180000420427_260501_260600	HELPU_004657	8.2855929051736	0.955604766177947	14.0380702456291	0.00147247376262154	0.0242639651597284
jcf7180000420427_262801_263200	HELPU_004658	4.92048434824694	1.15665360234292	11.2851708127111	0.00311474609233713	0.0376201767488284
jcf7180000349287_151701_152800	HELPU_004677	-2.53149097237719	1.62724325924521	20.068245032957	0.000228466633999697	0.00837780214782117
jcf7180000348078_31701_31800	HELPU_004679	7.09303881863853	-0.531213950149455	30.5615687784644	2.97504136717319e-05	0.00266708035579128
jcf7180000347140_3301_3800	HELPU_004692	2.55432170765638	2.10274861075821	10.8934597975302	0.00356592550047938	0.0407947175510568
jcf7180000347140_45101_45600	HELPU_004696	-3.15790373083322	3.66346006652336	36.8042982916299	6.21313397237652e-06	0.00113713055866191
jcf7180000347140_52901_53400	HELPU_004698	-1.37372922017004	2.10941746483084	15.4258302775359	0.000829734369070592	0.0173549237717089
jcf7180000347140_74501_75100	HELPU_004701	-2.35225372048174	1.57549426878964	48.9339904197837	8.54940117329665e-07	0.000396884818454431
jcf7180000347336_26701_26900	HELPU_004712	1.64806471579675	0.587351721681277	12.0251875838374	0.00242240184183816	0.0323620005761277
jcf7180000347336_199601_200400	HELPU_004726	-0.971881896662967	2.26094917819866	10.073260813833	0.00476100173855873	0.0484295562529356
jcf7180000347249_29501_30000	HELPU_004728	-1.54185454276414	2.44128182993138	13.8779801260742	0.00133287393677037	0.0228852105914955
jcf7180000347249_238701_238800	HELPU_004737	3.6075812706938	-0.238119611638549	10.9741172318993	0.00346740032857776	0.040151893022581
jcf7180000350109_24001_24600	HELPU_004746	-2.69422731978224	1.47209942931567	9.98074657047469	0.00492653220572354	0.0494391367139225
jcf7180000350109_44101_44300	HELPU_004748	6.0020650356755	-0.140865026174289	18.6776333224684	0.000460800196258325	0.0123508890659527
jcf7180000350109_60101_60300	HELPU_004751	1.69036575197293	0.886653504498974	12.2682626493903	0.00223565525048359	0.0308715661357501
jcf7180000350109_101201_101500	HELPU_004757	-1.38323871496016	0.153149017817648	10.7316640446944	0.00472031725660469	0.0482022743849336
jcf7180000420550_89901_90100	HELPU_004763	2.31758469277846	1.33368355486496	22.0335008458105	0.000138761509528786	0.00630773573874013
jcf7180000420550_134601_134700	HELPU_004768	6.4350525359929	-0.122739999585168	14.8222854589862	0.00127957530031661	0.0223655894638302
jcf7180000392502_5001_5100	HELPU_004772	7.29962035513966	2.96717107023249	12.9400671883288	0.0017959708206867	0.0271186954640112
jcf7180000392502_12101_12300	HELPU_004773	1.90177940481019	0.259991566189815	11.1551690907458	0.00325373330531225	0.038670417819115
jcf7180000392502_31601_31800	HELPU_004775	2.0806643522759	0.803431783523832	24.3463072673437	7.93692586153505e-05	0.00459819956258475
jcf7180000392502_137501_137700	HELPU_004783	1.494520370665	2.05149894979718	17.4478753569415	0.000462663646953142	0.0123815155008734
jcf7180000392502_184301_184700	HELPU_004786	2.65989365447285	0.555645899553803	15.2817696879413	0.00086753968828005	0.0178024638411656
jcf7180000349666_38601_38800	HELPU_004793	1.88817228845955	0.54251920197039	12.0706800645857	0.0023875433758031	0.0320788482269046
jcf7180000349666_65001_65100	HELPU_004797	-2.40199264242797	0.346532562092091	12.1342555894822	0.00233841712025268	0.0316788440856366
jcf7180000349666_151401_151600	HELPU_004803	1.59889998931749	1.07871735808207	9.94418668030723	0.00499194349612272	0.0498464506837396
jcf7180000350538_3901_4100	HELPU_004804	3.10524571313233	0.206577711455909	10.3412517319327	0.00433011573287706	0.0458185399911624
jcf7180000350538_20001_20300	HELPU_004805	1.94704777574235	2.39362531687961	27.1707889013781	4.1934358714656e-05	0.00320296868361674
jcf7180000350538_57901_58100	HELPU_004809	3.68225731529694	0.117837581409435	18.6332332717731	0.000413847462811295	0.0116555641328073
jcf7180000350538_92601_92900	HELPU_004811	1.27952342991619	0.921825400497586	10.8380334946413	0.00363186876847098	0.0412412808829277
jcf7180000413260_173101_173300	HELPU_004828	2.81619066195959	0.0805576332573324	15.8116975458335	0.000741348118316115	0.0163126770749735
jcf7180000349292_30501_30700	HELPU_004833	6.52765519751908	-0.0461221387763887	17.6733543279082	0.00053150052700359	0.0133786889399822
jcf7180000349292_125501_125700	HELPU_004840	2.30045180715858	2.39876532370965	40.4487859517152	3.27395200734247e-06	0.000815722047645372
jcf7180000349292_130701_130900	HELPU_004841	3.55697655445379	-0.146609894250593	12.1357036973319	0.00264514768164249	0.0341633996938185
jcf7180000347413_82901_83100	HELPU_004847	5.56469863203442	0.725080398968789	14.7887175397673	0.00118108919346139	0.0213301282733648
jcf7180000417142_25901_26400	HELPU_004853	-2.11807551772183	1.19824087315977	31.0827940780072	1.84166625617081e-05	0.00205333959033179
jcf7180000417142_219301_219800	HELPU_004861	4.96374065409006	-0.110227298859165	17.3433396637635	0.000524435352487788	0.0132964220888468
jcf7180000417142_229101_229400	HELPU_004862	2.54736478140192	0.787977340905264	19.1895453038651	0.000287981821351283	0.00950077967567195
jcf7180000348969_155001_155200	HELPU_004882	1.58577177182124	3.54847374984151	14.5186406010962	0.00109301024564742	0.0204127274115541
jcf7180000349758_10501_10600	HELPU_004900	3.58335080833851	-0.0297780551148639	16.9700134955934	0.000530399955247345	0.0133674322905087
jcf7180000349758_15201_15400	HELPU_004901	5.00918800182171	0.951325244932848	15.2126629726766	0.000885677388530006	0.0180379968092766
jcf7180000349758_18601_18700	HELPU_004902	4.76620836576782	0.596587817126246	10.0225218965784	0.00485295270960659	0.049009826026179
jcf7180000349758_143401_143800	HELPU_004911	-6.24683021896312	0.094287503431467	15.6877862008281	0.000913536328205126	0.0183804144572523
jcf7180000393066_153701_153800	HELPU_004922	3.06264592154359	0.880020982693104	12.2976060600007	0.00221541392413398	0.0307052339130903
jcf7180000417202_50001_50300	HELPU_004937	-1.83605217094014	1.93264804061002	13.1958423880016	0.0016541350584594	0.0259709928263062
jcf7180000417202_235201_235400	HELPU_004946	3.48265137503818	1.87233739736934	52.3572735937447	5.24739844112762e-07	0.00029703489986104
jcf7180000349962_79701_80000	HELPU_004954	-3.36096530538811	1.47591672862662	21.1209646578246	0.000174358841142272	0.00716926210046764
jcf7180000349962_83001_83200	HELPU_004955	-2.77444794526129	-0.324610028861097	12.9718458065529	0.00177541855448868	0.0269604395242566
jcf7180000347503_216101_216200	HELPU_004968	2.88920116917043	1.82636210290996	12.1352218125499	0.00233788847072364	0.0316746786341214
jcf7180000417403_24901_25600	HELPU_004976	2.42977846000508	3.3031394424335	40.5565588983966	3.22769657689253e-06	0.000806015211359719
jcf7180000417403_57501_57900	HELPU_004980	2.87772559536849	0.215574855748157	19.7853966466664	0.000245953101815197	0.00873869079331794
jcf7180000417403_112701_113100	HELPU_004988	2.63137416463301	1.55199395015883	17.0451226963957	0.00051921496798256	0.0132240072589668
jcf7180000348291_68301_68800	HELPU_004993	1.28580983737485	2.36117415989799	12.3590911459896	0.00216845952971097	0.0303278536730897
jcf7180000348291_72501_72800	HELPU_004994	1.82156116322915	3.07436690640224	11.2123940347232	0.00319354124148164	0.0382198820529755
jcf7180000348291_158701_158900	HELPU_005003	-2.24648284090365	2.07756820335586	11.078946781116	0.00334383209748786	0.0393097440464543
jcf7180000348291_162701_163000	HELPU_005004	1.60540110029733	1.01109108587845	11.0528100301446	0.00337078240350306	0.0394880610015612
jcf7180000347224_10501_10700	HELPU_005005	3.24133092023945	0.169488793754666	10.4514421997538	0.00416416662994765	0.0447685032059509
jcf7180000347224_46201_46400	HELPU_005007	6.70957502273534	0.493454684710371	19.7700305585125	0.000246988346772539	0.00875748708184619
jcf7180000347224_224201_224400	HELPU_005024	2.1371967240511	0.361070323828277	10.1400048070219	0.00465248948149156	0.0477734343360043
jcf7180000354452_66601_67000	HELPU_005028	-2.88719120540981	1.94788563474328	16.8206035461378	0.000553449179552176	0.0137261051304521
jcf7180000354452_76901_77000	HELPU_005030	-6.89899031466024	-0.63798498707201	17.2740268898488	0.00244099449401417	0.032498221155387
jcf7180000354452_134501_134700	HELPU_005038	5.14603552839864	1.12828208763091	31.7184813217115	1.62745577320484e-05	0.00191482510869691
jcf7180000347405_77401_77700	HELPU_005052	-1.74035228373153	3.51949176589011	12.9291938683849	0.00180229181668486	0.0271654495699414
jcf7180000347405_100301_100500	HELPU_005054	2.76406367150569	3.38242758754647	14.1238837100799	0.00123453168011569	0.0219003595652481
jcf7180000347405_249101_249300	HELPU_005060	1.43100147060027	0.781251350064643	10.4701012159695	0.00413290646446876	0.0445607767529922
jcf7180000347405_261201_261300	HELPU_005061	-2.42617127830317	1.15432336485582	14.8133675430639	0.000999042667707388	0.0193505211859485
jcf7180000422202_132901_133200	HELPU_005074	1.41866358818674	3.53493239037752	18.4933897568966	0.000346664327223238	0.010551968464779
jcf7180000422202_298701_298900	HELPU_005077	-3.06082518608893	0.0143066933822719	15.655142938265	0.000776377942325843	0.0167070896659928
jcf7180000417393_131201_131400	HELPU_005092	3.15990522853817	0.781068692791979	16.7439076105075	0.000565708860398787	0.0139192759863795
jcf7180000417393_136601_136800	HELPU_005093	2.4123504311925	2.36948977147327	31.4607823090316	1.71325857663309e-05	0.00196525236014932
jcf7180000368234_151401_152000	HELPU_005096	-1.85488951553852	1.62408320321887	23.4780170844702	9.74403993760531e-05	0.005158676722632
jcf7180000368234_177101_177400	HELPU_005100	1.97445425689558	1.93498471704291	13.7525472248203	0.00138635077765582	0.0233873469253732
jcf7180000368234_324001_324200	HELPU_005112	-2.32500928996411	0.558897280605733	21.0035364387244	0.00017921720545088	0.00727206226218557
jcf7180000347758_174701_175000	HELPU_005120	1.25850666357999	2.24432442116237	11.0295109073942	0.00339925940236523	0.0396891248719786
jcf7180000420491_31901_32100	HELPU_005130	1.83788729171265	0.757020910899178	12.7805518653493	0.00189121754497181	0.0279733996528147
jcf7180000420491_130301_130500	HELPU_005135	-2.09411835016617	0.281616115452853	13.318869003733	0.00158997587500959	0.0253989676783766
jcf7180000420491_141201_141400	HELPU_005137	4.24952531824442	-0.256807377254595	13.9150618267209	0.00131750461975391	0.022745490596505
jcf7180000420491_144101_144200	HELPU_005138	3.84684777581164	1.26269399188853	25.0980791068052	6.68689914571067e-05	0.00417278531940843
jcf7180000420491_162401_162600	HELPU_005140	2.05343844381534	0.174115146904343	13.5325395914172	0.0014846966031016	0.0243966034040837
jcf7180000348234_83801_84100	HELPU_005147	1.59490904924861	2.06237741022816	19.3825902749705	0.000273001277096429	0.00923824708450343
jcf7180000347374_207201_207800	HELPU_005163	2.74015013616773	1.55595886334509	33.0262232851397	1.25863462841571e-05	0.0016537015629047
jcf7180000347767_11801_12100	HELPU_005191	2.26946071527954	1.24214263763518	19.5466398733871	0.000261948285037672	0.00901574879097396
jcf7180000347767_81601_81700	HELPU_005196	-2.44049298271071	0.24938126894279	10.1762575043704	0.00459250102926137	0.0474303029943699
jcf7180000347767_165401_165600	HELPU_005205	-2.64393202958188	1.25735183392596	13.1391112124279	0.00168449025031752	0.0262247792655558
jcf7180000350525_58401_58700	HELPU_005225	-4.62147053299099	-0.158053932459229	11.8010229310873	0.00314959336376456	0.0378727362889585
jcf7180000392606_139901_140000	HELPU_005244	2.5924732510945	0.0680381254998376	12.7820456492991	0.00189030007296733	0.0279651350136777
jcf7180000396607_257301_257500	HELPU_005278	-2.74823250600791	1.33348600040543	32.5980718628633	1.36570366450417e-05	0.00174037523769454
jcf7180000413443_50601_50900	HELPU_005287	-3.29314297595066	0.907382531387805	12.2267572884662	0.00226795362615319	0.0310930628672501
jcf7180000413443_64001_64400	HELPU_005289	1.43494454957121	2.50314800072489	12.4547570195204	0.00210361937023159	0.0297551818092762
jcf7180000392874_19601_19900	HELPU_005290	-3.00106619636081	-0.097908140333538	19.0531454999464	0.000298415525135678	0.00969095959388173
jcf7180000392874_28701_29100	HELPU_005291	-3.1499046929203	2.51473155684931	23.8991727758319	8.84006565978521e-05	0.00487056661948843
jcf7180000420437_58801_59200	HELPU_005300	-3.27140985114686	2.09100689907109	20.0509715621365	0.000229496615188587	0.00840592928872814
jcf7180000420437_467101_467300	HELPU_005309	9.82839831201824	1.8576652976272	12.6918363482413	0.00282616756085963	0.035505535153048
jcf7180000396618_96301_96500	HELPU_005320	-1.3893219790665	1.12893258660118	12.9412096273724	0.00179307447956804	0.0270895251120743
jcf7180000347765_61501_61800	HELPU_005331	1.51782684794335	1.08762508868813	10.6025712253959	0.00394756316828451	0.0433164262959134
jcf7180000347765_131001_131100	HELPU_005333	-3.87240294365717	-0.25612155122909	13.0519259617281	0.00173234943385319	0.0266253801861759
jcf7180000350235_61901_62100	HELPU_005341	2.0010004765501	2.18824099217624	30.0189603596586	2.28749564829957e-05	0.00231399276856451
jcf7180000350235_73601_73700	HELPU_005343	6.55661364423903	0.21471382020076	11.6223785870788	0.00312051333948018	0.0376563546204487
jcf7180000420469_189501_189800	HELPU_005359	2.17110905467362	3.09044863785271	23.2656396682425	0.000102787572004505	0.00532004623898345
jcf7180000414371_124901_125100	HELPU_005366	-1.98671749362929	0.983471913828396	10.9546471178044	0.0034909040307359	0.0402860472101707
jcf7180000414371_124901_125100	HELPU_005367	-1.98671749362929	0.983471913828396	10.9546471178044	0.0034909040307359	0.0402860472101707
jcf7180000414371_196001_196100	HELPU_005372	7.93024949718584	1.60950258821387	11.5007105608102	0.00437477431403905	0.0461071303840477
jcf7180000417127_86801_87500	HELPU_005377	1.30599630558225	3.67249312666241	22.0390107530832	0.000138236151155219	0.00629284266798092
jcf7180000417127_117201_117400	HELPU_005379	-5.50108743289396	-0.663271651998086	10.5915709155851	0.00496247092038213	0.0496610189131298
jcf7180000347668_51201_51400	HELPU_005387	1.56866464170669	3.19457374069567	11.5221038839815	0.00287278029840781	0.0358443039959947
jcf7180000393180_97301_97400	HELPU_005404	3.12272847257402	-0.0476244475014989	21.3283591683174	0.000186267945055726	0.00742756072650377
jcf7180000422503_59901_60000	HELPU_005410	-3.99082108766188	0.361355639653916	18.2006710949745	0.00037624202171776	0.0110156264494074
jcf7180000422503_67501_67600	HELPU_005413	4.33018706276865	0.63199658362572	12.2261225580116	0.00226843052108251	0.0310939772617773
jcf7180000422503_109401_109800	HELPU_005417	-1.71355064344955	2.62650481598492	11.9746167529475	0.00246644072663925	0.032700204499588
jcf7180000347923_80701_80800	HELPU_005427	3.05426538367094	0.75222342801942	20.6962758361494	0.000194269623006048	0.00761100606055988
jcf7180000347923_118001_118300	HELPU_005430	1.58803628193635	0.658803612003461	11.7677113957431	0.00264222718702849	0.0341383961816297
jcf7180000347344_101101_101200	HELPU_005451	6.82921541455801	1.23423417569561	44.2741623564949	1.55761848481443e-05	0.00187109359923635
jcf7180000347344_183001_183500	HELPU_005456	-5.90381440381075	-0.252763923087456	10.5949377486778	0.00438827107608536	0.0461780123997906
jcf7180000417211_213801_213900	HELPU_005465	4.89961169855721	0.487968394281437	20.5734009982544	0.000200488768594986	0.00773822888052232
jcf7180000347432_23501_23900	HELPU_005473	-1.9052852269261	2.56327696438522	16.8182079674285	0.000553827638557985	0.0137307356556088
jcf7180000347432_33701_33800	HELPU_005474	-2.25271724780764	1.49405873924013	14.9616377547806	0.000955174774595724	0.0188810316748974
jcf7180000347432_50501_50600	HELPU_005475	4.85482575587389	0.267824160010752	30.9902752501762	3.38259867853586e-05	0.00283460383761554
jcf7180000347432_75301_75700	HELPU_005478	1.44571902705981	3.16972336999906	14.7285985824383	0.00102512033807442	0.0196744936393489
jcf7180000347432_88201_88300	HELPU_005481	-2.13185170222004	0.491203989869946	11.7899398299457	0.00262403094440699	0.0339962509641247
jcf7180000393256_64301_64400	HELPU_005494	-4.70650186972285	2.09846008611155	14.4647431724862	0.00111122971080225	0.0206077172143708
jcf7180000393256_107301_107600	HELPU_005497	3.53305933223777	-0.0208607111957893	21.345661982478	0.000164743046367569	0.00694097057686754
jcf7180000354443_82501_82600	HELPU_005508	2.76577248908971	1.81224677357593	17.20142249863	0.000496764800722438	0.0128859673588594
jcf7180000417136_5701_5800	HELPU_005509	3.30062954660848	0.26190257582635	15.7275856220374	0.000759946295958927	0.0165151090829004
jcf7180000417136_161901_163100	HELPU_005516	-2.55145115943763	3.79315660316534	36.0933951883288	7.06933652705248e-06	0.00121663812276756
jcf7180000417136_174401_175100	HELPU_005517	-2.35569499147201	1.27178954117131	22.8455786603748	0.000113742750557646	0.00561458968179729
jcf7180000349073_47801_48000	HELPU_005525	2.98848820872552	1.21044936109167	14.2863384401407	0.00117397484325266	0.0212596852399558
jcf7180000349073_72401_72700	HELPU_005526	-1.9067450690026	0.733071608653869	10.6867529912814	0.0038329064158697	0.0426049842359865
jcf7180000349073_131901_132000	HELPU_005532	-2.64025029703076	0.446910125370566	15.5382890231439	0.000803716684674836	0.0170270827545384
jcf7180000347359_112301_112400	HELPU_005540	9.12759667159959	0.720982930646169	72.8091193344642	1.07544636931933e-06	0.000450346311732495
jcf7180000415699_36301_36600	HELPU_005554	2.36779180818026	1.7817384817035	25.7831370485386	5.7210009326705e-05	0.00380461837506852
jcf7180000415699_50401_50500	HELPU_005555	-5.5555184894142	0.313088312407302	14.3965983542863	0.00122235875785964	0.0217598851421667
jcf7180000415699_106601_106800	HELPU_005559	-3.21974769382338	0.66618817325047	15.2698153143178	0.000870647638986986	0.0178405397701131
jcf7180000415699_112701_112800	HELPU_005560	5.51192278774487	-0.287353835247545	11.7315474054805	0.00346189058383014	0.0401151252548692
jcf7180000415699_114701_115300	HELPU_005561	-1.35671441861047	4.19536265010607	11.714191609893	0.00269186953390842	0.0345191031897376
jcf7180000415699_125601_125700	HELPU_005562	6.39075038271096	1.64006607250922	13.2212464302083	0.00164073874868665	0.0258456732975896
jcf7180000347762_59201_59500	HELPU_005571	4.30374909780346	1.04580130459177	61.7333647208564	1.5131724528302e-07	0.000154844990806396
jcf7180000347762_134801_135100	HELPU_005575	2.18373831914086	0.85959330154775	15.8076672806489	0.000741630276484631	0.0163137563969772
jcf7180000347217_55201_55400	HELPU_005579	2.84661367043747	0.343491747251656	13.7884303498831	0.00137081400750148	0.0232502479714478
jcf7180000347217_84001_84200	HELPU_005583	2.16013234131204	0.749774331289154	10.3536738272323	0.00431104552561726	0.0457113181344529
jcf7180000347217_124801_125000	HELPU_005587	-2.07660479572951	0.842786037519041	11.9609919464836	0.0024777016252408	0.0328081459369412
jcf7180000347217_139401_139900	HELPU_005588	2.31596153411572	0.0375992480465971	14.3489098710256	0.00115022775645985	0.0209996642422968
jcf7180000350319_27301_27500	HELPU_005591	4.73195077643282	-0.0330554051922705	22.4613024483216	0.000142025264693244	0.00637815467078893
jcf7180000350319_113701_114000	HELPU_005596	2.07229910601373	0.197259318526975	12.0373340053423	0.00241533099017128	0.0323081411924388
jcf7180000350319_115601_115700	HELPU_005597	2.52757233883879	0.155454110762345	12.5633010192511	0.00202923775467954	0.0291158884763031
jcf7180000350319_123701_124100	HELPU_005598	4.68083240078891	1.94350474656826	18.8753056348697	0.000313265454332257	0.00995260909216094
jcf7180000417181_32001_32700	HELPU_005601	-1.43912123555336	2.20468869461375	15.1211502350453	0.000909088320016675	0.0183242392848287
jcf7180000417181_227601_227900	HELPU_005610	1.1536396932499	2.0005765556901	14.4059808663496	0.00112985639831619	0.0207931175899908
jcf7180000417181_238701_238900	HELPU_005611	-2.90288221273699	1.22277179508583	15.4220069521553	0.000831981392271776	0.0173658806150725
jcf7180000352621_37501_37600	HELPU_005613	2.76748507855209	-0.436849539732713	15.3157685847603	0.00111241201546299	0.0206189630720906
jcf7180000348810_79601_79800	HELPU_005623	2.55274874326876	0.879342185254954	18.8929178774204	0.000311785340262505	0.00992153534666909
jcf7180000348810_166301_166900	HELPU_005631	-2.62606446282517	1.57516881713045	42.5190852512443	2.31821088309914e-06	0.000673314690448157
jcf7180000348581_89301_89400	HELPU_005637	-7.59534044175934	0.31582032547149	13.0406710304317	0.00315079196282418	0.0378836273943776
jcf7180000348581_128801_129000	HELPU_005639	3.09157994061293	0.363648633802787	11.9172305538256	0.00266436967677939	0.0342972187052668
jcf7180000349183_85001_85100	HELPU_005652	3.89517246116026	-0.00449083638501076	11.0483989251201	0.00337932861021841	0.0395578138758609
jcf7180000349183_87701_88200	HELPU_005653	-2.20066989704895	1.72932866604756	23.7557489553419	9.13252410685996e-05	0.00496922774003719
jcf7180000417121_302501_302700	HELPU_005662	4.47938753388032	0.947366848875961	22.1590411994615	0.000134525700910833	0.00618741822157024
jcf7180000417121_358601_358800	HELPU_005664	5.18173404884057	-0.25124422578908	12.5874656131256	0.00229311720532028	0.0312970886399977
jcf7180000417121_370801_370900	HELPU_005665	2.72139137531572	0.622872914821778	11.278650746109	0.00312171669773286	0.0376625752618997
jcf7180000367543_77301_77600	HELPU_005672	-1.85372421674126	2.23095984434655	15.7112397195726	0.000763620070457181	0.0165567008870883
jcf7180000367543_162201_162500	HELPU_005674	2.90979699364034	1.68995042657209	32.7751859904413	1.32191976130289e-05	0.00170248881056971
jcf7180000367543_196201_196500	HELPU_005677	-2.41418226063111	2.2053658174075	17.2515762527899	0.000489789779694108	0.0127709619689071
jcf7180000367543_204401_204600	HELPU_005678	-3.82625921084544	1.51765623519736	11.5691683756891	0.00282723997201424	0.0355157525300514
jcf7180000392457_6801_7000	HELPU_005681	-3.413761390359	2.24139538488587	12.6496366584754	0.00197357281525311	0.02867426908565
jcf7180000392457_11501_12500	HELPU_005682	-1.9274409484583	2.43819069788539	17.3952498191058	0.000470400099759685	0.012501094209651
jcf7180000392457_76001_76200	HELPU_005685	3.30784722850672	0.772689406531021	13.4798222640889	0.0015110076750729	0.0246619975695541
jcf7180000392457_151201_152000	HELPU_005686	-1.19353763060125	3.70654908192956	18.9502197025328	0.000306401108195158	0.00983513257277279
jcf7180000347555_44301_44600	HELPU_005692	-4.41091650160299	-0.778699984144787	13.8515584021072	0.00226313360614864	0.0310700949487878
jcf7180000349027_52301_52700	HELPU_005706	2.35580512910295	2.09763274717204	12.2427013237204	0.0022560106756414	0.0310219030249622
jcf7180000349027_111901_112100	HELPU_005708	1.69004204330118	1.03482144649831	10.3384841886563	0.00433437716823941	0.0458365386437995
jcf7180000347238_34301_34700	HELPU_005713	-3.04126016442283	1.63533226818465	28.8710102895857	2.91582404134152e-05	0.00262861679006091
jcf7180000347238_62201_62500	HELPU_005716	-2.22934479215392	1.72424117119074	12.7520153420731	0.00190883949080849	0.0281246486025619
jcf7180000347238_91401_91800	HELPU_005719	-1.19124794530201	3.23258328470228	10.0607697756011	0.00478665540070902	0.0486089022560998
jcf7180000350117_69401_69700	HELPU_005724	2.24682063990463	1.76433318249128	11.2277917823009	0.00317668756716663	0.0380738593104376
jcf7180000350117_75401_75500	HELPU_005725	4.43004937712451	-0.412709349346922	12.4853550728816	0.0020825872513805	0.0295799473693922
jcf7180000350117_101601_101700	HELPU_005727	3.90885634690244	4.00322587710722	11.1213654703363	0.00329522558925041	0.0389598604743758
jcf7180000350117_121901_122100	HELPU_005730	-5.05155536154232	2.18364129513444	18.4290165485545	0.000353484883595781	0.0106598878451978
jcf7180000348034_90401_90500	HELPU_005739	7.25604302337389	0.70326115473367	32.6249918752791	3.18426253717248e-05	0.00275786014076382
jcf7180000348034_145001_145300	HELPU_005744	3.74723951153784	1.5633974057123	10.8824898333852	0.0035795638899716	0.0409001015762285
jcf7180000347163_240601_240700	HELPU_005757	6.13425771422175	-0.0879608153868507	34.3850286728394	3.07476297033459e-05	0.002709831179397
jcf7180000350358_20101_20400	HELPU_005759	-1.91210533946578	0.661606800741368	14.7287217290418	0.00102429252961836	0.0196638764330428
jcf7180000347593_41901_42000	HELPU_005784	1.44816609730899	1.22096452228478	11.1317131178907	0.00328147251052651	0.0388807117883915
jcf7180000348837_172401_172800	HELPU_005808	2.413509234765	1.47762726691146	18.6310388845561	0.000334613273215777	0.0103501377977727
jcf7180000392461_31101_31200	HELPU_005811	7.83879619165562	-0.179057910035138	46.327472215982	5.85579967594012e-06	0.00109820126531573
jcf7180000392461_45801_45900	HELPU_005813	8.48209399348833	1.01647776562731	23.6247174790625	0.000172525280490503	0.00712249906530027
jcf7180000348771_49901_50000	HELPU_005824	-3.95945697640193	1.13625850376086	23.3327415847211	0.000101147842670292	0.0052618004236331
jcf7180000348771_91401_91500	HELPU_005829	-5.44349133286832	0.193476920743729	20.3674117146063	0.000237061980789329	0.00856120169346694
jcf7180000348771_93401_93700	HELPU_005830	1.76576867761059	1.21390900247295	12.9790733543582	0.00177349642664535	0.0269476072513355
jcf7180000349591_91701_91800	HELPU_005840	3.44873478504748	0.264327094411786	16.0597354885199	0.000689368683657856	0.0156423832649979
jcf7180000349591_105601_105800	HELPU_005841	-3.50454375002702	0.553986803863658	36.7721569308568	6.24927970189843e-06	0.00114057161341782
jcf7180000417542_6701_7300	HELPU_005844	1.55892691407806	1.9465128673593	10.4294173721063	0.00419676354999441	0.0449658425134251
jcf7180000417542_100801_100900	HELPU_005853	4.43803488376228	0.594443025633254	29.2364865155675	2.70026470176688e-05	0.00252342159129847
jcf7180000396624_86201_86400	HELPU_005864	-4.39565305863792	0.812291156581384	55.4807606595362	3.41314973361e-07	0.000239026464241738
jcf7180000417148_233001_233400	HELPU_005872	2.87853947981954	1.8094702607039	30.0745017072281	2.2693018163796e-05	0.00230820067954602
jcf7180000417148_258301_258400	HELPU_005874	6.56905597096329	-0.826279312747222	17.6403849037435	0.00103330339627003	0.0197671154934939
jcf7180000417148_356401_356500	HELPU_005879	-6.82345281873058	-0.455660457861606	16.5780719581608	0.000884291987756395	0.0180209961705515
jcf7180000349182_10301_10400	HELPU_005880	-3.62311137967724	0.047083001819432	10.6409891024554	0.00389496847275695	0.0429846703685889
jcf7180000349182_27201_27400	HELPU_005882	3.35683780610845	0.390407079279227	12.8678649233422	0.00183840862111308	0.0275135706009889
jcf7180000349182_55901_56100	HELPU_005885	1.71278765325379	0.971262990564307	11.6587864146336	0.00274272005885958	0.0348732222798851
jcf7180000349182_72301_72500	HELPU_005886	5.85899231535076	-0.44968115564162	13.0061597803064	0.00217238078061621	0.0303535309781547
jcf7180000347047_163701_163900	HELPU_005901	1.26438051722958	1.42095743418132	10.8856678175686	0.00357208354454181	0.0408374380702673
jcf7180000348665_19101_19200	HELPU_005904	-5.40992064643648	0.413065699633502	12.6642548956249	0.00196418282551829	0.0285856914874613
jcf7180000348665_73201_73500	HELPU_005908	1.11702591927704	2.02184041611804	15.7040180329778	0.000764024222079733	0.0165607537013514
jcf7180000348665_189301_189800	HELPU_005916	3.02976683655209	0.907418344901473	14.732405837826	0.00102393309596689	0.0196616407869536
jcf7180000392934_122601_122700	HELPU_005926	2.19929687051582	0.985615781886162	15.34154943799	0.000852180711821488	0.0176045845470532
jcf7180000349060_117601_118000	HELPU_005931	3.68667539888867	1.09518433048506	15.7931403254347	0.000745407698852644	0.016359274458606
jcf7180000349060_134901_135000	HELPU_005934	2.89398340220395	-0.122808428454478	10.6790549378772	0.00384326880158633	0.0426656312945997
jcf7180000392467_69101_69300	HELPU_005943	6.36914333662578	0.877631147790327	23.9645088509924	8.70480571827038e-05	0.00483664672641519
jcf7180000392467_106301_106500	HELPU_005947	-2.61738567129433	1.01889895162627	10.9133692800221	0.0035413200735076	0.0406235606029301
jcf7180000392467_154601_154700	HELPU_005951	1.34558821605884	1.4274300419517	10.6156150234084	0.00392799417438753	0.0431976804525742
jcf7180000347213_130301_130500	HELPU_005958	-3.22807062986383	1.65469016982784	16.2011369690764	0.000661546975185232	0.015260925550282
jcf7180000347213_257401_257500	HELPU_005963	-4.30597719958288	1.01769972865465	18.7787636953623	0.000321517722170742	0.010118053379208
jcf7180000417404_88201_88900	HELPU_005967	-2.49737584912501	4.05796559003246	46.1532807473224	1.30490649680804e-06	0.000503250534252085
jcf7180000417404_119701_119800	HELPU_005969	-7.92390055053548	0.272533521342842	33.8106912420072	0.000167253859700626	0.00699868827939684
jcf7180000417404_131101_131400	HELPU_005971	-4.39209261880293	2.14330553732923	31.0203084361057	1.87168866602287e-05	0.00207069204149453
jcf7180000393238_13001_13400	HELPU_005975	-3.41877563347333	1.83872258213853	17.3388946930719	0.000477902708577414	0.012596322730257
jcf7180000393238_56801_56900	HELPU_005976	2.50083846746116	1.68816278014206	31.5177161217289	1.69388185462493e-05	0.00195240844255394
jcf7180000393238_145501_146000	HELPU_005982	1.41779819074602	3.06979269187954	12.6894562807227	0.0019481106977996	0.0284681903609593
jcf7180000393238_184301_184500	HELPU_005988	4.87453907220788	0.69817340069765	12.9593967954484	0.00178479442065399	0.0270474677790118
jcf7180000347732_52001_52100	HELPU_005997	-5.64443100072309	0.655763414234706	12.2745866045368	0.0027162411307634	0.034687449211341
jcf7180000347732_83101_83500	HELPU_006000	2.07725626294937	0.635694731681986	10.9920748158363	0.00344587803262404	0.0400110469940978
jcf7180000347732_119701_119900	HELPU_006002	6.61055199744037	-0.561344724861991	17.0790193781978	0.000693090250988171	0.0156865901994536
jcf7180000416169_76601_77300	HELPU_006004	1.37190798823132	2.42155748930429	11.4663376352315	0.00292779623046	0.0362622109704215
jcf7180000416169_139901_140100	HELPU_006010	2.88416209310922	2.34894027814805	16.52770073059	0.000601913695387677	0.0144230722006926
jcf7180000416169_139901_140100	HELPU_006011	2.88416209310922	2.34894027814805	16.52770073059	0.000601913695387677	0.0144230722006926
jcf7180000420524_35501_35600	HELPU_006016	-2.71466490338412	0.796096115074162	11.3695947603654	0.00302602976526424	0.0369875072063337
jcf7180000350533_7401_7800	HELPU_006028	-2.65681756197125	2.02151753171273	15.9522319179682	0.000711385923079362	0.0159474161219263
jcf7180000350533_75701_76000	HELPU_006035	-1.92989458728018	1.61557184126464	17.4875785257842	0.000458305531344479	0.0123050582211639
jcf7180000417195_140801_141200	HELPU_006045	3.28629009745888	2.50934395460388	24.6313588644657	7.44747061802549e-05	0.00444941250265911
jcf7180000349747_401_900	HELPU_006047	5.17655553029522	3.31762464961969	29.2270817551864	2.70558641354116e-05	0.00252493223539563
jcf7180000349747_93701_93900	HELPU_006054	2.15116695849438	2.66962078932057	22.2925620554666	0.000130176453047495	0.006056863371838
jcf7180000349747_99201_99300	HELPU_006055	3.03743052589556	0.362222655230806	14.1295697596044	0.00123235472132156	0.0218698677672844
jcf7180000349747_109001_109200	HELPU_006056	0.986469047391261	2.73849003383704	12.7734424760154	0.00189327300863467	0.0279859889582599
jcf7180000418038_71701_71900	HELPU_006067	-2.55465252742759	0.299302011256615	10.3512885956121	0.00431470005078782	0.0457314458054693
jcf7180000348119_24101_24300	HELPU_006089	-3.79038841557436	1.67752340180038	41.6175577203109	2.70246145575653e-06	0.000730243327724506
jcf7180000413375_18601_18700	HELPU_006097	-5.25178092541997	0.0993657455033895	16.3678199104453	0.000630332328466183	0.0148388425943604
jcf7180000413375_78801_79000	HELPU_006101	4.03358097438876	0.165437628355423	12.4936180604529	0.00207694754685734	0.0295291308022949
jcf7180000413375_108501_108700	HELPU_006103	1.87786715881162	0.974974555211074	13.8200230482118	0.0013560928383668	0.0231175814435714
jcf7180000349578_61101_61200	HELPU_006115	-6.52909277867109	1.0626280014912	64.4893735340661	1.08539712200289e-07	0.000133427914791382
jcf7180000349578_86301_86700	HELPU_006119	2.61687757002749	2.39085806341417	16.1466456614973	0.000672118869350974	0.0154096687258138
jcf7180000415693_24001_24200	HELPU_006121	2.67813936215349	-0.203850516563032	11.5863030179872	0.00280942982814384	0.0353977152498858
jcf7180000415693_43101_43400	HELPU_006122	1.62884549111329	2.72368147454531	14.3444007414109	0.00115313437715505	0.0210227751413271
jcf7180000347850_23601_24100	HELPU_006130	-1.3674790467534	0.645246674315089	10.3184709925479	0.00436133528432073	0.0460214918034775
jcf7180000347850_58601_58900	HELPU_006132	6.76239898336112	3.36715788234614	22.3109153918484	0.000129590835899729	0.00604114645201296
jcf7180000347850_88701_88800	HELPU_006135	1.7241561691471	1.5038810944058	11.3744507285082	0.00302101278454446	0.0369486156043689
jcf7180000347850_110001_110300	HELPU_006136	1.03847406524227	2.25861244620079	10.4309220282076	0.00419062935309487	0.0449384882332279
jcf7180000347850_197201_197900	HELPU_006140	-2.59327734318155	3.95470243251373	14.4286532283181	0.00112361715380609	0.0207287318377701
jcf7180000417396_27401_27700	HELPU_006143	1.5140515194406	2.11346091252213	10.582591296082	0.0039757891725158	0.0435222603959476
jcf7180000417396_45201_45400	HELPU_006146	1.66292347791645	0.960614506830619	16.845988383229	0.000548494753448266	0.0136445810965717
jcf7180000348061_86501_86700	HELPU_006158	-1.97551252559371	2.0321610355369	16.6713034757378	0.000577591305646205	0.0140666393080797
jcf7180000351621_49101_49200	HELPU_006164	-2.04887205010656	-0.225515294195187	11.2590295662665	0.00313955565340819	0.0378027177527341
jcf7180000350009_146301_146500	HELPU_006184	3.41679486706462	-0.244711107719675	15.6677184850914	0.000773497587576264	0.0166729826547792
jcf7180000348019_31601_31900	HELPU_006188	1.44146136808353	1.26073754506414	11.733931258673	0.0026723908939049	0.0343499271746837
jcf7180000348116_97501_97700	HELPU_006202	-3.68559962172703	0.118233624028908	30.9952504167242	2.26049481124145e-05	0.00230512542605788
jcf7180000348116_113401_114100	HELPU_006203	1.16851169456861	2.81987671394591	11.1376720027102	0.00327456424844871	0.03882737686433
jcf7180000348116_136801_136900	HELPU_006206	5.9118827660802	-0.275790232030216	18.4151566884742	0.000639793015149983	0.0149630850182909
jcf7180000417300_15501_15800	HELPU_006208	2.63953137460237	0.320658077555909	16.311545370699	0.000640685104123438	0.0149754784004214
jcf7180000417300_137301_137600	HELPU_006219	-1.54530451661051	2.67642026792619	12.7848612949173	0.00188857206185134	0.0279496760338893
jcf7180000392915_78601_79000	HELPU_006225	2.90435814497531	1.46456089864614	11.8556134875876	0.00256674615642429	0.0335440708740311
jcf7180000348030_128501_128600	HELPU_006239	4.02049238893489	-0.414600427234361	13.9182074481953	0.001524843833847	0.0247879559076851
jcf7180000417340_68601_69100	HELPU_006248	1.28521286485076	1.79670631782641	12.9147155802592	0.00180850003362171	0.0272117692335661
jcf7180000417340_100301_100600	HELPU_006250	1.6970386177937	1.7501782899775	14.7897185949875	0.00100624331263247	0.0194490352457912
jcf7180000393355_64401_64700	HELPU_006255	-2.10428433086245	1.04792469531838	11.8643841302038	0.00255920129023647	0.0334916955721399
jcf7180000352600_28501_28600	HELPU_006258	6.16270093398139	-0.722585466559737	13.3254878322823	0.00235982700910517	0.0318408785913401
jcf7180000352600_32901_33200	HELPU_006259	1.55976837811851	1.67615287563612	18.5206264625658	0.000344106659006878	0.0105208303682363
jcf7180000352600_74001_74100	HELPU_006263	-2.490334539237	0.15827885943882	12.2745434625058	0.00223236709471499	0.0308446796834505
jcf7180000352600_79401_79600	HELPU_006264	-4.368238747449	0.500679903908329	20.9173070409608	0.000183611013444657	0.0073708692008287
jcf7180000350793_100001_100200	HELPU_006272	2.18843372384168	1.87598590481424	17.7466751386255	0.000426448811412756	0.0118267286702674
jcf7180000350793_121001_121300	HELPU_006276	2.14690771768642	0.797080209773046	15.8293990737282	0.000737498480807163	0.0162808601336437
jcf7180000420545_62101_62500	HELPU_006292	1.5195770709395	2.47492560074384	14.9316687159646	0.000963618447691264	0.0189849006612427
jcf7180000420545_102201_102700	HELPU_006295	-4.57568535986086	0.628868421940649	22.1915275681679	0.000133452949181603	0.0061584964010499
jcf7180000420545_118801_119100	HELPU_006297	-2.70211517335526	1.53354866645617	25.6087698443334	5.95134523924536e-05	0.00389717869876847
jcf7180000393350_47101_47300	HELPU_006303	1.98737471280923	0.806888751369506	10.5985075205356	0.00395357866410324	0.0433585575528736
jcf7180000393350_70601_70700	HELPU_006306	6.92194580448614	0.13158862818949	17.2563750739955	0.000743761778927286	0.0163394714109768
jcf7180000413240_390301_391200	HELPU_006313	-0.990939884306839	3.28978713983849	11.0827657872049	0.00333605132794239	0.0392594261764474
jcf7180000413240_413101_413500	HELPU_006314	-2.08110031646803	0.888926863368714	13.3041328700526	0.00159785828756967	0.0254661855225686
jcf7180000349065_39301_39500	HELPU_006319	-2.39638074332439	1.03300773758363	14.5283216082407	0.00108977280148231	0.020377356979382
jcf7180000347182_54001_54100	HELPU_006330	3.85371566554448	-0.471048470116813	11.5536356548466	0.00395169870650812	0.0433431107610458
jcf7180000348021_20301_20500	HELPU_006347	-4.3099476074948	0.354319379921817	17.3474621144024	0.000476753653115153	0.0125883194910418
jcf7180000348021_53801_54300	HELPU_006351	5.14795177075977	0.973135849325665	35.5923811671571	7.75061830816094e-06	0.00126528306787965
jcf7180000348021_83101_83200	HELPU_006354	-6.55520921435891	-0.786643881380377	14.8039890567928	0.00320428434784483	0.0383083843732691
jcf7180000349699_111801_112200	HELPU_006361	2.26570527420994	1.6825455513822	10.7965610304636	0.00368841901624656	0.0415966464972509
jcf7180000349063_144401_144800	HELPU_006373	-2.08479405720977	1.02244871691153	13.1043097075494	0.0017034163319604	0.0263817686662929
jcf7180000349063_164101_164300	HELPU_006375	2.54300886176273	0.412920875128855	19.4650812019053	0.000267428658020346	0.00913848583044543
jcf7180000417434_63201_63500	HELPU_006380	1.09646103931914	1.7088100942426	14.1172560517336	0.00123534857784031	0.0219062744370602
jcf7180000417434_86701_86900	HELPU_006383	4.65481073075499	0.0481537543934984	37.5590779654265	5.40358802866356e-06	0.00105431437894143
jcf7180000417434_95001_95200	HELPU_006384	-5.55526202734795	-0.129266906344187	10.3117590364441	0.00483275158004569	0.0488920082232886
jcf7180000417434_104801_105100	HELPU_006385	-2.2171225665451	1.31999072070208	21.7810819669402	0.000147730542543395	0.00650936326684863
jcf7180000417434_109201_109300	HELPU_006386	2.4085043627809	0.773685844049704	19.5117140573368	0.000264376283569776	0.00907314950563626
jcf7180000356508_18201_18600	HELPU_006389	3.16959038826743	1.90808971838631	30.5688101973706	2.05100163079453e-05	0.00217723656916029
jcf7180000356508_32001_32200	HELPU_006391	1.2048951662077	2.64996294616664	11.7379614850945	0.00266793951751439	0.0343107898789105
jcf7180000356508_66101_66300	HELPU_006395	1.6154002964825	1.71713580329262	14.7530978303204	0.00101750709357557	0.0195784335162559
jcf7180000347839_63801_64000	HELPU_006398	4.96166003501904	0.463918185265429	25.3910716998886	6.25339182455311e-05	0.00400702519045028
jcf7180000347470_76401_76500	HELPU_006405	3.18189606651526	1.38966402721217	14.4137632787538	0.00112877237742056	0.020784624084333
jcf7180000347470_271901_272100	HELPU_006410	1.13521113459743	1.73143562727125	18.2180178505326	0.000373735139463604	0.0109781391437947
jcf7180000351136_10801_11100	HELPU_006426	3.85257741690445	-0.17673557378372	24.5605616267248	7.56089564886118e-05	0.00448841992872681
jcf7180000351136_85401_85500	HELPU_006431	-7.51233235256281	0.0318674480933764	18.1872110756301	0.000781345750920334	0.0167779454787169
jcf7180000417296_69901_70000	HELPU_006435	5.87478839449251	-0.51103238582612	13.0980621947205	0.0022972095093952	0.0313273519746552
jcf7180000347884_50201_50500	HELPU_006450	1.76868652468661	0.842337274622705	21.163990532105	0.000172071589672455	0.00711196958371027
jcf7180000347884_144801_145000	HELPU_006457	3.89453678096492	0.319430585550486	22.4004595291202	0.00012677501128358	0.00595861275958682
jcf7180000348656_76801_77200	HELPU_006460	1.9339794231948	3.27001997411111	44.0901856881005	1.79874942659515e-06	0.00059356037098084
jcf7180000417423_127401_127600	HELPU_006470	2.17643655624138	-0.0676645632906233	16.9912895900436	0.000526272185368806	0.0133206500495231
jcf7180000350797_54201_54400	HELPU_006490	-5.8699840719596	-0.334367531534722	10.7917276016962	0.00410638839958903	0.044382495382404
jcf7180000350797_61401_61700	HELPU_006491	2.30108233514515	2.31057059108039	28.0510730065169	3.47177907440178e-05	0.00287822836982573
jcf7180000354486_62101_62200	HELPU_006502	-9.55086302943024	1.56152416923621	24.4008572906251	0.000176836855961966	0.00721522081803676
jcf7180000421140_102901_103200	HELPU_006509	1.56468467391074	1.9769171403012	12.6289094928733	0.00198697216992391	0.0287900889171791
jcf7180000347763_44601_44800	HELPU_006516	1.42698413552399	2.57661108466343	11.4072347632731	0.00298738202549387	0.0366876847496519
jcf7180000347763_155501_155700	HELPU_006518	-3.08432891202848	0.096647991406591	14.6781116424458	0.00104100875831449	0.0198379850938343
jcf7180000347763_166201_167200	HELPU_006519	-1.75293755181254	4.04555378088626	33.6714512547723	1.10760143205261e-05	0.00154603779424236
jcf7180000347763_200101_200400	HELPU_006520	-1.38722944680655	2.51746398323622	12.4109955975118	0.00213295588383687	0.030031855192393
jcf7180000417392_135201_135500	HELPU_006533	3.21655266080661	1.85838315568221	23.6251563381886	9.43312079367759e-05	0.00506192164395473
jcf7180000351937_8701_8900	HELPU_006535	4.66740455784597	-0.425925834907569	17.8979742435269	0.000408939410670014	0.0115730944155696
jcf7180000351937_39701_39800	HELPU_006537	-4.50174016553601	0.891167636750014	23.8993377748841	8.83972117162784e-05	0.00487056661948843
jcf7180000351937_79801_80000	HELPU_006542	3.03518142116436	-0.452934432351165	13.7852872353049	0.00137031150465536	0.0232465182032646
jcf7180000417259_60701_60800	HELPU_006544	7.33050167678477	-0.106439603443699	32.0253294388292	2.26569268184845e-05	0.00230702271735487
jcf7180000417259_139701_140100	HELPU_006549	-2.90688155804215	0.540524665826071	13.2109202199536	0.00164616953028377	0.0258894597434831
jcf7180000392942_67101_67600	HELPU_006556	1.3610892043761	1.49251422612101	13.2635692307346	0.00161660586657303	0.0256205150525597
jcf7180000392942_141101_142000	HELPU_006560	-3.15573394533053	2.17658020094704	12.0094977622304	0.00243786911718317	0.0324717046887753
jcf7180000415707_24101_24300	HELPU_006575	1.97593072063513	0.263030675374173	9.95168627745663	0.00497844729239889	0.049759630199251
jcf7180000415707_45601_46000	HELPU_006577	1.77763901191404	2.19139962473041	19.3030805389479	0.00027933263474702	0.00933469835568303
jcf7180000415707_71701_72100	HELPU_006580	2.7784447087193	1.25016954959451	11.0258155454451	0.00340583912944859	0.0397265142665976
jcf7180000393637_78801_79200	HELPU_006593	-4.26958585268413	0.324437194570501	37.0732700874651	5.91951670306925e-06	0.0011057355066025
jcf7180000417588_11901_12100	HELPU_006610	1.39688232943549	2.13824899487539	15.5334336900118	0.000803604666293298	0.0170259689142977
jcf7180000417588_60301_60500	HELPU_006615	1.90093691330449	1.06283415129787	16.3284864081086	0.000636695617375016	0.0149211925706001
jcf7180000417588_110501_110900	HELPU_006619	1.23940147021887	1.70297110706729	13.2827064160798	0.00160675103708611	0.0255491522400191
jcf7180000417325_33601_33700	HELPU_006637	-3.5021543905256	-0.651278003416419	11.6340377175305	0.0031047855154487	0.0375435640154272
jcf7180000417325_51101_51600	HELPU_006639	6.14262143936607	0.534102099440028	58.1794174426437	2.38790279915367e-07	0.000198249227551649
jcf7180000417325_52401_52800	HELPU_006640	4.62989620450003	0.86907002986816	54.680824713804	3.8039098355365e-07	0.000255761146118125
jcf7180000355701_26001_26200	HELPU_006645	4.19475586999577	0.408172729459777	17.3934518537344	0.000572515129351966	0.0140041231770649
jcf7180000349056_5301_5400	HELPU_006662	4.22050642912456	0.103608203060355	22.5948219398245	0.000120892283484587	0.0058098681345033
jcf7180000417262_64001_64100	HELPU_006673	4.95962576249481	-0.751594253722077	22.880215364357	0.000440406880447277	0.0120435766226725
jcf7180000348517_50301_50800	HELPU_006684	2.23652140348213	0.660914825367289	13.1005642749297	0.00170546719541939	0.0263983295428752
jcf7180000348517_103901_104200	HELPU_006690	-2.27724742820963	1.87239081049488	17.6553918140491	0.00043741208498909	0.0119925941674328
jcf7180000413306_65801_65900	HELPU_006699	2.21103490257152	2.97597005906663	30.3174547353486	2.15896801212203e-05	0.00224385629201561
jcf7180000413306_129701_130100	HELPU_006704	1.37476662044039	2.757278377024	19.2498120207813	0.000282809832756234	0.00941278762371366
jcf7180000393026_34401_34500	HELPU_006705	3.57415523003442	1.89893226702257	22.1191466150956	0.000135856110617364	0.00622207518321072
jcf7180000393026_86901_87300	HELPU_006708	2.36105738211606	1.29061638476539	16.663247061551	0.00057892672348266	0.0140895780972868
jcf7180000393026_93401_93500	HELPU_006709	3.36257981220527	1.32697325247439	11.5462353375963	0.00284932957857862	0.0356635607063249
jcf7180000393026_114201_114400	HELPU_006710	-2.45769068475349	0.395329580007519	10.7640786220641	0.00373052039130061	0.0418915109335642
jcf7180000393026_155601_156200	HELPU_006712	-2.06246591652597	2.28469513582682	28.2302585135141	3.3302349188906e-05	0.00280797526380064
jcf7180000393026_168601_168900	HELPU_006713	-2.85628686819688	2.19171208527776	12.5144499764847	0.00206280413837412	0.0293966267447179
jcf7180000414334_217201_217500	HELPU_006747	2.95099913812279	0.859011274460158	33.4513875080168	1.15600677777941e-05	0.00158426580544987
jcf7180000350813_4501_4700	HELPU_006748	-8.32831608658301	0.840284666203603	19.1535278006732	0.000362423801358283	0.0108191427036106
jcf7180000350813_96601_96700	HELPU_006756	3.03508278136104	2.39083985361238	22.2115387336677	0.000132796844652815	0.00613335172080077
jcf7180000420420_52301_52500	HELPU_006761	1.78686352011934	1.89154222633349	13.9425783521347	0.00130622649077336	0.0226489820856433
jcf7180000420420_137701_138100	HELPU_006763	2.99846089643089	0.811967917443305	19.3632849428278	0.000274975514628309	0.0092746598832363
jcf7180000420420_146001_146200	HELPU_006764	6.76809558114288	1.05218389675205	20.2870525080305	0.000241908502968489	0.0086687259827043
jcf7180000417254_74301_74400	HELPU_006773	-6.83735627366356	-0.534691743061274	23.0211364764431	0.000345488183399635	0.0105352010972647
jcf7180000417254_98501_98600	HELPU_006776	3.1629752189682	-0.0166100460440237	29.9110249507508	2.33899363924453e-05	0.00234576656550383
jcf7180000392747_49201_49300	HELPU_006780	5.2840420478499	-0.143285993416231	18.2952383377566	0.000451594324866536	0.0122132005756206
jcf7180000392747_54901_55000	HELPU_006781	3.56883683305627	0.0135447464452403	12.6382119263137	0.0024288527575	0.0324073698594332
jcf7180000392747_117501_118000	HELPU_006786	1.73656888195517	2.37225464880695	16.5987173264587	0.000589746935674482	0.0142403848882511
jcf7180000347791_140401_140600	HELPU_006811	-4.21772535747897	1.45444797983825	23.106287644464	0.000106800229732587	0.00542400863855567
jcf7180000347791_163501_163800	HELPU_006812	-3.56017728893726	1.44428894374312	23.0402528084066	0.000108513404569591	0.00546626256254911
jcf7180000349440_17101_17300	HELPU_006824	-3.3993570725401	2.10003098108024	11.948909394895	0.0024877355200843	0.0328987774971691
jcf7180000349440_65301_65500	HELPU_006827	-2.04464405507865	0.415913450652022	13.0531782455953	0.00173165144710717	0.0266232812152745
jcf7180000392690_1501_1900	HELPU_006831	6.06922241362793	0.260090217354185	34.2042288259074	1.52758462245132e-05	0.00185141996252687
jcf7180000351371_103001_103200	HELPU_006846	1.49952120866898	1.23897431060974	10.9488592298292	0.00349792502090702	0.0403276513429132
jcf7180000348880_46801_46900	HELPU_006858	1.53375191707699	0.327181605181921	10.5136939942808	0.00406971600691048	0.0441510698701366
jcf7180000348880_95401_96600	HELPU_006861	1.04295924192575	2.39360161085276	11.822297052877	0.00259277062666131	0.0337440708961614
jcf7180000348880_165001_165200	HELPU_006867	-6.27607212623435	-0.24646019659462	24.7363130162966	9.77710930139878e-05	0.00516588837091265
jcf7180000348762_120801_121000	HELPU_006887	1.90455771591445	0.740079445220658	13.3280275099742	0.00158572802232205	0.0253740402374099
jcf7180000417184_124301_124500	HELPU_006896	3.51397446014907	0.299510253146401	31.2670410515318	1.78104707639065e-05	0.00200842508247774
jcf7180000349750_11201_11500	HELPU_006897	-1.51234175530422	2.16181081313705	14.1606100340321	0.0012198207188429	0.0217322214162088
jcf7180000349750_63801_64100	HELPU_006903	3.58701738731	1.57469450359186	26.0210715063574	5.42237874951386e-05	0.00369673062978487
jcf7180000349750_73501_73600	HELPU_006906	4.91403594201521	0.548682298292936	47.5626409236609	1.0518175574632e-06	0.000446324366713351
jcf7180000392982_171201_171300	HELPU_006917	-5.35922773583355	-0.518271345439649	11.9859580591988	0.00277487154730546	0.0351354110198516
jcf7180000421895_16601_16900	HELPU_006918	3.69427121756865	2.13622948912044	54.766410478706	3.75983784610436e-07	0.000253967235443421
jcf7180000421895_57201_57700	HELPU_006923	1.32589036197988	3.02869525448975	20.0704495828239	0.000227839710476856	0.00836445075016078
jcf7180000350540_82701_82900	HELPU_006931	2.06004292669216	1.21717706839693	14.3033056989669	0.00116784198767603	0.0211870710035521
jcf7180000353918_42601_43200	HELPU_006936	-1.56927274223211	3.54269841713076	19.9666011003057	0.000234271308257383	0.00851111466390633
jcf7180000353918_54101_54400	HELPU_006937	-2.70963995699565	0.611421581059221	15.063267518178	0.000926337173630767	0.0185297840374006
jcf7180000353918_81801_81900	HELPU_006939	4.42847078427658	-0.43818519236147	14.1523936210404	0.00142332002364315	0.0237754291953133
jcf7180000353918_114401_114800	HELPU_006940	-3.71021031933201	2.04668945141092	14.4470788153978	0.00111727382088994	0.0206702873463405
jcf7180000352533_12901_13200	HELPU_006941	-2.52828789583325	2.58496057177983	26.3923719794735	4.9901049017043e-05	0.00352851400737754
jcf7180000352533_88101_88600	HELPU_006949	1.76528961772673	1.80519963453211	17.5084708001533	0.000455716803358174	0.0122597536240698
jcf7180000349563_19901_20000	HELPU_006957	3.45055634915231	0.502016132869786	27.2838684067763	4.09926602006667e-05	0.00315374823617952
jcf7180000349563_34801_35100	HELPU_006958	1.63139416982215	1.79852641212246	14.1210727887421	0.00123560943899787	0.0219062744370602
jcf7180000349563_50601_50900	HELPU_006959	2.08988077040653	2.32775760584309	14.219554568548	0.00119846234298713	0.0215232450007856
jcf7180000349563_89101_89500	HELPU_006961	-2.74191093010928	1.16120674146888	20.6999333286683	0.000194087794241366	0.00760805607689423
jcf7180000420936_65601_65700	HELPU_006973	5.52912974607402	-0.137706776138192	13.6480312497227	0.00165500283119677	0.0259730120215682
jcf7180000420936_65601_65700	HELPU_006974	5.52912974607402	-0.137706776138192	13.6480312497227	0.00165500283119677	0.0259730120215682
jcf7180000420936_84101_84300	HELPU_006977	2.47545392061907	0.732250774891015	13.4050296874692	0.00154732540338212	0.0250110481554475
jcf7180000347595_8501_8600	HELPU_006999	4.28382827939713	-0.365876815210669	14.2281638960815	0.00119527409550669	0.0214883141878986
jcf7180000351293_13501_13600	HELPU_007007	3.97319937818928	-0.240868859879838	11.5653420687655	0.00283091232412438	0.0355417605094228
jcf7180000392722_2901_3200	HELPU_007025	4.14235453816171	0.968163820025426	14.1715956230989	0.00121639573621656	0.0217112378896159
jcf7180000349572_45201_45300	HELPU_007036	-5.50921327440069	0.707731533494005	14.5494095922052	0.00138248640027696	0.0233507154247039
jcf7180000349572_81501_81600	HELPU_007040	-7.34962043431023	0.118900748901346	32.3432992513845	2.13668999721141e-05	0.00223139579962041
jcf7180000352572_24101_24600	HELPU_007042	2.15697362695271	2.87234773206628	15.6658749045256	0.000773919109272464	0.0166795582175759
jcf7180000353937_38801_38900	HELPU_007072	7.71761875400978	1.26797303596759	37.7667710083957	8.30668777979839e-06	0.00131016501140105
jcf7180000418691_72801_73300	HELPU_007086	3.44251775828	2.00320597401463	19.6216079043698	0.000256819245844964	0.00892718035553829
jcf7180000347417_161601_161700	HELPU_007094	-7.23324893764082	0.624970543649068	14.6087332626365	0.00149576065864867	0.02451750156327
jcf7180000347417_233401_233700	HELPU_007095	-2.46986018555764	2.37768305643273	16.5161082220671	0.00060392594960884	0.0144449809752637
jcf7180000350788_85501_85700	HELPU_007103	5.8063456607196	-0.182696402676362	24.2675276475151	0.000274606979781586	0.00926659441539826
jcf7180000350107_27901_28100	HELPU_007105	4.00325189023698	1.19323496325937	10.5961923517445	0.003956800821839	0.0433779074902162
jcf7180000352253_20901_21000	HELPU_007122	7.11649038666512	-0.415710528109102	16.6503593625118	0.00180698695913169	0.0272058748805736
jcf7180000352253_29701_30000	HELPU_007123	2.48372732574612	0.244129999315863	14.6839987247548	0.00103914212582532	0.0198253754528587
jcf7180000420440_31501_32100	HELPU_007132	-2.49404730752345	0.472801453115186	16.2673331349198	0.000648950567436289	0.0150898655771289
jcf7180000420440_149001_149100	HELPU_007134	1.5278801358271	1.61472101678017	10.5832595624119	0.00397485385113688	0.0435175240432529
jcf7180000420440_152401_152600	HELPU_007135	4.67084741922608	-0.135206351896928	13.6051618758116	0.00167656130177006	0.026152573261915
jcf7180000420440_199901_200500	HELPU_007136	2.96747797149533	2.21500150647629	61.6011479322053	1.53460654537248e-07	0.000156017832663567
jcf7180000392957_36001_36200	HELPU_007142	1.68115171904654	0.806237641498524	20.502496681284	0.000203722316975028	0.0078155341346267
jcf7180000349422_45101_45300	HELPU_007158	-6.35659731611969	0.249496924467722	16.3396960999367	0.000761841014270002	0.0165364293666561
jcf7180000349422_47101_47400	HELPU_007159	-2.17786448349019	1.97127049727892	36.1215637355659	7.00369950528762e-06	0.00121352748058112
jcf7180000392609_40401_40700	HELPU_007162	3.17116673423563	0.178737378074349	28.9502404463423	2.858051617882e-05	0.0025946851054044
jcf7180000392609_59501_59600	HELPU_007164	6.32617260786792	-0.461029533669534	16.6032053683404	0.00078577471050457	0.0168211579226975
jcf7180000392609_70001_70100	HELPU_007165	-6.75432936651666	-0.535944218575344	14.0847665194393	0.00274266339406582	0.0348732222798851
jcf7180000350316_65901_66000	HELPU_007170	3.40145126354973	1.40770580384481	32.7813364412991	1.32033765399748e-05	0.00170121616383958
jcf7180000350316_72601_72700	HELPU_007171	4.11903945812696	1.41392326815861	15.0680628193531	0.000925000475983647	0.018518565131374
jcf7180000350316_78501_78800	HELPU_007172	1.15481288507915	1.17313390935852	12.926923267658	0.00180137421516717	0.0271573352454175
jcf7180000347748_56801_56900	HELPU_007179	6.48121537389541	0.730802457538202	23.1630679441056	0.000190144152188737	0.0075249817823167
jcf7180000417243_126901_127300	HELPU_007197	3.85536008508712	0.607604904569557	21.1948326899993	0.000171131074832409	0.00708639010713063
jcf7180000417243_153201_153400	HELPU_007201	6.67565130364657	-0.132337274993264	34.4360530493632	2.35793737665766e-05	0.00235184337664554
jcf7180000420514_60301_60500	HELPU_007204	-3.17815310075642	1.00667547173826	11.1495566148038	0.00326335567367807	0.0387349540236454
jcf7180000420514_127901_128200	HELPU_007208	1.96341799753869	2.41377721016892	16.9248885262527	0.000537247583614085	0.0134618330532614
jcf7180000417540_62801_63000	HELPU_007222	-6.78028503669744	-0.203515349148635	20.9720720399041	0.000231422107705193	0.00844345849826567
jcf7180000417230_92501_92600	HELPU_007231	4.49864675148306	2.75393573834382	11.3630643480197	0.00339648396961782	0.0396650923350436
jcf7180000417230_204101_204200	HELPU_007233	-5.00925529163028	-0.0592136411419813	12.5069356535024	0.00235182995160908	0.0317783855713043
jcf7180000352984_53501_53600	HELPU_007239	-2.06490467524356	0.392710344002247	16.8682982189353	0.000545016330318831	0.0135899183811467
jcf7180000352984_69701_70000	HELPU_007241	-4.01781730424001	0.62531848613374	18.5150414891381	0.000345309091087008	0.0105338536804805
jcf7180000350534_24401_24500	HELPU_007245	6.29446564082929	-0.92777786761571	14.3924088505723	0.00222375266483879	0.030771670347929
jcf7180000350534_87201_87400	HELPU_007249	-1.9431997882764	0.603285414058634	10.3316371784048	0.00434494014993439	0.0459126456255168
jcf7180000350534_99601_100000	HELPU_007251	-3.44893940090498	1.34091792404775	26.4562692079858	4.91961685888289e-05	0.0035026571487883
jcf7180000348575_80501_80700	HELPU_007259	1.36835559007387	0.904244315101946	10.2553767943742	0.00446048683821226	0.0466262256630559
jcf7180000420513_32301_32500	HELPU_007264	-1.38280020883906	0.770011680986877	10.4744301456007	0.00412658296195321	0.0445251555052879
jcf7180000420513_103301_103900	HELPU_007268	-2.15332046762792	4.19434473388472	37.1221059239686	5.85143931636716e-06	0.00109820126531573
jcf7180000420513_136901_137100	HELPU_007269	3.00196494752182	0.0484183803736037	17.0836655774748	0.000513576614350606	0.0131419665669925
jcf7180000349333_68101_70100	HELPU_007276	2.37726198915549	3.11586315244895	15.2081866897585	0.000886866600664412	0.0180558752181079
jcf7180000420498_94401_94700	HELPU_007280	-1.55517850945574	2.34507531030807	15.1887221877522	0.000892058286762311	0.0181225320166301
jcf7180000420498_108201_108400	HELPU_007281	2.09260650104849	1.31552809184569	13.4164346677258	0.00154172550347801	0.0249543292712871
jcf7180000420498_127801_128000	HELPU_007283	-3.74231687610951	4.67273178522817	16.2222213034282	0.00065750578598497	0.0152125044218259
jcf7180000420498_135501_135600	HELPU_007284	5.13107516426447	1.91689049001358	11.1055208322405	0.00331328927413666	0.0391007995930592
jcf7180000350331_24801_25100	HELPU_007285	1.36309277858341	0.894093360473654	11.6074817891793	0.00278775690944188	0.0352424790705173
jcf7180000350331_124201_124500	HELPU_007293	1.51584121016426	1.39799230754726	11.954414640573	0.00248203789907905	0.0328461776621473
jcf7180000392660_32701_32900	HELPU_007298	1.17935196456825	1.68130602577463	10.0361894951754	0.00482488996225656	0.0488469799667489
jcf7180000392660_109101_109300	HELPU_007306	3.33793797697569	0.045906077116062	16.8376638343313	0.000550762200619801	0.0136807878620178
jcf7180000422217_33901_34400	HELPU_007311	-2.25370822528714	1.35461175678127	14.5454650660334	0.00108406580243551	0.0203088353565643
jcf7180000417492_21301_21800	HELPU_007320	-1.51689282156259	2.57976211133049	10.6965765916671	0.00381972782123597	0.0425064369498875
jcf7180000417492_112101_112200	HELPU_007327	8.1397906695899	0.244694432328775	23.2150518063756	0.000224254883303772	0.0082859460087783
jcf7180000420489_33601_33900	HELPU_007329	2.60852906548912	1.00457055670477	11.9032062766557	0.00252609871856461	0.0332236111976725
jcf7180000420489_91301_92300	HELPU_007331	-1.77367757633562	3.40635912310661	17.2898255335018	0.00048454301429768	0.0127024340271586
jcf7180000348494_45701_46100	HELPU_007336	1.48310397619911	1.34386445385851	12.9392118496818	0.00179624868269387	0.0271200317030182
jcf7180000348494_180501_180900	HELPU_007343	3.79235865650762	0.870322052246065	24.5054018822617	7.6687279364275e-05	0.0045215304566461
jcf7180000347594_37101_37400	HELPU_007356	-4.08950130333397	-0.101052035459504	10.5243550043781	0.00405824406260367	0.0440616607452099
jcf7180000347594_65301_65400	HELPU_007359	6.84094350097199	0.683008026522416	41.5847729219439	4.51408351674839e-06	0.000966334379261353
jcf7180000349206_23201_23300	HELPU_007363	-4.94331490337659	0.222340963927983	15.6278448183219	0.000782671286677026	0.0167911159185859
jcf7180000349206_36501_36600	HELPU_007366	7.03644441470295	-0.698250756230698	24.2354399640617	0.000348204194142806	0.0105757552820766
jcf7180000349206_47001_47300	HELPU_007367	1.96924051241959	0.267546968224479	14.9024014166453	0.000970984471863569	0.0190660292947465
jcf7180000349206_60101_60300	HELPU_007368	1.91492967783707	1.13802525281307	12.3094452963248	0.00220676640346755	0.0306372682199603
jcf7180000349472_10001_10200	HELPU_007374	2.91524741821692	-0.0607278267754995	24.0645514954114	8.47923377911225e-05	0.00476679390313991
jcf7180000348120_88201_88300	HELPU_007389	-5.51776505331645	0.980519383948535	10.9313450222072	0.00370567929467419	0.0417039253206414
jcf7180000399903_40101_40600	HELPU_007398	1.73493292939395	2.68146388875591	24.3718913381447	7.88960875853574e-05	0.00458935208749211
jcf7180000347351_156501_157900	HELPU_007408	-1.47581341257692	3.72910975833551	27.345317502418	4.03209702073262e-05	0.00313120851262612
jcf7180000417343_58701_59000	HELPU_007412	3.14129701498861	0.766560563856564	17.3433159295613	0.000477309354665637	0.0125941257718755
jcf7180000417343_106801_107400	HELPU_007415	6.73070522669867	1.76348284734265	34.2842008518503	9.89584064969841e-06	0.00144589007077053
jcf7180000417343_129301_129600	HELPU_007416	-4.2175667891981	0.264866542959147	28.9865306406168	2.84147940992159e-05	0.00258701978050099
jcf7180000417343_161001_161400	HELPU_007419	2.32280185785971	3.2811876927578	15.8952930024908	0.000723361118269141	0.0161049479224621
jcf7180000417343_178901_179000	HELPU_007421	4.30780106835232	-0.13247554093157	12.0417104532311	0.00241180856351185	0.032271619731839
jcf7180000421154_32901_33100	HELPU_007424	3.29380801729793	0.230475186894189	35.7415294014695	7.53442577349702e-06	0.00124887903415824
jcf7180000421154_57201_57500	HELPU_007427	-1.66205043331725	1.85466207567472	10.9617581810878	0.00348229935716967	0.0402483695143609
jcf7180000348711_68501_68600	HELPU_007435	1.63527471377299	0.0125434820522901	10.494736920916	0.00409706273983731	0.0443290855305207
jcf7180000348711_101801_102000	HELPU_007437	4.92261650288258	-0.314797752056656	13.9047301871399	0.00132176699948109	0.0227847095132329
jcf7180000351135_77901_78100	HELPU_007439	2.42519651196368	0.973675496691618	12.0921143662015	0.0023716480825212	0.0319386922437492
jcf7180000351135_100601_100800	HELPU_007442	-3.93229084102169	0.809144978162761	30.0346824357106	2.28797058290323e-05	0.00231399276856451
jcf7180000420438_37401_37900	HELPU_007460	1.35924008861797	1.92437677836885	15.534104609091	0.000803444623743291	0.0170259689142977
jcf7180000353467_14301_14700	HELPU_007478	1.51452641540812	1.87046189489841	12.550546312171	0.00203854906520941	0.0291778829344256
jcf7180000417198_39401_39600	HELPU_007487	2.61788808826257	1.32267059058357	19.8998409045548	0.000238729879556987	0.00859244574162719
jcf7180000417198_58901_59000	HELPU_007489	5.61452331262961	0.336064726031146	12.3113563795599	0.00250155035601814	0.0330174445335794
jcf7180000417198_85101_85200	HELPU_007492	-4.77935218363261	1.18378856249639	15.6867931295985	0.000769151162805564	0.0166129315077342
jcf7180000349055_65201_65700	HELPU_007501	-3.54142762670353	2.09754217711819	16.5094927921032	0.00060507760000287	0.014460636104597
jcf7180000349055_86401_86700	HELPU_007503	-2.04940291533786	0.802454963884328	12.3023645623657	0.00221193375397748	0.0306759279915829
jcf7180000349055_86401_86700	HELPU_007504	-2.04940291533786	0.802454963884328	12.3023645623657	0.00221193375397748	0.0306759279915829
jcf7180000374134_161401_161700	HELPU_007509	6.513765416061	0.35947807214876	42.5666099919071	2.31160678234525e-06	0.000672872556754882
jcf7180000347073_155901_156000	HELPU_007520	3.33144602175414	-0.341217539816488	10.8047201637615	0.00386960398836188	0.0428451376238833
jcf7180000347073_181801_181900	HELPU_007523	6.08940081916233	-0.518629107421436	10.8017165955365	0.00434478212816143	0.0459126456255168
jcf7180000417353_35101_35600	HELPU_007528	1.74503317413291	1.50609248128643	13.3134654661866	0.00159310835825824	0.0254224825691243
jcf7180000417353_44801_45100	HELPU_007529	-1.30367298738927	3.07266065691537	11.341180912393	0.00305557154898614	0.0372139719390022
jcf7180000417353_45901_46100	HELPU_007530	-1.89233775348614	1.49444594024732	14.6593388391424	0.00104698590038942	0.0198928710110011
jcf7180000349012_13301_13700	HELPU_007535	1.34647749582696	3.88883187044855	10.3044826796444	0.0043871141337664	0.0461759496464768
jcf7180000413582_55101_55300	HELPU_007551	-2.72205853859905	0.045585027442263	16.116764895985	0.000676873218447499	0.015459928011362
jcf7180000417302_73701_73800	HELPU_007556	-6.19759974021131	-0.556317537023843	13.4284001809018	0.00176882797053641	0.0269031483175888
jcf7180000348290_168201_168400	HELPU_007569	5.83302299935379	5.09016814020867	16.6194697529995	0.000586243041889959	0.0141868735856214
jcf7180000393205_141701_142000	HELPU_007573	-1.23622342812617	2.51733747774728	13.3476701220738	0.00157379009607853	0.02526631100757
jcf7180000359036_81901_82100	HELPU_007591	-4.09983983068305	1.98700467150792	10.9768160612497	0.00346415626234684	0.0401289284864199
jcf7180000350018_55001_55100	HELPU_007599	-7.01162006303	-0.616927815731545	15.9064851386083	0.00314142465944257	0.0378123928722355
jcf7180000350018_71001_71100	HELPU_007600	-4.55791376020712	-0.761177017867279	14.2577178119598	0.00137768926542477	0.0233104621436986
jcf7180000349763_211801_212200	HELPU_007602	2.21340761822139	1.64144836435068	22.9415013119951	0.000111132161871496	0.00554711537635744
jcf7180000349763_255601_256400	HELPU_007604	-2.19376909204739	1.41847488949313	17.97113545642	0.000400758549964769	0.01144219190498
jcf7180000350801_112801_113000	HELPU_007607	3.37612468861508	3.69802107731641	14.4765197354846	0.00110722028068417	0.0205546557350135
jcf7180000350801_126801_127000	HELPU_007609	2.74268833201382	0.771455958957754	26.2257660146846	5.17918534397521e-05	0.00360645553270365
jcf7180000348440_101901_102000	HELPU_007618	2.81811984223683	0.266824250866099	10.1188958259462	0.00468781973836869	0.0479884969335857
jcf7180000393023_35201_35400	HELPU_007625	7.51565826695169	0.331074024973914	18.0044985430159	0.000487150297920204	0.0127404125623074
jcf7180000393233_24701_24800	HELPU_007636	-6.27831525454946	1.99842114701585	18.713084025399	0.000327268948425102	0.0102189755903801
jcf7180000393233_34301_34500	HELPU_007637	1.34239184977808	1.31598048049249	9.96395263786627	0.00495403754950009	0.0496074015239359
jcf7180000393237_102301_102500	HELPU_007650	3.38069437612884	1.17420642862309	23.9019310806608	8.83430876185019e-05	0.00487056661948843
jcf7180000393237_124601_124700	HELPU_007651	6.22919273252147	0.482197872269389	33.8678291600845	2.58785954235896e-05	0.00246689419959793
jcf7180000392741_63501_63600	HELPU_007654	2.6211674299394	0.9521787938983	32.3929196728166	1.41916167522881e-05	0.0017742742084276
jcf7180000422209_113601_113700	HELPU_007663	5.79429689305202	-0.619997696479494	12.8107035562176	0.00230460865667659	0.0313915799746008
jcf7180000348756_21301_21600	HELPU_007667	-1.59212257216827	2.91120757098134	16.6574821150078	0.000579884404309632	0.0141021013986411
jcf7180000348756_130501_130900	HELPU_007671	-2.63385844486079	1.71411503788858	39.8228206309376	3.64623052178905e-06	0.000858158479592829
jcf7180000347616_130901_131100	HELPU_007682	3.63160453525787	1.16661859578781	11.1243314182963	0.0032918564097966	0.0389425308065757
jcf7180000349190_64001_64400	HELPU_007701	1.23284039143955	2.74100668944919	13.8415459105364	0.00134633525673791	0.0230148239103525
jcf7180000354454_32401_32800	HELPU_007710	-3.82554504117411	2.58779429015829	15.2382152039338	0.00087892259015899	0.0179639760761716
jcf7180000351913_103901_104400	HELPU_007723	2.39609500704854	2.02893305932879	15.6809397775805	0.000770482054382645	0.0166317630108266
jcf7180000347079_50601_51200	HELPU_007729	2.96812610119343	1.77966905391483	23.1517414805946	0.000105638328624493	0.00540412029879046
jcf7180000417120_60601_60800	HELPU_007736	2.78816014187698	0.0348568220207032	13.8758961903113	0.00133374353592159	0.0228973962936595
jcf7180000417120_175601_175800	HELPU_007738	-1.78442858232941	1.96543250575244	15.3326401047768	0.000854450575170858	0.0176362120699332
jcf7180000417118_64201_64400	HELPU_007749	-4.74551773016803	0.149508415119429	17.3225661713376	0.000480101152710948	0.0126310216650628
jcf7180000368342_154901_155000	HELPU_007759	-3.82269109102178	-0.649743579280638	10.5508655181321	0.00402047565713684	0.0438226950698963
jcf7180000350347_105101_105300	HELPU_007774	-2.72303053852644	1.67519008317543	32.2222908535829	1.4730500752975e-05	0.00181159859990226
jcf7180000350347_123001_123200	HELPU_007776	-2.00609174864546	1.20138380846433	11.2385486060792	0.00316497215913036	0.0379890827064171
jcf7180000347362_164801_165000	HELPU_007784	1.62830915933055	0.944311189140215	10.234273080178	0.00449827993717643	0.0468433619550564
jcf7180000417261_207701_208000	HELPU_007790	-4.37046057891798	0.128400987530296	16.7610197210742	0.000562947756341888	0.0138827049091557
jcf7180000417261_223601_223700	HELPU_007792	5.8388066821544	-0.170673406193264	20.8785612717787	0.000236691647293833	0.00855347949273664
jcf7180000349604_81401_81700	HELPU_007805	2.22908371293134	2.16573241929014	15.6332831705696	0.000781413039574076	0.0167779454787169
jcf7180000353448_36501_36600	HELPU_007812	-6.56415569639944	-0.377717201811926	15.3161456898192	0.00101493100586455	0.0195523031488273
jcf7180000353448_78001_78100	HELPU_007816	3.12172364908374	-0.356776803019177	11.8528245815925	0.00256808382434572	0.03355389770805
jcf7180000353448_89801_90100	HELPU_007817	-1.55970366738666	2.57973477699374	25.0618628409407	6.72375455404579e-05	0.00418939492201799
jcf7180000394172_27701_28300	HELPU_007818	-1.41966654998402	3.61103488407172	22.1062400183005	0.000135957580888657	0.0062237369380207
jcf7180000394172_76801_77100	HELPU_007823	1.78457589403037	0.876309759397535	18.165603166112	0.00037914767438196	0.0110714858871613
jcf7180000347341_76601_76700	HELPU_007832	3.04744639790998	0.132858460317952	12.8475698503545	0.00185053630734215	0.0276002622595413
jcf7180000413388_120001_120100	HELPU_007843	-4.26158593914758	-0.30888978857948	14.4780240491155	0.0012930685921689	0.0225074853305715
jcf7180000347087_46601_46900	HELPU_007856	1.74525416873461	1.33959609492686	12.8018218843835	0.00187819997187216	0.0278465336375292
jcf7180000350279_31701_32600	HELPU_007863	3.13708600383416	4.91472505753018	10.7124049426475	0.00379859935571408	0.0423684352670995
jcf7180000360043_47201_47400	HELPU_007870	4.81002560349774	0.122319733754676	17.0673454084591	0.000515955761197137	0.0131831990019993
jcf7180000360043_50701_50900	HELPU_007871	2.63835902408326	0.0203862195617488	14.8393688710283	0.000991191439327651	0.0192647535677452
jcf7180000360043_57401_57800	HELPU_007872	1.67143277590193	3.60907076528478	11.5925876927548	0.00280487769183817	0.0353730496055007
jcf7180000349642_74601_75200	HELPU_007882	2.81882258879507	0.25879925746811	9.99829867104785	0.0048954675339171	0.0492758672806182
jcf7180000393169_77401_77500	HELPU_007888	-2.01142666028504	1.30594114178123	19.5845403911709	0.00025934128586892	0.00896371986093605
jcf7180000420447_100701_100900	HELPU_007896	-2.99005395852931	0.0491347512196327	12.5961548418645	0.00200835269101503	0.0289592016156747
jcf7180000420447_160601_161100	HELPU_007897	1.15810630647271	2.89411447980484	15.7522730451833	0.000753222099663026	0.0164550246156158
jcf7180000392706_60101_60200	HELPU_007920	-4.81700802190129	0.799321918918387	33.2599278866093	1.20339143605137e-05	0.00161595780053392
jcf7180000392706_194301_194500	HELPU_007928	-3.88842863160114	1.97210264455737	14.61721897201	0.00106053513997189	0.0200465847381198
jcf7180000353917_27601_27700	HELPU_007932	2.13167411897187	-0.00962577284477679	10.3352444818266	0.00433937155294374	0.0458758046652278
jcf7180000421139_69301_70500	HELPU_007939	-1.09915937204871	2.84404146275926	19.5282204317285	0.000262672729945008	0.00902874859233876
jcf7180000421139_109501_110600	HELPU_007943	4.79778067282866	1.66985918125585	25.0299478460063	6.79238492898512e-05	0.0042129112993816
jcf7180000421139_205701_205900	HELPU_007945	2.7015469364042	1.4213414041261	19.5721169949235	0.000260192666029117	0.00897689770570007
jcf7180000394165_42801_43000	HELPU_007951	-1.47797025252534	2.4096667570472	12.9135420904158	0.00181143395752431	0.0272373139877061
jcf7180000394165_49801_50100	HELPU_007952	-2.11081420577193	2.82363701875115	20.608860242158	0.000198671800615536	0.00770597385235078
jcf7180000392711_77801_78200	HELPU_007961	-2.86273580530402	1.81700893879416	20.9571399004691	0.000181759643540707	0.00733152412699696
jcf7180000417459_20001_20100	HELPU_007964	4.2145587426153	-0.176225945209151	11.7000172288203	0.00270477848072863	0.0345981415639362
jcf7180000417459_37801_38000	HELPU_007967	-3.06065991661986	1.42800033684847	10.1943640778464	0.00456286156796629	0.0472472304325392
jcf7180000349946_125001_125100	HELPU_007972	3.55381524924309	-0.43726996626153	10.8167412575289	0.00366252847946261	0.0414528409051661
jcf7180000348113_138001_138100	HELPU_007984	7.29402151465585	0.182338630067463	61.0484413514837	1.77195758158416e-06	0.000589194545341301
jcf7180000356423_28601_28900	HELPU_008005	-5.12557987809433	0.881691321535449	23.975948050399	9.97114226900404e-05	0.00522755231693891
jcf7180000348421_77601_77700	HELPU_008019	6.35547212929353	1.13780054562064	29.5915457049666	2.50754676475825e-05	0.00242779754149741
jcf7180000348421_113901_114100	HELPU_008020	2.87270284914399	0.200341933413693	14.7188709141626	0.00102816069961824	0.0197113589730127
jcf7180000348421_132001_132200	HELPU_008022	1.47184868304828	1.10828660405114	10.34590333817	0.00431958096914284	0.0457543958525452
jcf7180000350007_80501_80800	HELPU_008038	2.56682796565849	0.595366734419682	11.4343567376856	0.00295987315197686	0.0365116489578394
jcf7180000350007_177401_177600	HELPU_008042	5.52114025107741	1.13799056369698	72.8077835226388	4.18711098541057e-08	8.13129023702365e-05
jcf7180000347835_17901_18600	HELPU_008045	-5.02626866268741	4.51381835441109	14.0206395749588	0.00127480866541509	0.0223176836140119
jcf7180000347835_28601_29200	HELPU_008046	-1.87307119674133	3.1187839496761	33.2894570581629	1.19196872544679e-05	0.00160815838965401
jcf7180000417286_180101_180200	HELPU_008057	4.97969352908944	-0.395915788713769	16.339912795832	0.00084298972565957	0.0174891364733807
jcf7180000413377_49801_50000	HELPU_008059	2.21779884906434	0.846705185247054	11.7487798991437	0.00266065479752322	0.0342817531124688
jcf7180000413377_136701_137200	HELPU_008066	-2.00488892211012	0.819245158223442	19.5905005380351	0.000258387864556438	0.00895208975660314
jcf7180000348655_9501_9800	HELPU_008067	-2.88363685677823	1.72978476336164	16.2474441460428	0.000652707158952131	0.0151464760120864
jcf7180000348655_94601_94700	HELPU_008073	6.39641546517442	-0.296821981279223	20.0843061511501	0.000745089867044233	0.0163548053757283
jcf7180000348454_93501_93800	HELPU_008079	1.36925471169208	0.479283808085828	14.9550067961721	0.00178577670111021	0.0270474677790118
jcf7180000348454_112501_113000	HELPU_008082	-3.43106506572052	1.580670247357	21.4545429229318	0.000160295123563912	0.00682119125981127
jcf7180000350378_51301_51400	HELPU_008085	5.21890626456934	-0.0313062495510211	30.4338870979545	2.52438258354354e-05	0.00243373001713615
jcf7180000350378_100401_100600	HELPU_008089	1.39756567747375	2.39699687376728	13.1160708412487	0.00169678394565196	0.0263295944278058
jcf7180000377925_8501_8600	HELPU_008091	-2.87721850421254	2.09994071930834	16.0955894853474	0.000682193867738107	0.0155320077634173
jcf7180000349694_78301_78400	HELPU_008101	-2.68240318568449	-0.0192760589029838	10.4879208529687	0.00411079435421222	0.0444086293411209
jcf7180000359007_58201_58300	HELPU_008104	6.49796327007421	-0.608447546203006	21.9345512624662	0.000183905064877042	0.00737367181944881
jcf7180000349078_46801_47200	HELPU_008107	-2.70048984239999	3.25626503875963	14.7788965401068	0.00100955753579905	0.0194881073127319
jcf7180000349078_57301_57400	HELPU_008109	3.25328896440873	-0.221631910203266	13.3241995367187	0.00158766444356048	0.025386877562317
jcf7180000352218_18601_18900	HELPU_008113	2.02163274453054	1.40566693463919	14.6857250158552	0.00103859546802768	0.0198228682695253
jcf7180000392507_73301_73400	HELPU_008125	4.82580729883573	1.34448955928114	13.3418429360703	0.00157876104678015	0.0253106341848259
jcf7180000392507_87901_88500	HELPU_008127	2.67172822690315	2.58371161869275	25.5987050831163	5.96494964324741e-05	0.00390130266521671
jcf7180000392507_115201_115500	HELPU_008128	2.15604620952956	-0.126412444458943	16.0479041936816	0.000690616007035143	0.0156520866471795
jcf7180000420482_12701_12900	HELPU_008130	-1.64491238734662	1.36106359941359	20.3991002534531	0.000209226374189792	0.00794591390613359
jcf7180000420482_69701_69900	HELPU_008135	2.3717714420904	0.628567048712843	28.046722501598	3.46392625918011e-05	0.00287425100204811
jcf7180000347931_34801_34900	HELPU_008141	4.74817263136998	0.207659344434593	11.8709701230374	0.00270519477619751	0.0345988311749017
jcf7180000417222_111601_111700	HELPU_008167	1.87255305977156	0.785662902086759	11.7815103610277	0.00263148570391473	0.034051436897004
jcf7180000348864_79901_80000	HELPU_008173	3.13291640582603	-0.106758000393406	9.95371460632727	0.00497480409894998	0.0497353652233838
jcf7180000350310_229301_229600	HELPU_008186	2.66782993354547	2.6914624894047	35.7934258339666	7.46891825314122e-06	0.0012452269199607
jcf7180000421147_104601_104800	HELPU_008188	1.33615036800661	2.03149503211157	16.0758756670585	0.000684996811224276	0.0155801071400063
jcf7180000421147_108301_109000	HELPU_008189	1.85606167269561	2.67544125941317	22.0657341470913	0.000137660082063285	0.00627359814242492
jcf7180000421147_185001_185200	HELPU_008192	-1.22775846562133	1.82747090093861	12.6730672312447	0.0019561763653788	0.0285256963550735
jcf7180000421147_200201_200400	HELPU_008194	1.8500596546681	3.11593988205876	12.9900240037407	0.0017672430257146	0.0268907476930447
jcf7180000348017_26801_27100	HELPU_008195	-2.52700934033101	1.30889366416654	14.6615827603163	0.0010462694575802	0.0198896038899453
jcf7180000392809_81201_81300	HELPU_008203	-6.57354283525775	-0.127759835249076	16.5806842378534	0.00131389926593339	0.0227201295003322
jcf7180000392408_25101_25300	HELPU_008223	1.79422478765302	1.2671970041251	17.0958341503487	0.000510985499886957	0.0131064783537317
jcf7180000392408_35001_35100	HELPU_008225	2.94043233588807	0.0510800606409562	20.9119852648281	0.000183586283529942	0.0073708692008287
jcf7180000392408_44601_44900	HELPU_008226	2.2578283986778	0.94035487958671	15.9714167430222	0.000707400498637195	0.0158904088011259
jcf7180000417494_117801_117900	HELPU_008240	4.21383661355281	-0.208913753692085	17.365167990021	0.000474388608834737	0.0125533726961112
jcf7180000348495_21901_22400	HELPU_008244	-4.80979924479609	3.67329842326246	22.0263411971465	0.000139007474749138	0.00631390643355081
jcf7180000348495_48101_48800	HELPU_008247	-1.31772796961264	4.42444217706275	12.2351506712226	0.0022616578198681	0.0310591103404785
jcf7180000347476_61801_61900	HELPU_008258	5.37745548636145	-0.209639642456422	13.4193235292918	0.00192001187342723	0.028222479773691
jcf7180000362248_32101_32300	HELPU_008267	3.59840009212143	-0.0783705308270385	30.2126707582112	2.19817535214205e-05	0.00226413104110492
jcf7180000347624_171601_171700	HELPU_008272	4.42319716240808	0.106638233480633	12.9728556235127	0.00203390322008739	0.0291559380221196
jcf7180000348121_91601_92000	HELPU_008283	1.86726134087291	3.76932429737802	14.0824854984047	0.00125051018415912	0.0220494388154613
jcf7180000347861_16601_17000	HELPU_008286	-3.26048542511054	0.893848451753395	17.1392841422734	0.000505559098568729	0.0130303046815212
jcf7180000348045_30501_30900	HELPU_008292	1.12694556635011	2.01506475562485	12.9355139601803	0.00179637832316896	0.0271205594544758
jcf7180000348045_115301_116900	HELPU_008299	-1.86655969749076	4.81034779142174	15.2369735135887	0.000879249514923041	0.0179647344492054
jcf7180000353444_21201_21500	HELPU_008301	-2.49803637211598	0.923483693245798	11.9469850115881	0.00248933776692864	0.0329154070985168
jcf7180000421749_6501_6800	HELPU_008316	5.39302223390439	2.4337631967785	12.5563462952869	0.00203468127309957	0.0291568739984949
jcf7180000347925_25501_25800	HELPU_008324	2.32134376627447	2.76082458626447	25.7223286590938	5.80019566805846e-05	0.00384211989966462
jcf7180000347925_32401_32500	HELPU_008325	-5.01493799931443	-0.37785991199153	19.4120252069096	0.000384521118571122	0.0111689717502252
jcf7180000349288_10501_10600	HELPU_008332	3.48160140961143	0.943910967743924	15.1243840378327	0.000984458574065969	0.0192098153137196
jcf7180000352561_21301_21400	HELPU_008339	-6.44615261918413	0.927055474593387	49.4472375962564	4.00665422761115e-06	0.000904820516704401
jcf7180000352561_48201_48500	HELPU_008342	2.0716712997004	1.54361440334469	11.9479008820502	0.00248857506811622	0.0329083606202827
jcf7180000413642_16501_16600	HELPU_008348	1.6184714437809	-0.0648990017238158	10.6584838105599	0.00386740657614487	0.0428292324480458
jcf7180000349360_75301_75500	HELPU_008358	4.94315509695257	-0.0580406651394903	21.6422229583664	0.000172958634350025	0.00713113901842158
jcf7180000349360_88201_88400	HELPU_008359	3.10303028909762	0.226815681335317	10.3387952196225	0.00433389801371641	0.0458365386437995
jcf7180000392694_104801_105000	HELPU_008362	2.13884234520176	0.924632955732308	26.0949669285363	5.31744201689673e-05	0.00365810731142474
jcf7180000392694_143601_143800	HELPU_008366	1.18450766355207	2.08328145090628	16.6446534652178	0.00058101854981784	0.0141176959763043
jcf7180000421881_82501_82600	HELPU_008380	-7.89873709096307	0.429316726359305	20.202241926972	0.000279035682045087	0.00933356922820602
jcf7180000421881_90001_90200	HELPU_008381	1.78369480775904	1.27836419214401	14.0879522366338	0.00124758912685008	0.0220219023541167
jcf7180000421881_93501_93700	HELPU_008382	8.29582028626802	1.435465959694	10.5284580134642	0.00448834688708102	0.04678933373948
jcf7180000421881_93501_93700	HELPU_008383	8.29582028626802	1.435465959694	10.5284580134642	0.00448834688708102	0.04678933373948
jcf7180000421149_22701_22800	HELPU_008384	-7.21650192833852	-0.0832723605796898	20.7259108165729	0.00024558345055155	0.00873484800585234
jcf7180000350481_59701_59900	HELPU_008398	1.98297036475572	0.545818769033715	10.7364778576211	0.00376671379541775	0.0421325626695872
jcf7180000347164_38901_39200	HELPU_008405	1.57842508963676	3.74159668441957	10.9502939528589	0.00349618317295714	0.0403173064530395
jcf7180000347164_57801_58200	HELPU_008408	1.85874129364607	2.17771196216858	11.93314303277	0.00250089638311987	0.0330118553079808
jcf7180000417619_49001_49200	HELPU_008415	2.14382412589233	0.290283141798974	18.8232188984062	0.000317272014666604	0.0100267892329631
jcf7180000417213_115001_115100	HELPU_008429	6.03982157941262	0.62102592228642	38.3797524163756	7.51050199475403e-06	0.00124887903415824
jcf7180000417213_120301_120500	HELPU_008430	-1.72312678590221	1.00832076637029	12.2396156014397	0.00225831660263564	0.0310467190732949
jcf7180000347882_4901_5000	HELPU_008435	2.74263931753797	-0.141331692411137	10.0836014119458	0.00474536054297614	0.048339120287468
jcf7180000355154_47101_47400	HELPU_008445	5.81388147535418	2.4542855095667	25.1721780239903	6.57421878429023e-05	0.00412584084953527
jcf7180000355154_58401_58800	HELPU_008446	3.65385143360034	1.54678022913506	26.1146516092276	5.30967132552215e-05	0.00365497050890491
jcf7180000413316_50001_50400	HELPU_008453	-1.56072071086034	0.550379550963849	12.2753819647265	0.00222916053250797	0.0308271419391976
jcf7180000350329_38801_38900	HELPU_008465	6.54978374817481	-0.214018196316271	17.1798944674606	0.000606184880596814	0.0144790843087557
jcf7180000350329_103701_104000	HELPU_008469	4.94037758951871	0.668236611570369	32.5702211148712	2.04962307096758e-05	0.00217723656916029
jcf7180000350329_111401_111500	HELPU_008470	4.7699791951773	2.01754193923687	19.1930958966298	0.000287709323423461	0.00949835389352371
jcf7180000417458_32901_33100	HELPU_008475	2.89147001294351	0.657792463192653	12.9768513153994	0.00177476831546531	0.0269554480265511
jcf7180000417458_104601_104800	HELPU_008479	3.26663326219586	0.171048663226166	26.6199397995445	4.74401672539304e-05	0.00342961756336233
jcf7180000348492_51501_51600	HELPU_008483	6.72340600309639	-0.620859591891189	11.0280189627687	0.00464308774987957	0.0477164685492001
jcf7180000413692_34701_35400	HELPU_008487	-2.90242253963254	3.18556493085557	61.7538089646059	1.51028747684343e-07	0.000154844990806396
jcf7180000413692_57801_58200	HELPU_008488	-2.65107486726191	3.28578795891156	28.6985932219201	3.02404015425088e-05	0.00268828910385356
jcf7180000413692_78601_78900	HELPU_008490	-4.72029651934295	0.877107954841794	21.3082527405137	0.000166302535249683	0.00698006036481964
jcf7180000413692_91001_91100	HELPU_008491	-7.17178119908704	0.180766797444979	20.7676280522436	0.000243117051665351	0.00869028924963826
jcf7180000413692_100001_100100	HELPU_008492	-8.22414493460458	1.653396837964	14.079897018721	0.00145427357406117	0.0240718848676973
jcf7180000416167_11201_11300	HELPU_008493	2.21137928768924	-0.174810081335069	10.2860283493025	0.00441200927975852	0.0463279613554016
jcf7180000416167_134501_134600	HELPU_008500	3.96743756561709	0.825103908272441	19.3114054749466	0.00027879007293943	0.00933134751454345
jcf7180000421221_62001_62600	HELPU_008508	2.76662080144317	2.56546686497738	14.2041626772122	0.00120418580426821	0.021589341972905
jcf7180000393318_95801_96100	HELPU_008516	2.32497627089975	2.80781150395769	24.7735287000148	7.20614787167754e-05	0.00436003778273214
jcf7180000352237_78001_78200	HELPU_008520	-5.94007232059681	-0.236656734508753	19.0161495957596	0.000375272558072936	0.0110043551396744
jcf7180000392923_187901_188000	HELPU_008542	1.9555007106813	0.487114635351749	11.6633825689929	0.00273846149512465	0.0348360859239682
jcf7180000413397_38501_38600	HELPU_008558	5.51485630481962	-0.419832618099294	21.8630246879278	0.000250907484687691	0.00882666152255481
jcf7180000348462_47501_47900	HELPU_008567	-1.58842268873235	1.44592044504254	14.3580230028018	0.00114666655885788	0.0209717424632622
jcf7180000348306_67501_67900	HELPU_008576	1.24633357315778	3.60324555850817	23.6255743298912	9.40735361272983e-05	0.00505918151189141
jcf7180000348306_114101_114200	HELPU_008578	-1.92619943187946	2.49573513482434	12.0415738273989	0.00241191844204449	0.032271619731839
jcf7180000348573_42201_42400	HELPU_008583	1.95183799250703	0.680857547502842	14.7745369625136	0.00101089605196024	0.0195073720592074
jcf7180000417442_132901_133000	HELPU_008605	-6.35248306629595	-0.911273074201529	14.6524462384889	0.00278430452897202	0.0352112673106923
jcf7180000348873_15301_15500	HELPU_008608	2.37589426696563	0.419719420101835	20.3419964776859	0.000212805959903047	0.0080128004045156
jcf7180000348873_59601_59900	HELPU_008610	1.39685672428208	1.06538184718229	10.8415129317701	0.00362747828307501	0.0412141103604254
jcf7180000422604_50901_52000	HELPU_008613	-1.33990963411747	2.30068571360954	10.0569008073476	0.0047933157638716	0.0486528599276533
jcf7180000349109_53601_53700	HELPU_008620	4.78952772476844	0.0924368708115052	19.6473644752291	0.000255082727514088	0.00889347166059095
jcf7180000349109_79501_79600	HELPU_008621	5.10618201522013	1.75651279786011	15.4425213432998	0.000826916179882966	0.017324446655971
jcf7180000358929_19901_20000	HELPU_008626	3.08422380017115	0.0486422931705699	15.7886758757049	0.00074638800354531	0.0163692781171004
jcf7180000413845_36301_36600	HELPU_008637	-5.5166129504184	1.27626472439122	48.2590912324475	9.50446397640427e-07	0.000418029488260204
jcf7180000413845_89101_89300	HELPU_008639	-7.15346276372318	-0.460646635616966	22.7146756701789	0.000178336924684471	0.00724692214353199
jcf7180000413845_97601_97800	HELPU_008640	-6.24634124400051	-0.529986384392033	12.1817806306658	0.00327874493930049	0.0388532157018337
jcf7180000420523_163601_163800	HELPU_008646	1.20232598363555	3.27935283596305	21.8952274161679	0.000143251968468344	0.0064081261240797
jcf7180000420523_174301_174400	HELPU_008647	2.47845369828458	0.536341740608671	13.600332983239	0.00155846742371895	0.0251273373922627
jcf7180000351356_69601_69800	HELPU_008650	3.84070317872139	2.46904187921095	15.5393706853783	0.000803458796227967	0.0170259689142977
jcf7180000351356_146901_147000	HELPU_008654	4.53042960808055	0.737758543689117	20.7422458348884	0.00019199785841534	0.00756442511586392
jcf7180000417174_135601_135800	HELPU_008657	3.18355591172106	0.706617974849184	10.2049536504413	0.00454562550925632	0.0471496298160266
jcf7180000417174_139201_139600	HELPU_008658	-4.32317500456502	0.249117616235287	40.9205510103531	3.03002972525874e-06	0.000775813536646808
jcf7180000417210_39301_39400	HELPU_008667	-2.91202369596029	0.5629952744683	25.0368691943874	6.78158555795408e-05	0.00420803554291186
jcf7180000348859_40201_40300	HELPU_008681	3.09538553101684	0.383363622387764	14.3388765627025	0.00115509947114848	0.0210522772385355
jcf7180000348859_41001_41100	HELPU_008682	-2.70659625392537	0.518747611380857	15.1816282421372	0.000893958769486578	0.0181379845907581
jcf7180000347963_5001_5700	HELPU_008705	1.17758065434802	2.40654543087815	11.8552612103173	0.00256420941778355	0.0335335958399467
jcf7180000347963_23301_23700	HELPU_008708	-1.81741711538297	2.37183725084903	19.5813881224071	0.000259557020713704	0.00896701060003163
jcf7180000417477_84401_84600	HELPU_008717	-2.86399907113845	0.986596324054355	18.4570973086894	0.000350792844714369	0.0106239647789886
jcf7180000417477_103101_103300	HELPU_008719	-2.45682357403366	2.26890960012026	14.0171514394753	0.00127619458297269	0.0223327020027184
jcf7180000349138_52101_52300	HELPU_008723	4.5479633064891	1.03013567407929	16.2899219231288	0.000644712980344968	0.015032823577114
jcf7180000349138_158001_158200	HELPU_008727	-3.92020619656442	0.322202328495704	27.6495330066135	3.78585630011204e-05	0.0030272793480519
jcf7180000421883_16201_16400	HELPU_008735	-4.09270741082483	1.6442279727935	40.4119554486722	3.30759857991892e-06	0.000821425447742834
jcf7180000421883_26701_27000	HELPU_008736	4.454239443909	0.653023764984636	30.3763683743313	2.13311214932963e-05	0.00223067146256312
jcf7180000421883_33101_33400	HELPU_008737	3.86291733279058	0.847739258061985	44.477962143054	1.69641420961077e-06	0.000574893097004725
jcf7180000421883_58301_58600	HELPU_008740	5.46472796899147	1.22559034898864	13.5740909554314	0.00146656957227811	0.0241959059316227
jcf7180000417621_33801_34400	HELPU_008753	-4.65700712810135	0.723634568213095	26.9924422166114	4.36954940093744e-05	0.00327546957933083
jcf7180000417621_88701_89100	HELPU_008757	3.11567819637325	3.8297972645333	43.3692170297042	2.02935582056237e-06	0.000632238552028606
jcf7180000393224_61201_61400	HELPU_008782	8.1733597833055	0.841179772870537	15.3863287392637	0.000994858620228085	0.0193071597002554
jcf7180000393224_96901_97100	HELPU_008785	4.69620010624845	-0.0414980857642566	35.7228336869535	7.56652558622116e-06	0.00125130324716199
jcf7180000349318_18501_18600	HELPU_008787	3.3516138739761	1.8822447127406	40.9640592361793	3.01373191573396e-06	0.000775337680222304
jcf7180000349318_20801_21200	HELPU_008788	2.25276579292196	1.68000344259109	17.2745641221515	0.000486628989570026	0.0127349183732822
jcf7180000349318_93901_94100	HELPU_008792	3.34961932370574	0.870829909624624	37.0238026015802	5.96619843377883e-06	0.00110783558471633
jcf7180000348663_23901_24100	HELPU_008797	1.87926253920514	0.607740403840928	11.7565285714418	0.0026537170184957	0.0342271965536797
jcf7180000348663_76501_76600	HELPU_008799	7.0374897629505	4.19151117389105	62.0922416201286	1.45381678901926e-07	0.000151422684155788
jcf7180000348663_86801_87000	HELPU_008800	-3.64832929584262	-0.342141999412663	12.3230958168689	0.00219684226928887	0.0305513177639154
jcf7180000348663_162601_162800	HELPU_008802	-2.64245064731609	1.36714605417701	15.1843471825001	0.000893229831391174	0.0181341475887061
jcf7180000356425_23001_23400	HELPU_008804	7.30044044967988	1.24820747219873	37.4951459603476	5.48927842314268e-06	0.00106163237738385
jcf7180000413519_54001_54600	HELPU_008812	-2.45720491860269	4.65985457967301	19.3034353417283	0.00027938125210938	0.00933469835568303
jcf7180000413519_73101_73200	HELPU_008815	-3.89122967025798	1.27615071386843	13.6627105660374	0.0014261097595777	0.0237984351029225
jcf7180000392625_34201_34600	HELPU_008824	-3.68338331669432	2.49735524896127	42.6068077315366	2.29648560666609e-06	0.00067063619283207
jcf7180000348596_1501_2600	HELPU_008834	-1.39345365552686	1.8818203302824	13.2590247572043	0.00161895589010249	0.0256421521087362
jcf7180000349593_56101_56300	HELPU_008842	-2.66540523802266	0.42252781728667	11.7748303687958	0.00263740995030804	0.0340993579781883
jcf7180000417614_121901_122300	HELPU_008857	-2.31977352972528	0.60012511108542	14.6863727810934	0.00103839042479721	0.0198209747911289
jcf7180000352671_8301_8400	HELPU_008859	2.11251729570954	0.263919489932181	12.2290795851376	0.00226620975057467	0.031082874119037
jcf7180000352671_79301_79700	HELPU_008864	3.1953960702115	1.93431287735899	32.7278854063912	1.33415708958849e-05	0.00171362606591733
jcf7180000355088_11501_12000	HELPU_008875	-2.3257344696871	2.26770823498734	11.5904831501785	0.00280687920681623	0.0353858844852503
jcf7180000355088_11501_12000	HELPU_008876	-2.3257344696871	2.26770823498734	11.5904831501785	0.00280687920681623	0.0353858844852503
jcf7180000417251_45701_46100	HELPU_008882	-1.14815690562598	2.30817299260123	13.2960259882272	0.00159993126560756	0.0254916567065793
jcf7180000417251_188701_188800	HELPU_008886	-7.63551738052264	0.146692302226856	18.6491923845358	0.000605712809080619	0.0144697832627887
jcf7180000349181_81701_81900	HELPU_008891	3.957134762876	0.81587380456818	16.1000710918432	0.00068130285915917	0.0155233103206096
jcf7180000392536_76801_77100	HELPU_008895	2.00967239263886	0.919836584453091	14.6274105873301	0.0010572389848887	0.0200072941816791
jcf7180000392536_117801_118000	HELPU_008897	3.43777529173789	0.532891667518205	12.5630320350695	0.00203023288163434	0.0291266473121903
jcf7180000350668_99101_99400	HELPU_008904	-1.68058162863294	-0.146805914761361	10.2291855744625	0.00450237890903661	0.0468605699047467
jcf7180000420520_67201_67700	HELPU_008922	-1.99018023626041	3.13863281936786	48.0670675530259	9.72763231217754e-07	0.000424280846964201
jcf7180000420520_98501_98700	HELPU_008926	4.8840140032403	0.266068046725469	19.1329940632236	0.000292360578238223	0.0095779438800228
jcf7180000347281_58101_58500	HELPU_008930	-1.38668671632038	2.26087540175715	12.8663939206619	0.0018378033428977	0.0275081782031856
jcf7180000349290_134601_134700	HELPU_008947	-6.34027933502633	-0.495776140780703	14.9481294116982	0.00136268594204047	0.023178932616
jcf7180000417475_28801_28900	HELPU_008957	9.04248948796211	2.03750712698942	20.4756707182892	0.000260976152206802	0.00899309628827449
jcf7180000349189_41801_41900	HELPU_008969	-4.31564118741	-0.88642816682316	12.1064358919344	0.00366355499664156	0.0414581313997891
jcf7180000350306_31301_31400	HELPU_008972	2.21615226762765	-0.133203524929728	15.0370057915657	0.000932281769394368	0.0185954505823343
jcf7180000350306_44101_44200	HELPU_008974	3.12927994587252	-0.126573653321491	12.8511402904345	0.00184839632236251	0.027587442729682
jcf7180000350306_93301_93800	HELPU_008976	7.47320607528907	2.72706467043737	22.7462935489542	0.000116516244486272	0.00568541709701353
jcf7180000348352_22801_23400	HELPU_008978	-2.59907148959959	2.0039263300427	19.1457091860236	0.000291369683606046	0.00956037438166463
jcf7180000413640_25901_26000	HELPU_009004	3.91824697926649	-0.265228178561663	13.3815781934412	0.00155891105466879	0.0251287446573976
jcf7180000350543_35501_35800	HELPU_009011	-1.33136139326079	2.44381673861887	13.3821074292164	0.00155758973052945	0.0251213776718622
jcf7180000350543_57501_57700	HELPU_009013	3.56982015975018	0.0373166539511188	12.6860052633303	0.00239368939050987	0.0321282694965122
jcf7180000350543_70501_70700	HELPU_009015	-4.53917233751362	-0.475986517399852	15.1716707009019	0.000970883210835519	0.0190653479658567
jcf7180000350543_71101_71600	HELPU_009016	-4.3380173435877	1.66740322271022	24.4141230925874	7.83359520469213e-05	0.00456976206455061
jcf7180000351100_17801_18000	HELPU_009019	1.35827337154392	2.58744488204335	13.7259335089431	0.00139677347311145	0.0234881486281274
jcf7180000353956_1401_1600	HELPU_009026	-6.19623817521799	-0.326820482436137	11.1415136772596	0.00448342003779187	0.0467532876238618
jcf7180000349791_45401_45500	HELPU_009033	5.03477837190208	1.95239654514786	27.7332268760337	3.71789582578111e-05	0.00299000303689741
jcf7180000349791_78901_79000	HELPU_009036	-1.62328900177724	0.319596797123304	15.6451032325074	0.00472562321202429	0.0482238164799824
jcf7180000348179_154301_154800	HELPU_009045	-1.836981301925	1.57319617851757	14.099147624142	0.00124405175005014	0.0219861794663795
jcf7180000417109_72001_72100	HELPU_009047	6.62984315003299	0.101243687989051	15.9141468614224	0.00133793123207084	0.0229404147864924
jcf7180000396601_11201_11400	HELPU_009051	5.95679334496508	-0.0377823385661942	14.670950606266	0.00122220795281946	0.0217598851421667
jcf7180000396601_47801_48600	HELPU_009054	-1.62618312819723	2.86947080273959	12.4416136460033	0.00211272583070343	0.0298418560021396
jcf7180000392555_18601_18800	HELPU_009055	2.08920004454891	1.16810689675597	11.602824400798	0.00279516465462707	0.0353002921750824
jcf7180000392555_76401_76600	HELPU_009060	1.44719194131956	0.186559596575043	11.2520692669012	0.00314706687543339	0.0378548347109308
jcf7180000350589_5201_5600	HELPU_009069	1.87742863141189	-0.0319349460189907	13.2315259698417	0.00163325686691479	0.0257689139924977
jcf7180000392864_109401_109500	HELPU_009094	8.56818601961804	1.09808186595114	34.4162549730073	2.36555064380477e-05	0.00235672199740198
jcf7180000413506_65701_66000	HELPU_009101	1.68723036355216	0.430696117541934	14.1067783297273	0.00123937644116768	0.0219419208504681
jcf7180000369424_169001_169300	HELPU_009134	2.04756862108425	1.7234882704007	10.1920787203175	0.0045665908315757	0.0472661045826521
jcf7180000351891_65001_65200	HELPU_009145	1.04137311680553	1.58264941306573	10.1654699308288	0.00460612618893073	0.0475070723386577
jcf7180000360000_8001_8300	HELPU_009149	-4.20425301552049	1.39088386717972	17.5547224561797	0.00044986474760701	0.0121883564903594
jcf7180000360000_60801_61100	HELPU_009153	-4.73377563754778	1.60695683717471	11.9254324272854	0.0025073608322575	0.0330727994980898
jcf7180000349397_50401_50700	HELPU_009157	-4.93966784813216	-0.391834279638333	19.4628980082242	0.000502305355844802	0.012965139585575
jcf7180000351300_31301_31500	HELPU_009162	6.48436542616889	0.405274776567484	19.9988570624154	0.000293372479955698	0.00960281037514334
jcf7180000351300_36001_36100	HELPU_009163	-6.46716373607511	-0.461019404584058	11.1482214108873	0.00447418140045664	0.0467132236021123
jcf7180000351300_92101_92200	HELPU_009167	4.23382357559448	0.273041851088976	47.0381406481521	1.14251125144891e-06	0.000463521345918917
jcf7180000417336_37101_37200	HELPU_009169	3.84909909827186	0.449113229916661	19.387725951199	0.000273198416984934	0.00923959908734317
jcf7180000420593_95301_95500	HELPU_009179	1.49834073633767	2.5360959058492	30.7158998024062	1.98357338209127e-05	0.00213676548474441
jcf7180000348199_83101_83300	HELPU_009188	2.13056747527648	1.58490323500784	19.3896734941522	0.000273057357781934	0.00923824708450343
jcf7180000348199_91501_91800	HELPU_009189	1.7165557437411	0.939996631710748	11.2741644122762	0.0031265230839805	0.0377013694007192
jcf7180000348199_97301_97800	HELPU_009190	-2.20736705078781	0.385399686868534	10.4200653536421	0.0042106902019649	0.0450452135801853
jcf7180000351888_39401_39900	HELPU_009195	3.97745042144809	2.78515697950166	19.9773125947146	0.000233946604920382	0.0085025535093935
jcf7180000362230_20501_20800	HELPU_009202	1.84098795749394	0.999874357236007	19.5283660495429	0.000262662620484357	0.00902874859233876
jcf7180000362230_49801_50200	HELPU_009205	1.79422213183588	3.40155137607007	11.2802901507833	0.00311996238328407	0.0376548352120113
jcf7180000413611_22401_22700	HELPU_009220	2.17406939702014	0.353110083064912	19.0759337814353	0.000296247255092524	0.00964789227224405
jcf7180000413611_42001_42300	HELPU_009222	2.90003198529952	0.431679392434833	15.6343622393728	0.000781163646096105	0.0167779454787169
jcf7180000413611_47701_47900	HELPU_009223	2.95118429917396	0.508206096103758	16.373879495162	0.000629228617149318	0.0148260412827546
jcf7180000413611_131901_132200	HELPU_009226	1.64993192442871	3.37971045786232	12.0602260779765	0.00239696892299449	0.0321581407143206
jcf7180000422339_3801_4000	HELPU_009228	1.56217528684948	1.6511824470322	12.2190160186867	0.00227377749999936	0.0311300257154208
jcf7180000422339_38001_38200	HELPU_009230	1.88101810823795	0.937755144721205	13.8877997818424	0.00132878475367663	0.0228490073707581
jcf7180000350810_35201_35800	HELPU_009232	-2.41489036470394	1.04172527771946	12.5119352851134	0.0020645057638611	0.02941355911388
jcf7180000352588_39501_39700	HELPU_009242	2.71354178076331	-0.338701633722099	11.4731170800085	0.00327209741709989	0.0388097663210762
jcf7180000417553_46701_47000	HELPU_009247	-1.44718975039532	2.67983173237211	21.9580726994229	0.000141035371643019	0.00635562278061596
jcf7180000352246_4701_4900	HELPU_009251	2.25395131080518	0.0472436609196667	10.3729325561637	0.00428166389708121	0.0455447745775348
jcf7180000351292_29301_29600	HELPU_009260	-4.73377570251885	1.60414338355086	11.6378716703621	0.00276219151665096	0.0350337080786336
jcf7180000355121_16601_16900	HELPU_009265	-1.814274091484	1.54439535234249	12.0432032014029	0.00241060841252989	0.0322616267533735
jcf7180000355121_89401_89600	HELPU_009271	1.74812173882898	0.369755408446317	17.7135325254252	0.000429591796290891	0.0118610651085609
jcf7180000417650_58201_58500	HELPU_009279	-3.75747088347691	-0.275319195724212	20.0110057419818	0.000231397606394254	0.00844345849826567
jcf7180000417650_65201_65400	HELPU_009280	2.71354178076331	-0.338701633722099	11.4731170800085	0.00327209741709989	0.0388097663210762
jcf7180000393348_43901_44100	HELPU_009281	-2.94244359104021	-0.17269067069049	10.406936667442	0.00422640842066491	0.0451633146062449
jcf7180000347773_14601_15000	HELPU_009282	2.36285266835931	2.20160960540433	19.1283458350803	0.000292723744100178	0.00958655200678958
jcf7180000413294_26901_27300	HELPU_009291	-1.3067420155713	2.50812262231935	11.3702129445352	0.00302539057073132	0.0369858537557189
jcf7180000351350_33901_34000	HELPU_009301	-3.08536916046141	0.338897843555366	10.3870450424941	0.00426027465514222	0.045382302132856
jcf7180000348063_112801_112900	HELPU_009310	7.08050777687568	0.365831271816093	16.7587559343545	0.000679251463496136	0.0154888909270606
jcf7180000349484_10601_10700	HELPU_009313	4.0999309811477	1.68923397258073	47.1958452769529	1.11545591930115e-06	0.00045838836814587
jcf7180000349484_129301_129500	HELPU_009318	2.78023971006723	0.405636921683928	18.9925204428063	0.000303558715502382	0.00978383906186813
jcf7180000347638_12001_12100	HELPU_009325	-5.15887833642617	-0.319678163242953	15.2666660054739	0.00102815288621303	0.0197113589730127
jcf7180000348135_159101_159200	HELPU_009338	-5.52492846307008	0.409748133139785	13.8106489673291	0.00146067727235102	0.0241258098676111
jcf7180000348244_92701_92800	HELPU_009350	-4.09154544597954	0.0259163065830114	14.5186335942033	0.00109301259268337	0.0204127274115541
jcf7180000358947_26101_26500	HELPU_009352	-1.52501805650492	1.53875129252225	14.2511490538023	0.00118513164707908	0.0213642043426901
jcf7180000392725_64901_65300	HELPU_009368	-3.90363096106057	2.692210947496	11.9706731535925	0.00246969426836824	0.0327284227169283
jcf7180000360152_8501_9300	HELPU_009385	-1.6372941237578	2.61765858112565	14.1500794245164	0.00122453759990117	0.0217864855659912
jcf7180000360152_26101_26400	HELPU_009388	1.97479089392779	1.46495808110769	19.6207049801549	0.000256880357505215	0.0089282211089851
jcf7180000352607_10701_10800	HELPU_009398	3.9800333431041	-0.485582341628929	12.2947688106959	0.00221652089175787	0.0307131454435456
jcf7180000352607_15601_15900	HELPU_009399	1.12977235342454	3.23365478933099	10.299922629423	0.00439233801893877	0.046207228183442
jcf7180000351301_50101_50300	HELPU_009410	6.57406653973954	-0.400959186861545	11.669774484515	0.00381809851419885	0.0424998641040897
jcf7180000349296_37501_37900	HELPU_009414	1.12690050723124	2.59767225125434	11.5112925457888	0.00288029020105083	0.0359040502139207
jcf7180000347488_32001_32800	HELPU_009425	-1.55005911967921	3.14314915918078	11.1975354515004	0.00320989882444979	0.0383418671522225
jcf7180000392943_95801_96100	HELPU_009432	-2.06201295057893	0.874476592091723	11.4156782697106	0.00297878780600522	0.0366417828643966
jcf7180000351029_13201_13700	HELPU_009441	1.55257173979843	1.24701285039272	16.4364612082251	0.000616905421771967	0.0146389551573425
jcf7180000351029_16301_16800	HELPU_009442	-2.57986782553027	0.204546899316295	21.5824030336765	0.000154927052511982	0.00669087783635772
jcf7180000351029_29001_29500	HELPU_009443	-0.961874846091028	2.25354602265532	10.4596631009194	0.00414819826536962	0.0446641600088348
jcf7180000351029_100301_100600	HELPU_009446	-2.95895307665263	1.89041566630955	10.6744430720709	0.00384949174493536	0.0426983066269063
jcf7180000393258_9501_9600	HELPU_009454	8.93990076282642	0.830716761798373	21.8699076167943	0.000251324739113708	0.00883278665799318
jcf7180000413293_28201_28500	HELPU_009469	1.38797479202231	1.57734849595001	11.697675851411	0.00270425761591512	0.0345930238110723
jcf7180000413293_71001_71300	HELPU_009470	1.2679929367418	1.98831574840128	12.3962734950692	0.0021419573271182	0.0301067038637003
jcf7180000348530_89801_90000	HELPU_009488	-2.83911778965297	0.747615472675284	12.1216774816399	0.00234843801469463	0.031751524910783
jcf7180000347258_71601_71900	HELPU_009495	5.70720112322005	0.0545367649595139	18.0887877167543	0.000476530992121289	0.0125846017242106
jcf7180000420539_40901_41100	HELPU_009496	1.42090299000599	0.272219745870906	14.5671973695529	0.0010753135531067	0.0202153497455215
jcf7180000350122_38001_38300	HELPU_009512	2.47591736418786	1.11921057683376	30.2303720586568	2.19384219055122e-05	0.00226200665859164
jcf7180000356381_34301_35000	HELPU_009543	-3.81263812935914	2.51781222796463	21.2567444516487	0.000168476476835409	0.00701932415293658
jcf7180000350450_62201_62500	HELPU_009554	-1.66031255405613	0.0369197166072456	11.0583651632938	0.00336431154389922	0.0394396784097091
jcf7180000351597_34701_34800	HELPU_009563	11.2473474886787	2.79762789303874	13.9488900258894	0.00151213468108251	0.02467195672449
jcf7180000393807_20501_20600	HELPU_009576	2.52577784256815	0.182177319206037	12.3113516349729	0.00220537748838835	0.030625361526877
jcf7180000352592_41501_41700	HELPU_009584	3.48187329333458	0.267462424835188	15.3881080688659	0.000840426677551832	0.0174653242033403
jcf7180000352592_92101_92200	HELPU_009586	5.29627639669656	1.80215738491196	28.7345550096048	3.001109007748e-05	0.00267704344366937
jcf7180000413315_23401_24200	HELPU_009589	-4.0678411199187	2.17216459406129	71.1675475020458	5.0167250891803e-08	8.76174095804052e-05
jcf7180000356489_58401_58500	HELPU_009594	-7.23303109121675	0.305764315032648	16.8335880668204	0.000828104224661155	0.0173426781691847
jcf7180000356489_62201_62300	HELPU_009595	4.64211864972194	3.32682688755784	72.3169921305714	4.41831212040234e-08	8.13129023702365e-05
jcf7180000348011_17201_17500	HELPU_009618	2.54290758730236	0.688228533523747	12.8401619954014	0.00185498504556631	0.0276292059098995
jcf7180000356396_36601_36700	HELPU_009626	3.35284102436046	0.331067892006212	10.5773429300812	0.0041846485535526	0.0448995166130528
jcf7180000417397_60801_61000	HELPU_009643	1.07327363554968	2.22996532813558	13.3516219756856	0.00157180930156795	0.0252443996198387
jcf7180000417397_77301_77500	HELPU_009645	3.68366044769096	0.0732257757971795	25.8080045126951	5.68895829881186e-05	0.00379476306160639
jcf7180000413637_14401_14600	HELPU_009648	4.70368690516755	0.356489041938598	20.5676324470688	0.000200786084646946	0.00774631064262074
jcf7180000413637_49601_49800	HELPU_009650	-4.07144342907696	0.135846276480727	23.8931851837752	8.85257668482956e-05	0.00487056661948843
jcf7180000349934_1801_2100	HELPU_009651	1.78525973081125	0.833620901034089	13.1494032306099	0.00167893782583788	0.0261710544022458
jcf7180000353919_60701_61000	HELPU_009681	1.11741661886572	2.77518691763571	11.6674719781646	0.00273171738707356	0.0347904675868083
jcf7180000413571_37101_37600	HELPU_009682	-1.96904883548908	2.46939561862046	14.6302868225608	0.00105631080804791	0.0199994271949625
jcf7180000413571_93501_93600	HELPU_009685	-5.11187504086943	0.869238082199684	17.8518353454924	0.000507062133074932	0.0130526004844301
jcf7180000413571_111601_112200	HELPU_009687	1.03239956941621	2.50961759644544	12.2275873220078	0.00226471494779272	0.0310742758491701
jcf7180000352593_5701_5800	HELPU_009694	-6.80163712142337	-0.282768833497381	12.2703887531715	0.00350296298284344	0.0403662366546065
jcf7180000349574_197101_197400	HELPU_009715	-5.30024602966389	0.637189306865614	12.6729575750261	0.00195861617590358	0.0285466556016999
jcf7180000347887_105601_105700	HELPU_009727	3.96648486867843	2.01357494261898	38.3887947641889	4.68716233218927e-06	0.000985830424719452
jcf7180000347887_166501_166600	HELPU_009728	1.48057886608532	1.20872913602528	16.3426805867716	0.000633864751188885	0.014884213981432
jcf7180000421132_601_800	HELPU_009731	7.2996213338618	2.96939908570711	13.0937678998773	0.00170919562676989	0.0264298318732829
jcf7180000349931_8101_8300	HELPU_009733	1.80642977203298	1.68098405699953	21.5055221621496	0.000157884980886824	0.00675870892549252
jcf7180000349931_70401_70500	HELPU_009738	-8.01555803414567	0.915976066553867	13.8280175085058	0.00186146894944523	0.0276902086098545
jcf7180000349931_107701_107800	HELPU_009739	6.47428550645335	-0.0599029209582749	21.3605396833816	0.000330410639582557	0.010273396468054
jcf7180000348477_45001_45300	HELPU_009742	-2.91118157684751	1.73233372151101	12.2014065081169	0.00228708719767464	0.031242060509746
jcf7180000348477_78101_78600	HELPU_009743	-2.47219536528316	3.42084357089584	53.3492138914278	4.54062448067624e-07	0.000279689773790678
jcf7180000366633_41501_41600	HELPU_009753	2.77170135241455	2.06564066853111	27.520258417076	3.8935340718829e-05	0.00307018191650444
jcf7180000392670_145501_145600	HELPU_009760	6.72057557487027	-0.503020530205421	14.9160575340302	0.0012462192385163	0.0220056200890274
jcf7180000350978_47201_47700	HELPU_009781	-1.50862336676983	2.28310804712775	15.8615575333834	0.000729788362733774	0.0161914090916148
jcf7180000350978_66001_66200	HELPU_009782	1.62532133620286	3.60402710742214	10.2158227591775	0.00452800962129651	0.0470316293805881
jcf7180000349936_82501_82600	HELPU_009787	2.22264464040267	0.248465137440559	10.7976612292943	0.00368700227722413	0.0415964697166994
jcf7180000349936_97401_97700	HELPU_009788	1.01964531727637	2.95083189547612	10.7457014241924	0.00375094080367086	0.0420193150915521
jcf7180000351440_82001_82300	HELPU_009804	3.01823456096104	1.73125717182116	18.9013482324741	0.000311079594417614	0.00990554791398567
jcf7180000420430_4501_4700	HELPU_009805	-3.58238281206229	0.144280208144415	18.6371173168329	0.000334062965716689	0.0103386983340177
jcf7180000420430_91001_91200	HELPU_009808	1.30449672942003	2.18641972911133	16.7653311730878	0.000561276394217081	0.0138530559040427
jcf7180000353200_13101_13400	HELPU_009811	1.0414961102851	1.29993138006978	9.96401947761523	0.00495201647963264	0.0495958328686926
jcf7180000347630_15901_16000	HELPU_009818	6.27293444976561	1.89441323267195	47.6105703248551	3.53036432777096e-06	0.000844066496920243
jcf7180000417221_19101_19300	HELPU_009834	4.48362467110452	0.00231868764044488	30.307410157166	2.58843427383277e-05	0.00246689419959793
jcf7180000392733_71201_71400	HELPU_009842	-3.11927497384517	1.53971289427573	12.3840249191085	0.00215314451018911	0.0302120571508322
jcf7180000353926_36001_36200	HELPU_009846	2.12791178464873	0.733083922999885	10.1246627035595	0.0046781381813433	0.0479236439509162
jcf7180000354527_13201_13500	HELPU_009862	1.20530455882252	2.25489668684793	15.8407658899705	0.000733848220506904	0.016240371312028
jcf7180000348615_16501_16600	HELPU_009867	6.57026940991331	-0.0314312455855832	12.2588316783364	0.00351448174595425	0.0404524950159785
jcf7180000347728_138401_138800	HELPU_009878	1.90393622325859	2.38730363416353	13.952745997522	0.00130208615607061	0.0226113978311939
jcf7180000417939_26301_26500	HELPU_009884	-4.72520135448698	-0.392157322687495	14.9204530635197	0.00137302148138415	0.0232756714917543
jcf7180000417939_43301_43400	HELPU_009885	5.51593491496459	0.854752491746689	11.6193057973476	0.00312363284177642	0.0376792075793428
jcf7180000363734_13101_13600	HELPU_009906	-2.8282543232909	0.886222673550509	15.35723826399	0.000848199793017763	0.0175537872176988
jcf7180000363734_15701_15900	HELPU_009907	-2.10634045280307	2.15284810629691	16.7873799269006	0.000558723510646888	0.0138142172060622
jcf7180000363734_27801_28100	HELPU_009909	-2.49275535705651	2.9977295682332	33.6205223818647	1.1228116980519e-05	0.00155753865662747
jcf7180000353940_80701_80900	HELPU_009933	2.12297645551085	1.45491263456065	13.5257314298264	0.00148918281907796	0.0244506831367178
jcf7180000393033_35901_36000	HELPU_009934	-6.56660155953028	0.186804495814497	14.5519449591761	0.00126538960158429	0.0222153595008769
jcf7180000349970_3401_3800	HELPU_009945	2.24855837562503	2.98156698976468	15.7283973761109	0.000759764362236881	0.0165149143949627
jcf7180000349970_51101_51800	HELPU_009949	1.84548007439698	2.9343587986554	11.8424001286953	0.00257815940855608	0.0336257212747367
jcf7180000351767_10701_10800	HELPU_009951	-3.71543351968592	1.45852038247096	19.1946755689856	0.000287588179500347	0.00949763858984732
jcf7180000351767_18001_18500	HELPU_009952	2.18127548015665	0.645330674507517	11.3552794604669	0.00304087356159443	0.0371012221684617
jcf7180000347471_81601_81700	HELPU_009959	-1.91193600284252	0.772704029242561	11.6130857462418	0.00278546564165742	0.0352228408168739
jcf7180000354647_6001_6500	HELPU_009968	2.70861585395022	0.928187573084835	28.1938853551785	3.36708664179818e-05	0.00282573842821661
jcf7180000417691_87901_88400	HELPU_009990	-6.23630613651649	4.80254446087314	72.508260483393	4.32658035926649e-08	8.13129023702365e-05
jcf7180000393057_18401_18900	HELPU_009992	-1.52601299038582	3.32772436099016	14.6696721014504	0.00104369117470048	0.0198634819257874
jcf7180000347479_212401_212700	HELPU_010001	2.63043531970306	-0.272389943591621	11.3952804478756	0.0029978557028447	0.0367675295768299
jcf7180000347662_113501_113800	HELPU_010009	3.7736436898125	0.71937153555348	20.7388883487681	0.000192162784447543	0.00756582861778217
jcf7180000383704_112101_112300	HELPU_010032	5.02411100905951	1.158851746679	15.3742713124525	0.00153015028280544	0.0248329284975417
jcf7180000352252_21601_21700	HELPU_010036	3.15162330147013	1.58792884676251	16.1245114329447	0.000676466328590701	0.0154588929465072
jcf7180000352252_50401_50500	HELPU_010039	4.61487977070244	2.13421542761828	12.3317899792692	0.00219054725347367	0.0304939489369188
jcf7180000393247_48501_48600	HELPU_010050	3.83449969019304	-0.164563985400313	17.5897946571964	0.000445482488552679	0.0121245822700658
jcf7180000417157_18901_19300	HELPU_010051	-2.48434713587093	3.22351087411285	26.8090264616096	4.54969507665238e-05	0.00335001416894681
jcf7180000417157_67701_68100	HELPU_010053	2.39973664763163	1.50667333388297	12.8470147329088	0.00185086926975863	0.0276004381788135
jcf7180000417157_78101_78300	HELPU_010054	-1.74714215404935	0.802288871941053	10.5022337395345	0.00409006081235343	0.0442895863407794
jcf7180000392430_48601_48800	HELPU_010073	3.23037773583449	0.0833797947555625	12.723628678966	0.00192654942189038	0.0282706988710383
jcf7180000392430_124001_124300	HELPU_010077	-2.72264742216803	0.425681057953465	12.2886174914595	0.0022220043476997	0.030756392949238
jcf7180000422244_57001_57100	HELPU_010078	-7.04100240203642	0.144068232125036	20.7475255658244	0.000536646528099469	0.0134538341447656
jcf7180000350164_31701_31800	HELPU_010080	6.63267505327056	0.0202029452505687	17.537943292105	0.00105746849637362	0.0200097462516222
jcf7180000348823_38501_38900	HELPU_010088	-1.30312629649795	0.730335752825261	9.95183782008046	0.00497383913783049	0.0497324985465482
jcf7180000348823_83601_83900	HELPU_010090	1.69144455177752	2.09413651512717	16.8592622107095	0.000547381118695653	0.0136263455314306
jcf7180000348823_93601_94000	HELPU_010091	2.24177337991745	0.532293252375547	32.7648405715516	1.31958792455628e-05	0.00170101534863584
jcf7180000349000_17901_18000	HELPU_010095	5.23020074845411	1.21112340176118	16.5679464168147	0.000594985023809507	0.0143268125711661
jcf7180000420629_111301_111700	HELPU_010103	-2.19917135878226	1.13303212518526	14.7694296181421	0.00101246665003291	0.0195264410342044
jcf7180000420629_113301_114000	HELPU_010104	-1.47395767326626	2.13463932736536	10.3091257089092	0.00437987088880038	0.0461387745151315
jcf7180000347862_73901_74100	HELPU_010106	3.50428011112144	1.97998646002079	49.8956946426725	7.4653407877118e-07	0.000371228327396168
jcf7180000368969_12001_12400	HELPU_010120	3.64231156574366	2.39450221286302	33.028085864093	1.2585529738215e-05	0.0016537015629047
jcf7180000421968_41101_41500	HELPU_010133	4.30916365732247	1.03667316823166	43.1300577797922	2.10927504002901e-06	0.000642033285749616
jcf7180000421968_69101_69200	HELPU_010137	1.93284590216116	1.03844161203857	13.6583021593219	0.00142809299855749	0.0238162674409215
jcf7180000420521_106101_106700	HELPU_010145	2.0028984570487	0.322934897945201	15.7642058848072	0.000750576968105702	0.0164123604277893
jcf7180000362481_16001_16100	HELPU_010151	3.29518054511699	0.0512912855872614	11.8603931073638	0.00256263148033575	0.0335182135130779
jcf7180000412819_63201_63300	HELPU_010155	-5.55383106561904	0.177119966263182	13.4313262651815	0.00176725516575546	0.0268907476930447
jcf7180000348962_9601_9700	HELPU_010160	4.35692497111082	0.706643169486423	17.4441377061928	0.000463996858518894	0.0123975026301298
jcf7180000354447_63101_63700	HELPU_010173	-2.4888516366603	1.5050722316786	42.5202102708409	2.31778436138338e-06	0.000673314690448157
jcf7180000417809_38501_41800	HELPU_010183	2.14895143010892	6.41524892939762	14.3458636045771	0.00115261461794653	0.0210184399001431
jcf7180000417809_38501_41800	HELPU_010184	2.14895143010892	6.41524892939762	14.3458636045771	0.00115261461794653	0.0210184399001431
jcf7180000417809_45801_46100	HELPU_010185	-2.52795672106492	1.89865960552473	22.2118150754502	0.000132787809186631	0.00613335172080077
jcf7180000351636_14201_14300	HELPU_010188	1.46215881883836	0.253042526952027	13.0381965623164	0.00173783585376284	0.0266554091295775
jcf7180000351636_17001_17200	HELPU_010189	2.41015059355104	2.56797483033023	19.5696531118406	0.000260361883029141	0.00898057238323552
jcf7180000349193_95201_95300	HELPU_010193	2.24267269059282	0.844032757214886	13.4675946881755	0.00151688008317214	0.0247169991798127
jcf7180000354722_49501_50100	HELPU_010197	-2.04510130129669	2.46917955687825	10.151602248976	0.00463320469517656	0.0476542272775545
jcf7180000349173_12801_12900	HELPU_010216	-6.11003312069715	-0.402690863379954	18.8098169130483	0.000395535148848574	0.0113518984047345
jcf7180000347467_20001_20400	HELPU_010221	-4.72014118204112	1.08981936129578	67.543667771446	7.5138228414861e-08	0.000109205089776298
jcf7180000349606_68801_69100	HELPU_010249	2.38868953792591	5.89169218502698	16.8412603893308	0.000550197587120746	0.0136766324563706
jcf7180000354481_46501_46800	HELPU_010251	3.18483081149938	0.631533213403732	37.2101459400933	5.75116173470498e-06	0.00108588530137531
jcf7180000354481_62901_63200	HELPU_010252	2.58417619298125	0.302727367200375	24.2079040113943	8.19838247323003e-05	0.00468616662674088
jcf7180000421756_29801_29900	HELPU_010256	-2.46706781230052	1.37018740821833	15.9902041749056	0.000703521519454758	0.0158368090421933
jcf7180000417751_9501_10100	HELPU_010258	-3.98232911714289	1.34588427888153	35.4988710172763	7.88561176052795e-06	0.00127456390477243
jcf7180000350144_56301_56400	HELPU_010263	2.62841622797634	1.05001333472357	17.5662425315846	0.00044842009187022	0.0121766800961425
jcf7180000350144_78701_78800	HELPU_010266	-1.57115142759587	2.73762683236056	22.0200620252661	0.000138885953194377	0.00631138932502076
jcf7180000357223_5901_7000	HELPU_010268	-3.50688957425776	3.37980779719799	18.4865829266111	0.000347990454036495	0.0105721109226041
jcf7180000357223_69101_69200	HELPU_010272	1.69197724542497	0.365868219468597	13.0973647475477	0.00170506320225318	0.0263959762096297
jcf7180000348556_46001_46400	HELPU_010275	2.19354863958904	2.19641611048043	33.026451551992	1.25617757569415e-05	0.00165198886351399
jcf7180000352786_40001_40400	HELPU_010282	2.3263373455427	0.626233724074419	25.5646091035871	5.99397646246387e-05	0.00390900887116152
jcf7180000417885_1901_2200	HELPU_010305	-1.85339274826215	2.20809440363998	12.0569031804545	0.00239962464705669	0.0321785837246705
jcf7180000417885_48401_48500	HELPU_010307	-2.70023144781337	2.39861313216954	26.8242164773905	4.53446929584892e-05	0.00334550708358986
jcf7180000349429_32101_32300	HELPU_010330	-3.0825954233749	3.55875881822698	22.5279989011969	0.00012288014861263	0.00585706816438481
jcf7180000350311_3801_3900	HELPU_010341	5.92495265602747	-0.147528589438776	19.2580556288513	0.000352975711394184	0.0106501394804068
jcf7180000422348_41501_41700	HELPU_010350	-4.72329739198295	-0.416553937690028	11.3016942156694	0.0042686247533664	0.0454415142433836
jcf7180000422348_74301_74800	HELPU_010352	1.97545208828686	1.4901167378349	12.3530979385383	0.0021752035189077	0.0303742696134057
jcf7180000422348_74301_74800	HELPU_010353	1.97545208828686	1.4901167378349	12.3530979385383	0.0021752035189077	0.0303742696134057
jcf7180000355151_23001_23100	HELPU_010358	5.99830611229714	-0.148679420828006	19.1458143769576	0.000363132091326566	0.0108265676613297
jcf7180000393840_51201_51600	HELPU_010362	1.33397253627086	1.81538267729601	10.3502661501407	0.00431438594606546	0.0457298088063388
jcf7180000347971_42901_43900	HELPU_010377	-2.49877781395223	2.23163776264069	19.2795870202399	0.000281158461783342	0.00937719780312264
jcf7180000392573_16401_16800	HELPU_010380	2.99346823291972	-0.274501664038401	16.532596008176	0.000600038903883974	0.0144016202272652
jcf7180000361240_40701_40900	HELPU_010403	1.70149924932183	3.86169146362796	20.785813856268	0.000189647162994047	0.00751211007535553
jcf7180000392407_39401_39600	HELPU_010409	-5.51036234538699	2.83216766198431	16.968526959756	0.000530623992995819	0.0133678117354874
jcf7180000392407_46301_46400	HELPU_010410	-3.74552840710273	0.225825988134416	12.4709213378248	0.0020924793803127	0.0296697711834488
jcf7180000347453_46901_47200	HELPU_010415	1.27049852401259	3.14448669162666	12.4986458765505	0.00207278866386323	0.0294925594375185
jcf7180000347453_48601_48900	HELPU_010416	1.84109920717208	1.29683692185421	13.8035873902591	0.00136430921553434	0.0231953782945349
jcf7180000348976_18301_18400	HELPU_010440	3.41732038878572	2.94564136494877	40.2764340621379	3.38446225649063e-06	0.000827762248590525
jcf7180000348115_38401_38800	HELPU_010447	-3.30861449962782	2.37943084190471	49.5033802837226	7.90604722695674e-07	0.000380589141021099
jcf7180000417152_55101_55300	HELPU_010459	2.23360145551193	0.882495904253091	13.6463462474772	0.0014334870587483	0.0238701920854044
jcf7180000348289_65301_65900	HELPU_010468	1.77430944288637	3.75807258709703	41.1698624690063	2.89781463957086e-06	0.000757714331070385
jcf7180000420468_66901_67000	HELPU_010472	1.95116817199666	1.18215489745556	12.071766656395	0.00238777072975873	0.0320800888489781
jcf7180000420468_80301_80500	HELPU_010473	-2.6352698422496	1.43051187920429	16.9906412966165	0.000527301869223309	0.0133318566384061
jcf7180000420468_103101_103500	HELPU_010475	-1.80907149664762	2.81433607531172	20.6978774117123	0.000194189979088063	0.00760892655817463
jcf7180000420468_136701_137300	HELPU_010476	-4.18408615465775	2.04070413387896	12.8241091372318	0.00186466616565639	0.0277156225476221
jcf7180000361099_13001_13500	HELPU_010478	1.26720803746332	1.98920187813412	12.6443164202128	0.0019746177050224	0.0286792428501635
jcf7180000392862_96701_96900	HELPU_010487	-7.48244102341507	0.0175305699302145	19.7385400376764	0.000355239878148785	0.0106897201970192
jcf7180000393081_49701_50000	HELPU_010495	-1.74196136599678	2.47797820739669	28.8247649798575	2.9347356809699e-05	0.00264169559048764
jcf7180000393081_59301_60300	HELPU_010496	-1.30796483716325	2.50302778008844	17.7284500923497	0.0004278136556779	0.0118392986877362
jcf7180000413693_5601_5700	HELPU_010506	5.66641719742543	0.885099760988352	19.0715059770806	0.000370035081751875	0.010919004419668
jcf7180000413693_32301_32500	HELPU_010508	4.36326394917969	-0.475057101812788	10.8634692538925	0.00400871913822881	0.0437530235848956
jcf7180000413693_67101_67400	HELPU_010509	-3.36455980554636	-0.0295302761392185	43.7289646646205	1.90570551898278e-06	0.000611249176579711
jcf7180000354519_33501_33700	HELPU_010520	-3.15452225819798	0.013833118864486	10.993692936777	0.00344394599232718	0.0399999642652081
jcf7180000348797_16201_16300	HELPU_010530	2.15096879717889	1.20569531534085	14.2693189883731	0.00118016236148767	0.0213273135759843
jcf7180000348797_47801_48300	HELPU_010531	1.38573497715047	2.34081209393269	15.2741887966778	0.000868165708198399	0.017808160499663
jcf7180000348797_53701_55300	HELPU_010532	-2.24841816146996	2.96821242702145	20.8021962496267	0.000189079106681891	0.00749826035133768
jcf7180000352264_23601_23700	HELPU_010543	-7.95726692493587	0.0423718234800545	12.0843513045392	0.00369378667135797	0.0416273306152443
jcf7180000356576_44401_44700	HELPU_010570	2.25967489863893	0.452779581839224	14.1088560905143	0.00123940249152392	0.0219419208504681
jcf7180000355164_3101_3400	HELPU_010580	2.1081121579899	0.471562472396745	14.5451555451675	0.00108353445673846	0.0203031220620323
jcf7180000347769_7801_8200	HELPU_010584	2.18169773473168	2.41215335550077	16.7142105092273	0.000570536167675056	0.0139830051705297
jcf7180000347927_28301_28500	HELPU_010596	1.97749081186841	1.9806624167944	31.5903418121812	1.66345227731682e-05	0.00193767956222208
jcf7180000347927_47901_48300	HELPU_010599	-1.65788631872441	2.60436819269562	16.0569420772176	0.000689931169224254	0.0156452311778478
jcf7180000347927_76001_76700	HELPU_010600	-1.72837849802001	2.21175264369167	18.2542394577583	0.000370761728144366	0.0109293797116414
jcf7180000358165_51201_51300	HELPU_010618	2.38536758743299	1.00034410685454	15.8634947613498	0.000730145607824224	0.0161964342488305
jcf7180000351798_81901_82400	HELPU_010626	-3.05140361994782	0.680597150758177	40.6656648126331	3.16104181927102e-06	0.000796312357813101
jcf7180000351798_98801_99000	HELPU_010628	2.08158581656083	0.650068995917429	17.357227743817	0.000475447613413125	0.0125697834195201
jcf7180000347419_27001_27300	HELPU_010630	1.56025766055505	2.74609839921794	14.8604608094847	0.000984872716117406	0.0192098153137196
jcf7180000347419_56101_56300	HELPU_010631	1.48279057298692	0.714011642160388	11.0724138504476	0.00334800841246922	0.0393371074558339
jcf7180000347419_72701_72800	HELPU_010632	2.5330813598056	0.84940940146808	18.7163746781565	0.000326978117054296	0.0102121209392117
jcf7180000347419_82101_82300	HELPU_010633	2.18956418236308	0.55666125662008	10.1746853171273	0.00459508468460107	0.0474396274855315
jcf7180000347419_104201_104400	HELPU_010634	7.87549938072056	2.3450439314172	11.3455618522352	0.00305099592340081	0.0371825256836028
jcf7180000347419_119301_119400	HELPU_010635	-6.26776153178629	-0.323582832728907	12.8941403033244	0.00266672701303434	0.0343045316743982
jcf7180000347188_10101_10300	HELPU_010658	2.66185022247629	1.29991053156872	22.6698602795122	0.000118702181926103	0.00575093197945669
jcf7180000348060_23601_23700	HELPU_010661	3.73050319195355	1.06085561307568	10.1579620730398	0.00462266697441871	0.0475916939092083
jcf7180000392760_53701_54200	HELPU_010688	-1.11004982846261	2.23914387305227	11.6945341945777	0.00270684691744026	0.034610688898784
jcf7180000353457_31801_32000	HELPU_010693	-2.72214602642421	0.29644165585839	12.4631435983038	0.00209783140214863	0.0297051391646838
jcf7180000347204_105601_105900	HELPU_010703	1.95025751767848	2.9123735516401	15.2991838391343	0.000863034196451196	0.017745821451536
jcf7180000353491_24101_24400	HELPU_010710	-2.01335967184654	3.26839670915441	48.8907800219827	8.60425662283505e-07	0.000398785018075853
jcf7180000353491_28201_28500	HELPU_010711	-2.79719047856786	2.0825003633134	38.4174698891552	4.65219485285286e-06	0.000985389159181309
jcf7180000358048_44601_45500	HELPU_010717	-2.49584959700614	2.87459483418968	13.1384994058873	0.00168482095219574	0.0262285021400386
jcf7180000355706_60001_60200	HELPU_010724	3.64223030400983	1.48910672225024	16.5995908165086	0.000589598987959822	0.0142387198483686
jcf7180000422522_129101_129200	HELPU_010729	-4.41898511274589	0.900367060325213	16.3581847752637	0.000632091707263626	0.0148628117072837
jcf7180000362274_29701_29900	HELPU_010745	1.71472973627822	-0.107813300810162	10.3680381549195	0.00428515663228092	0.045570568020899
jcf7180000376262_16401_16700	HELPU_010750	4.93870945372457	-0.278766788634834	11.2466191377814	0.00352921658725939	0.0405313321806878
jcf7180000353522_73401_73700	HELPU_010760	1.81332700747622	3.02719287555618	26.1229774888695	5.28987249891933e-05	0.0036492348512716
jcf7180000354370_20801_21200	HELPU_010771	1.43332426181846	1.68611221112905	14.0466127687676	0.00126278837223415	0.0221872005950324
jcf7180000392909_188901_189000	HELPU_010783	1.95561864217535	0.714419610825869	20.6335609161474	0.000196973656874165	0.00766765066831972
jcf7180000354625_4701_5000	HELPU_010784	2.89228106389145	0.0199878511339012	12.1579615117002	0.00232029459716709	0.0315093410099933
jcf7180000420519_61501_61600	HELPU_010789	7.67899329412991	1.01127046875008	49.621810092278	1.41193143845908e-06	0.000520168313789662
jcf7180000348578_53501_53700	HELPU_010805	-1.78008397142864	0.63903721116593	11.984234576527	0.0024567251833231	0.0326227363970183
jcf7180000354684_37101_37400	HELPU_010815	1.43898947320708	2.25701868176044	24.7774610898328	7.17958062974656e-05	0.00435314509110164
jcf7180000392651_58201_58400	HELPU_010824	1.23892971225245	3.3048627598903	10.0072155343854	0.00487976937889255	0.0491783436152161
jcf7180000351638_25601_25800	HELPU_010830	2.03400071636148	2.00052184407808	13.6765575059615	0.00141990013397928	0.0237321430632715
jcf7180000351638_132101_132600	HELPU_010833	2.28470862314878	1.3607418725211	14.0668376286396	0.00125660925816486	0.0221207559454481
jcf7180000351638_137801_138300	HELPU_010834	1.71250364785434	1.28581892714088	12.7213296780304	0.00192799167079426	0.028283829593602
jcf7180000417159_186701_186800	HELPU_010847	5.82453885810259	0.213224935949536	21.1615686844511	0.000194545148092319	0.00761693593295343
jcf7180000417159_209601_209700	HELPU_010848	2.03191089474947	0.142931985127979	14.2116204641708	0.00307112701067149	0.0373234933710637
jcf7180000421885_6501_6600	HELPU_010849	6.07555222906255	-0.445296964279957	18.4450010315401	0.000635328122122226	0.0149013370484034
jcf7180000347701_22301_22500	HELPU_010855	-3.49873895206497	0.950634194750621	12.852863956743	0.00184736420341677	0.0275763491084039
jcf7180000347701_37501_37700	HELPU_010857	-1.34820714766274	2.32528978537034	17.4171413811105	0.000466667713977862	0.0124386965672378
jcf7180000348308_32501_32600	HELPU_010862	9.08715039863777	5.22299721298649	11.5912093075937	0.00280618841951849	0.035383347879795
jcf7180000416184_12201_12300	HELPU_010888	2.70222926274537	0.808726412996974	13.0425546926298	0.00173758260266442	0.0266543793987447
jcf7180000349197_112701_113200	HELPU_010900	4.37041141216726	0.184645064874527	22.5764002669602	0.000121436731863635	0.00582138222552391
jcf7180000349197_115701_117400	HELPU_010901	3.59249564134405	1.96478605940288	26.9527934460468	4.4078151230012e-05	0.0032963897186315
jcf7180000349197_118101_118700	HELPU_010902	4.11761160697735	1.00943985933792	34.4627871137411	9.5677751035865e-06	0.00141846227722307
jcf7180000417171_152801_153200	HELPU_010912	-3.21053118417247	1.60474443560883	33.2355761280667	1.20905834264099e-05	0.00161901334225166
jcf7180000417171_205501_206200	HELPU_010913	1.96774432487653	2.01128728583189	13.285550484752	0.00160736273838758	0.0255574601458943
jcf7180000352207_17501_17600	HELPU_010917	-3.01589920755053	-0.100995946014396	13.0844372659105	0.00171345640777425	0.0264694910043209
jcf7180000352207_33901_34400	HELPU_010918	1.80178977075076	1.52733297981964	21.5796010391963	0.000154981158305444	0.0066911947755173
jcf7180000352207_100701_101100	HELPU_010919	1.50153962851596	3.94661483449194	16.8708361632919	0.000545578730273982	0.0135980228834133
jcf7180000353238_9401_9900	HELPU_010929	2.26129940720932	1.24734424154299	16.9990404803059	0.000526046126139415	0.0133206500495231
jcf7180000360046_36101_36300	HELPU_010940	1.63317336729426	2.19122074669672	10.7621798024089	0.00373299795030205	0.0419027081518661
jcf7180000392563_144601_145000	HELPU_010948	5.31417327313078	0.469018023850437	34.244268481437	9.97087926907814e-06	0.00145192121830414
jcf7180000349192_10201_10800	HELPU_010963	1.35062273522502	1.84002479319582	14.1846743665748	0.00120977515769046	0.0216461937213772
jcf7180000349192_29101_29800	HELPU_010964	-3.12596096367962	2.53592649036677	37.2020081528161	5.78441591385855e-06	0.00109035839699929
jcf7180000349165_159601_159700	HELPU_010971	6.22630192551429	2.26046934250995	22.0882341242173	0.000177658022656802	0.00723526676102926
jcf7180000353663_20501_20600	HELPU_010975	-2.76201774507184	-0.110713857400596	12.635877644581	0.00198245630840787	0.0287464695513766
jcf7180000416161_2201_3200	HELPU_010984	2.36325993049604	4.05060885272887	20.8194453074477	0.000188248408089032	0.00748049761150347
jcf7180000347889_8201_8400	HELPU_010988	-1.46954975542361	2.01068147505578	19.6727591838506	0.000252846201644146	0.0088574334514612
jcf7180000353943_18601_18700	HELPU_011016	2.95680800762145	0.0271625601064445	11.197767844457	0.0032096422725609	0.0383418671522225
jcf7180000350605_22501_22700	HELPU_011027	-2.90695164395828	1.51686696002646	17.1310071933499	0.000506743433557196	0.0130489272667955
jcf7180000350817_17001_17100	HELPU_011034	5.96384441293569	1.04912373899921	29.1576198863181	2.74525124754187e-05	0.00254270391037132
jcf7180000392935_85201_85400	HELPU_011041	4.28789693810381	-0.140734457098149	16.8382132449759	0.000602994422621909	0.014432513034873
jcf7180000413330_23401_23600	HELPU_011043	6.40469152338437	0.0591604921350628	16.0966573409536	0.000814838338151494	0.0171851631456975
jcf7180000413330_30701_30800	HELPU_011044	-2.80799007786929	0.871077146529091	13.6282749593583	0.00144168297902348	0.023952373812764
jcf7180000357677_78501_78800	HELPU_011061	1.29361680999013	1.22425898821468	14.563029977809	0.00107668625881521	0.0202253766163681
jcf7180000347416_70601_70800	HELPU_011083	-5.63648601872442	-0.0814361890786625	20.8568412518908	0.00027235588589101	0.0092303240765641
jcf7180000393496_35101_35300	HELPU_011084	4.22482186046237	0.708857383251801	10.4870470517475	0.00455197718148547	0.0471898790459785
jcf7180000348843_37301_37400	HELPU_011102	4.65387201587895	0.0857784580949297	16.3595585417915	0.00068964445367179	0.0156424447206089
jcf7180000350524_53201_53500	HELPU_011103	6.12329720315462	-0.20463337327841	17.5523437425859	0.0005488162098135	0.0136502067148534
jcf7180000358862_16101_16300	HELPU_011123	-2.66447014879794	0.626942654665138	25.2233814542919	6.497577952413e-05	0.0040931757010091
jcf7180000358862_63201_63500	HELPU_011126	-1.84112699959371	2.31003867149192	11.0071316983243	0.00342794642756853	0.039867484627626
jcf7180000350772_37701_37800	HELPU_011127	-2.20563458972351	1.36457437988337	12.6744706111943	0.00195765014919831	0.0285384700368701
jcf7180000350772_63301_63900	HELPU_011128	-1.25577158446641	2.16276231847656	11.4117614541495	0.00297963676051634	0.0366423574936785
jcf7180000347854_41001_41500	HELPU_011133	-1.58462783018182	2.58302290732406	11.9920060798299	0.00245215073868314	0.0325931669311701
jcf7180000347854_77901_78000	HELPU_011134	-6.61346214632062	0.838781352879003	20.0226778281945	0.000754100854269563	0.016455324143978
jcf7180000350552_14401_14600	HELPU_011135	2.95380858795491	0.453495511832162	14.8142609702364	0.00099877175533462	0.0193503245106351
jcf7180000349878_30901_31000	HELPU_011152	1.84009960374901	1.0169036357169	17.5224899869818	0.000453389715000887	0.0122327671343782
jcf7180000350535_98101_98600	HELPU_011167	-1.85786754127166	1.40776490174748	13.860342652553	0.00134025367917202	0.022962366345508
jcf7180000349833_112701_112900	HELPU_011171	-3.88552051519409	0.876354933710839	18.5437527924744	0.000342627000822683	0.0105016184017805
jcf7180000413517_36501_36600	HELPU_011173	-4.39391995429824	1.40521093818709	22.1836072978705	0.000133713616974775	0.00616606360622901
jcf7180000413517_72101_72400	HELPU_011174	-2.03378090490238	1.57034159429246	15.3937665264068	0.000839010414383611	0.0174533543438634
jcf7180000349975_61101_61200	HELPU_011177	5.77617801831899	2.27319108344083	66.3410540505764	8.71023897237119e-08	0.000117128996156778
jcf7180000349975_65401_65500	HELPU_011178	-4.91165314754079	-0.406629556397318	28.0818627167999	7.11332889964204e-05	0.0043338309086148
jcf7180000371391_87001_87200	HELPU_011187	-1.94741010315669	1.34614652530934	10.4604019006094	0.00415098670533137	0.0446827397425796
jcf7180000371391_121801_122000	HELPU_011189	-4.30529865700258	0.506521046975377	13.6400365700531	0.00143634283245334	0.0238965654402897
jcf7180000371391_185301_185500	HELPU_011190	1.4399934654048	1.46676639569955	14.6422952555677	0.00105090553543512	0.0199356063181717
jcf7180000348461_75501_75800	HELPU_011192	1.38853580598508	2.05856476040309	13.4709084929798	0.00151424773146359	0.0246867456872857
jcf7180000417329_45101_45200	HELPU_011206	3.51998424479005	1.1327600180255	12.0473683996044	0.00272083015924555	0.034720839551185
jcf7180000421150_34401_34600	HELPU_011211	2.71374624271073	1.31955591372003	10.7194438238528	0.00378924519435931	0.0422937469131305
jcf7180000347667_91101_91300	HELPU_011212	2.77066572981304	0.896285033869651	15.5271483262059	0.000806378163423748	0.0170620136082569
jcf7180000347667_140201_140700	HELPU_011213	-3.83127881601028	2.37036420294466	56.9189673414091	2.81699140760783e-07	0.000213131762361683
jcf7180000347667_146401_146800	HELPU_011214	-3.36866330454534	0.574794242087025	37.7029169244842	5.28083942983075e-06	0.00104411449914111
jcf7180000347667_230501_230600	HELPU_011215	-5.52492846307008	0.409748133139785	13.8106489673291	0.00146067727235102	0.0241258098676111
jcf7180000352575_36201_36800	HELPU_011216	1.57802614906495	1.12603105724711	11.488343657964	0.00290448696779627	0.0360905667474006
jcf7180000352575_71001_71200	HELPU_011220	2.81290952291257	0.887329928620376	22.5722614284848	0.000121559425831715	0.00582628876551216
jcf7180000363026_39701_40100	HELPU_011230	-1.30910382572512	2.0747659891908	12.1869538137214	0.00229543652541053	0.0313098241660919
jcf7180000418419_35801_36000	HELPU_011232	-5.09275237255847	1.31213419827195	11.992555081824	0.00245170108270323	0.0325931669311701
jcf7180000362371_21701_21800	HELPU_011236	-2.23191404782511	2.297665480869	12.0185546549841	0.0024305105675149	0.0324204279942993
jcf7180000417731_45501_46100	HELPU_011259	-4.53637170852205	2.52157926100345	36.0416420002688	7.1365616252181e-06	0.00122200132309185
jcf7180000413493_46601_46900	HELPU_011270	-2.44060580547209	3.23369568233713	24.7808856296768	7.19389668256821e-05	0.00435852770604156
jcf7180000392726_39501_39800	HELPU_011277	2.42946846780518	0.313105283805713	18.1671978725541	0.00037971184428689	0.0110775622146976
jcf7180000351409_62101_62300	HELPU_011280	3.33363070856782	1.39593447532538	19.4422622462404	0.00026927860472306	0.00917334253891832
jcf7180000351305_34101_34500	HELPU_011295	-1.78823519340527	2.16413121661592	16.4231332505879	0.000620336163047165	0.014690524487685
jcf7180000350531_43401_43800	HELPU_011331	-1.30715650328195	0.536874800125064	11.430474698924	0.00296067194046452	0.0365149236604975
jcf7180000416218_67501_67900	HELPU_011343	6.78700683466251	3.75684661971929	12.8270265889277	0.00186290256490733	0.0277000255909626
jcf7180000416218_87601_88500	HELPU_011344	-2.5547483910074	3.2079556113148	16.8894140189539	0.000542699324498861	0.0135675778491957
jcf7180000393155_40401_40500	HELPU_011348	2.63784245526192	-0.169848210378108	10.0358724216362	0.00482969627639614	0.0488749086828476
jcf7180000350511_23201_23400	HELPU_011353	5.47250593508943	-0.432046442417026	12.3983927102796	0.00243364423185647	0.0324438702732173
jcf7180000416155_62601_62900	HELPU_011367	5.30796148459711	0.907720783171394	12.5809293876554	0.00201837769282413	0.0290234382962266
jcf7180000416155_69701_69900	HELPU_011368	-4.21718826443754	0.0847453234646411	14.1637613392408	0.00121935332702613	0.0217318678206346
jcf7180000416155_100301_100400	HELPU_011369	5.60686774114374	-0.486972643538255	25.5368756858626	0.000116756842318166	0.00569133969956863
jcf7180000363547_39101_39300	HELPU_011378	1.95745913088733	0.275906006855062	13.9331903696487	0.00130912382940361	0.0226738571900316
jcf7180000349438_107101_107500	HELPU_011383	3.73442731161267	0.845128875107792	22.8068624211448	0.000114815522993311	0.00563299813762231
jcf7180000358952_35501_35700	HELPU_011405	6.937982180551	-0.0618751756987858	34.5087864324941	1.44766394380485e-05	0.00179474541181776
jcf7180000392637_128301_128400	HELPU_011411	6.63371505226251	-0.368661006315863	32.609307560423	5.30508253278494e-05	0.00365336519200244
jcf7180000359957_40101_40600	HELPU_011419	-4.67559777763549	5.57774080740399	42.5177745624677	2.33012481151306e-06	0.000674093526272634
jcf7180000392761_108301_108500	HELPU_011437	3.10092337392169	-0.27878965114284	11.4633703072528	0.0029307561895188	0.0362847505120079
jcf7180000392761_127601_127900	HELPU_011438	4.0808485232693	1.61980718277813	35.536192863321	7.8314251293508e-06	0.00127189392619303
jcf7180000356490_17701_19000	HELPU_011479	-1.24354979613018	3.37988010846916	21.9503015793309	0.000141307404518418	0.00636287627008284
jcf7180000349477_32601_32800	HELPU_011486	3.16354727873793	0.517377545239477	16.4645344757956	0.000612968742778693	0.0145762389446137
jcf7180000347978_13001_15500	HELPU_011488	3.38180805932361	3.02123151945533	16.1362875144697	0.000674149494209108	0.0154352211972688
jcf7180000347978_21501_21900	HELPU_011489	1.85672814051878	1.37442512708045	12.8042463499627	0.00187672247090079	0.0278318311676867
jcf7180000357203_3001_3300	HELPU_011492	-1.59253891037168	0.965785100549058	13.1234407309127	0.00169083761006898	0.0262923838357217
jcf7180000348416_54501_54800	HELPU_011508	2.53510571892578	0.930804290996466	17.9659911259659	0.000401327843745429	0.0114561620789787
jcf7180000348685_13601_13700	HELPU_011516	-5.99478439286245	-0.49447564763776	26.3002794709685	6.97273897733839e-05	0.00428303818799508
jcf7180000348685_67901_68200	HELPU_011520	1.70782859942441	1.31840305754284	15.7384748070317	0.000756994353838582	0.0164880033941221
jcf7180000349737_10501_10700	HELPU_011522	1.66104303680919	1.3550331655442	14.713770990605	0.00102838764167595	0.0197129542371134
jcf7180000421167_105801_106400	HELPU_011526	1.80659011370522	2.60870217598268	23.9537373456691	8.70837871464487e-05	0.00483707312571369
jcf7180000355820_34901_35300	HELPU_011536	-2.40737274833807	0.377094338542061	22.6061606514183	0.00012025699295092	0.00578908258252055
jcf7180000418110_187001_187100	HELPU_011541	-6.26776494157992	-0.0414412312560838	25.6845176428778	7.96964473527716e-05	0.00460969594626662
jcf7180000356436_16201_16500	HELPU_011556	-2.95612291049278	1.17038342604034	18.5039418147977	0.000346352179553803	0.0105462680118832
jcf7180000392715_32101_32300	HELPU_011559	-1.20649728867976	2.46338369091187	10.7365262563468	0.00376492312372639	0.0421191124305581
jcf7180000357143_50801_51100	HELPU_011569	-3.85851116998611	0.974005542822927	17.4927492195748	0.00045772509661277	0.0122964571607115
jcf7180000348307_4701_4800	HELPU_011573	3.38809709763924	0.537205994781859	12.437479359422	0.00304228544776806	0.0371141007912413
jcf7180000355416_26801_27100	HELPU_011579	-2.78425230361609	3.18265698502562	25.3361137118992	6.33228778417441e-05	0.00403232146099983
jcf7180000347823_31801_31900	HELPU_011601	5.20035290075524	-0.0505007829615015	33.5493735516883	4.62083347605676e-05	0.00338153160461551
jcf7180000348576_36401_36600	HELPU_011605	1.70067105775036	1.09285353084864	21.4317212249831	0.000160837672896293	0.00683736411011246
jcf7180000347423_58101_58700	HELPU_011607	-5.00201162647682	2.75627894785884	62.7568450831861	1.33951295397643e-07	0.000146948809452121
jcf7180000417391_57001_57200	HELPU_011613	-2.68679133556619	0.758080139269155	17.8899584304603	0.00040984688276992	0.011590759586408
jcf7180000351684_10901_11200	HELPU_011620	-4.37593470476907	0.575678136028072	33.9069262471908	1.06303902376534e-05	0.00151108227523591
jcf7180000351684_29201_29400	HELPU_011621	-1.88776653871632	0.549233272911935	17.349485473328	0.000475617501365238	0.0125707939525275
jcf7180000351684_62101_62200	HELPU_011623	-3.93354785967536	1.11809922325096	10.2407520356148	0.00470486968464	0.0480949016340235
jcf7180000358133_48801_48900	HELPU_011631	-6.28922500134984	-0.453835592627929	25.3443863114937	0.000120882332838837	0.0058098681345033
jcf7180000420502_21901_22100	HELPU_011636	-6.277740924754	-0.202348163618873	19.0819866884289	0.000369052661288417	0.0109069173507239
jcf7180000420502_33901_34200	HELPU_011637	1.31196348818076	1.09607468292334	10.5916890190828	0.00395931529311726	0.0433971682788036
jcf7180000358960_21601_21800	HELPU_011645	8.00191824743612	0.510640015889384	25.1744107868383	8.89079422158636e-05	0.00488278685812567
jcf7180000353539_18001_18100	HELPU_011655	8.31653568001401	1.85923566939314	10.9016483717274	0.00420473102422198	0.045007847944168
jcf7180000393532_29401_29900	HELPU_011697	-3.39023405926548	2.1007177299882	15.8954962212054	0.000723317984002921	0.0161049479224621
jcf7180000348739_32001_32400	HELPU_011704	-2.96176820838255	1.00047861418662	16.0593892716261	0.000689438370910841	0.0156424447206089
jcf7180000348739_39701_40700	HELPU_011705	1.21328700022249	2.6200522172987	17.5107102825466	0.000454594919201038	0.0122468264599319
jcf7180000351055_9001_9200	HELPU_011707	2.36914506426933	1.17057798437926	30.6239006688748	2.02101684687935e-05	0.00215885781193907
jcf7180000351055_36701_37100	HELPU_011708	1.61988944687997	0.910291727636509	11.9255823367441	0.00250701766963816	0.0330713190282986
jcf7180000348456_36501_36700	HELPU_011713	-1.31891275191884	2.23696272967848	12.9535513086461	0.00178671300002616	0.0270504150749015
jcf7180000420525_14201_14600	HELPU_011717	1.46185840841191	1.02307832919649	14.0776196153604	0.00125066233220961	0.0220494388154613
jcf7180000350036_72801_72900	HELPU_011719	-7.67375362280694	0.336936918948878	12.8662355737424	0.00296388488579302	0.0365385493751846
jcf7180000350036_82701_83100	HELPU_011720	1.28431488892339	2.33436510374969	11.2595734775796	0.00314009675840078	0.0378056277171755
jcf7180000362047_35301_35400	HELPU_011725	1.8710148267864	0.22776646629314	10.6739165198003	0.00385020295026044	0.0427028879161373
jcf7180000350318_78401_78800	HELPU_011729	2.92864447929067	2.42765366729993	12.0452978614343	0.00240892544731664	0.0322556817866656
jcf7180000351608_3901_4000	HELPU_011732	4.03803557010067	0.433317914579934	20.0583122082545	0.000229058283205183	0.00839519857755737
jcf7180000349870_7201_7300	HELPU_011738	5.17867992871209	1.10783422854	14.5711240996438	0.0015113902436071	0.0246654306481483
jcf7180000372533_26801_26900	HELPU_011755	-5.33894823446155	0.39200116176822	32.9244221414428	1.28411327052719e-05	0.00167641163052548
jcf7180000371219_115101_115300	HELPU_011759	2.07861634813939	0.866780471597261	13.7482465672441	0.00138822592292604	0.0234076285645457
jcf7180000371219_137301_137900	HELPU_011760	-2.45625566734589	3.04081231674284	18.3745394121898	0.000358772744340945	0.0107468454677185
jcf7180000349309_7901_8100	HELPU_011761	-2.02638887415059	0.26299330263386	10.2842242998625	0.00441887372279374	0.0463637768342665
jcf7180000421427_138601_138900	HELPU_011775	2.00896665023778	1.08442513861149	11.311880759862	0.00308637009406517	0.037427247740009
jcf7180000394843_97801_98000	HELPU_011781	2.31253011379818	2.09737444613908	29.9970060072284	2.30579054603682e-05	0.00232549531242848
jcf7180000353944_49401_49800	HELPU_011791	-3.05890962778358	3.13387217467643	14.4864870225436	0.00110383932921191	0.0205124845055396
jcf7180000357182_25201_25600	HELPU_011795	1.6507840984838	2.85065867293028	16.8516832083587	0.000548564943674939	0.0136451420861469
jcf7180000413391_33001_33100	HELPU_011834	5.68605437819309	-0.352790960839974	18.4807152101946	0.000630031542949909	0.0148354196606802
jcf7180000365244_21301_21500	HELPU_011838	-1.046361510103	1.97693630648307	11.5561787067022	0.00283669314459978	0.035573796292832
jcf7180000353981_32001_32200	HELPU_011845	4.80992323217422	0.064053134955961	18.5690103316006	0.000340286546417365	0.0104497574473539
jcf7180000413576_35201_35400	HELPU_011857	3.2402215453632	0.864006854440942	25.263431375541	6.43831769146277e-05	0.00406549387436642
jcf7180000413576_47501_47600	HELPU_011859	2.18416355044626	-0.146854845368528	17.9330723463574	0.000404225656496728	0.0114936065819202
jcf7180000366752_1801_2100	HELPU_011861	2.9698137424994	2.55064934076635	42.4520180385629	2.35531762058085e-06	0.000675301861972084
jcf7180000366752_31701_31900	HELPU_011862	2.02490244250999	0.286655160690299	11.9983064701035	0.00307112700694003	0.0373234933710637
jcf7180000365148_32401_32600	HELPU_011867	6.33956798592375	1.30397758334245	24.1524893820177	0.000154598163356889	0.00668393783182244
jcf7180000417795_44901_45000	HELPU_011871	-5.31261334071748	0.0570555038869425	12.967486531345	0.00203728141607661	0.0291693278761597
jcf7180000355377_31001_31200	HELPU_011875	1.94455500546354	1.8332735533208	15.8228837856951	0.00073891281786859	0.016288883391614
jcf7180000351617_38301_38400	HELPU_011879	-2.13715003370541	0.191215300428098	9.94905291514388	0.00498318164271301	0.0497878389973963
jcf7180000351617_46401_46600	HELPU_011880	2.22193263504952	0.384452995246273	13.6843135887715	0.00141643501131636	0.0236949673511455
jcf7180000348025_39101_39600	HELPU_011891	-3.09799579391726	0.526102519707837	16.178744110216	0.000665869032948221	0.0153166454786589
jcf7180000351053_13901_14900	HELPU_011893	3.29146139557513	2.49149135934776	36.0910893959343	7.07231676625453e-06	0.00121663812276756
jcf7180000351053_26501_27200	HELPU_011895	-3.28978464622775	3.74708293563867	42.1794839328703	2.46297512732471e-06	0.000688928297650621
jcf7180000349075_62101_62400	HELPU_011900	7.40829230321523	0.926685060858973	36.6674614899835	9.98071450326099e-06	0.00145261489483005
jcf7180000417409_23101_23300	HELPU_011906	6.04357979899038	-0.780386597212442	11.0365667365254	0.00430282884624856	0.0456579986642625
jcf7180000417409_93901_94100	HELPU_011908	-2.25195407400434	0.974869805751066	13.5554001457955	0.00147526416956564	0.0242903822888122
jcf7180000413266_29201_29300	HELPU_011916	-8.50107488821641	0.434459618245608	25.336356352148	0.000697692902609813	0.0157675623335822
jcf7180000367552_27401_27500	HELPU_011920	-7.56377197261723	-0.184020200760157	22.3503658809577	0.000799415495027969	0.0170013500144324
jcf7180000350388_1301_1600	HELPU_011925	-1.5925390757435	0.961300192206052	12.9788321280313	0.00177141926755603	0.0269239748765334
jcf7180000370388_23701_24300	HELPU_011933	-2.15424562036114	2.80569200426511	27.0381000284601	4.32593699322411e-05	0.0032564130227548
jcf7180000347608_6001_6100	HELPU_011935	1.82259500384033	0.863707372288983	15.5342874685257	0.000803401010148592	0.0170259689142977
jcf7180000347608_31801_32000	HELPU_011936	-2.37807766973269	2.06017230142088	21.0640087731209	0.000176893456819337	0.00721547453095875
jcf7180000347608_253701_254100	HELPU_011938	-1.48040550454309	2.10803635686845	13.3228753957688	0.0015875068362958	0.025386877562317
jcf7180000413338_68501_68700	HELPU_011945	2.80703935283162	1.76114764741904	23.8586326680348	8.92515622738537e-05	0.00489588691077293
jcf7180000394597_47401_47500	HELPU_011952	3.0492551634332	0.21752957748047	15.1740701062436	0.000895988534572998	0.0181637276517899
jcf7180000349036_16201_16400	HELPU_011978	-1.65117048120896	0.541294614678974	11.1280770373493	0.00328626103990265	0.0389149119760293
jcf7180000349036_51201_51300	HELPU_011979	2.34274596441235	-0.020810094563077	10.4438739079102	0.00417533595842778	0.0448383680475627
jcf7180000393039_20501_20700	HELPU_011984	-3.99369885009527	0.558942003773371	12.9488581580366	0.00204905098478075	0.0292700192804592
jcf7180000348413_213701_214200	HELPU_011996	-1.50083245059474	2.62613476859182	16.4914928722954	0.000607682124965447	0.0145010887284411
jcf7180000364165_17901_18300	HELPU_012025	-4.85138824558974	1.34241426586671	16.6049136861443	0.000588698310319188	0.0142198592452179
jcf7180000352620_93301_93600	HELPU_012027	1.44443088662635	2.93993082772023	25.3191174330165	6.33879620529023e-05	0.00403377485685703
jcf7180000393977_5701_5800	HELPU_012029	6.98232254637955	-0.415705933300185	25.8324393737885	0.000134053534369862	0.00617605785571119
jcf7180000393977_22501_22700	HELPU_012030	-1.52601117699842	2.67905832789539	14.6185000637282	0.0010601201878399	0.0200413863799365
jcf7180000393977_60901_61300	HELPU_012031	-2.35712865268111	2.38072241488657	31.48787446039	1.70340443365673e-05	0.00195786926853529
jcf7180000351896_4601_4900	HELPU_012052	2.2265641876803	3.26645696285945	19.8306705713681	0.000243091883758459	0.00869028924963826
jcf7180000351291_4401_4600	HELPU_012057	4.1690721970502	-0.380216326532684	13.3466092642146	0.00234586632688209	0.0317317333841726
jcf7180000413891_46501_46600	HELPU_012071	4.97221350100847	-0.260692986970493	20.2817146591361	0.000273647084550053	0.00924377892158985
jcf7180000361576_10801_11000	HELPU_012075	1.54580429116453	1.55767649991337	12.0647072574966	0.00239339263246647	0.0321259441825817
jcf7180000361576_24001_24600	HELPU_012076	1.81791435330216	1.7138770411318	19.1414202095047	0.000291419892670291	0.00956037438166463
jcf7180000361576_35801_36000	HELPU_012077	4.95883155472734	0.844785333365143	12.1669648955191	0.00231336918507273	0.0314631015187816
jcf7180000420585_104301_104400	HELPU_012085	-5.15428602562049	-0.181256376195608	14.741044969545	0.00119754524962642	0.0215144091799831
jcf7180000413326_6501_7000	HELPU_012108	1.823126520789	1.79835539917268	21.4180819898424	0.000161571322767281	0.00685707353182159
jcf7180000417374_120401_120500	HELPU_012113	-2.95378066377117	0.514267063616494	17.2596033233611	0.000488683503877574	0.0127595396504231
jcf7180000350970_23301_23700	HELPU_012122	1.02785958338087	2.63370771175344	12.0909905011961	0.00236983984082198	0.0319189621466719
jcf7180000349169_17301_17500	HELPU_012137	-2.59065898710535	0.83605669393769	17.4653833790905	0.000461244187908805	0.0123550723847522
jcf7180000362868_33301_33500	HELPU_012152	1.55209582291623	2.49627268467323	10.2428258374079	0.00448457214339582	0.0467580275523929
jcf7180000416172_86501_86600	HELPU_012156	-6.94969757000131	-0.294656013925489	11.550452220231	0.00473864540664905	0.0483033555603497
jcf7180000392798_24701_24900	HELPU_012158	1.89123027864804	1.71523374948539	22.2249214478407	0.000132035549155435	0.00611653667118611
jcf7180000392798_80001_80200	HELPU_012161	2.66200362922651	1.27627689878181	29.0753558385414	2.79305708335946e-05	0.00256166173940249
jcf7180000413484_18901_19000	HELPU_012169	-5.36856939680215	0.37831978435186	22.1552098246994	0.000174905511860174	0.00718246036495686
jcf7180000355089_14601_14800	HELPU_012171	-4.98220912534174	-0.0455545521747782	13.4936086546294	0.00150441678099212	0.0245908568926114
jcf7180000355089_24301_24600	HELPU_012172	-4.01781681964241	0.635920154981863	18.5271711447206	0.00034417317297638	0.0105208303682363
jcf7180000382570_16001_16800	HELPU_012179	1.8779289379673	1.86408643223771	10.5427516828572	0.0040319935016595	0.0438936643395498
jcf7180000352220_48401_48500	HELPU_012185	2.32316450434936	-0.0496538529210682	15.3545918945865	0.00110049719348508	0.0204842805847643
jcf7180000393557_40501_40800	HELPU_012190	-2.0401029488694	2.22395413182307	38.2879115387612	4.74979804120222e-06	0.000992319769181202
jcf7180000392849_101301_101500	HELPU_012207	2.68788607789776	1.94651991403794	14.1779134164396	0.00121401642728961	0.0216895635740569
jcf7180000392849_209901_210000	HELPU_012208	-4.44945777116307	0.390388624318191	17.3750359791835	0.000473076125456878	0.0125328067439322
jcf7180000348193_30001_30100	HELPU_012217	5.9116116614344	0.386843538481652	11.5040412683062	0.00401387508092506	0.0437807386825637
jcf7180000393402_95601_95900	HELPU_012238	-4.81552993867914	-0.184870509079753	12.1542764412245	0.00232313577803637	0.0315404470538761
jcf7180000393402_102001_102200	HELPU_012239	-1.22072533604114	1.99463273730004	11.8570597157211	0.00256266119368249	0.0335182135130779
jcf7180000354341_21601_21800	HELPU_012254	3.5718170736138	0.780878678484579	27.1073252816087	4.26072486780781e-05	0.0032365519388595
jcf7180000347410_20401_20700	HELPU_012264	3.39135510942803	0.806892072801667	20.3167136305044	0.000214201519239722	0.00804841906746372
jcf7180000393432_52501_52900	HELPU_012274	5.30880354470371	1.0906299437867	41.4857317964564	2.76228434426699e-06	0.000738742126867752
jcf7180000393432_64901_65200	HELPU_012276	2.19360245858509	1.87689652143356	25.9694260064669	5.48570732091566e-05	0.00371806599812567
jcf7180000356455_9501_9800	HELPU_012280	2.80956183113633	0.728111130657155	14.4079675918963	0.00113078603608335	0.0208002352975093
jcf7180000355853_30201_30900	HELPU_012297	2.29238419404578	2.6611655724988	15.3054252856681	0.000861425672398809	0.0177242773830298
jcf7180000360233_26401_26500	HELPU_012300	-2.15622239000096	1.1873593144009	18.5005171858922	0.000346318594687689	0.0105462680118832
jcf7180000413329_40901_41300	HELPU_012301	-2.83880295054484	0.344456659474738	14.7288205379192	0.00102505108244441	0.019674482770978
jcf7180000413329_120601_121100	HELPU_012305	-4.66407268498374	3.80827312637733	35.9515369885929	7.25528973986665e-06	0.0012303794400952
jcf7180000352839_20701_21100	HELPU_012308	1.88269258514219	0.564480493177249	19.0685208215562	0.000296835583517845	0.00965847961965461
jcf7180000351255_36401_36600	HELPU_012330	-3.33605218083828	1.08634216156928	42.9505354846699	2.16592574452006e-06	0.000651659257589966
jcf7180000351255_38601_39100	HELPU_012331	2.21267996961955	0.791927335383536	25.251801232263	6.4371268328084e-05	0.00406549387436642
jcf7180000392708_16001_16100	HELPU_012338	-2.96453927497418	-0.0960822491156153	35.942048982566	7.23775020996655e-06	0.0012303794400952
jcf7180000392708_18801_19400	HELPU_012339	-2.70600475798084	1.89689389215367	48.0587019422041	9.73983900113676e-07	0.000424280846964201
jcf7180000392708_20601_20800	HELPU_012340	-2.0426788348516	1.1587510857439	18.8192130713667	0.000317509847233699	0.0100323654730951
jcf7180000362364_13501_13800	HELPU_012350	-1.30553178709081	3.43240890582609	11.8342478130453	0.00258522914796964	0.0336828465827391
jcf7180000396864_37301_37700	HELPU_012359	1.30032200140001	1.08465130088518	11.280875884203	0.00311610895190269	0.037622760300343
jcf7180000422586_27601_27700	HELPU_012361	-1.14590437827614	2.96736002070708	15.9729285981083	0.000705930634819339	0.015872328592464
jcf7180000393832_16701_17000	HELPU_012366	-1.75202376926457	2.38402576676175	10.7028682669719	0.00381131380590043	0.0424492066722664
jcf7180000394617_39201_39500	HELPU_012385	-3.17915759369954	2.78733227058931	34.7361353520139	9.08858147942865e-06	0.00138140267956943
jcf7180000347970_48501_48700	HELPU_012393	-2.38156894545833	-0.0852426472786317	10.7067215472133	0.00380617087360217	0.0424148972809885
jcf7180000365076_9001_9400	HELPU_012395	3.81895433449987	2.68604405469998	20.0089186249379	0.000232025623905335	0.00845311668510982
jcf7180000353502_20801_21000	HELPU_012403	-2.83859257186855	0.590413262747223	22.6722972860811	0.000118631791557168	0.00575093197945669
jcf7180000348902_8801_9700	HELPU_012418	-1.17700440701085	3.4640550865779	13.8321044557954	0.00135032639412876	0.023057704667409
jcf7180000396620_66101_66200	HELPU_012427	5.40556742685678	-0.300528629654573	14.9195390769805	0.00113721316465519	0.0208720078888051
jcf7180000347507_89601_90100	HELPU_012433	3.0642512754943	1.04636276216224	28.3663237063434	3.24528486903114e-05	0.00278387903318952
jcf7180000393462_16901_17000	HELPU_012434	3.00687896215736	0.227024214591208	27.2740052783685	4.10810643966945e-05	0.00315649188222808
jcf7180000393462_181701_182000	HELPU_012438	-3.55227050253434	0.647564952522571	47.4965185984192	1.06000990195992e-06	0.000447150892766826
jcf7180000359043_10701_10900	HELPU_012447	-1.86696184967755	3.53651292383289	11.5676224994958	0.00282872301241635	0.0355225322013428
jcf7180000418328_37601_37800	HELPU_012456	8.06679285595302	1.38200869829866	68.9022985472593	2.16757639684387e-07	0.000187568702301752
jcf7180000418328_72701_73100	HELPU_012457	-3.32557633503605	0.389467971781859	18.0970741313506	0.000387095917708839	0.0112141926187509
jcf7180000362492_22901_23100	HELPU_012464	4.89501175812828	0.656209147389415	18.0691568389135	0.000390079615861883	0.0112687175121
jcf7180000421879_67301_67500	HELPU_012469	-8.03515700481784	0.0335295936231456	38.365971465695	7.52744077600441e-06	0.00124887903415824
jcf7180000413507_115101_115300	HELPU_012482	-4.71283136645723	0.213121062094669	21.5899952976843	0.000154945562703798	0.00669087783635772
jcf7180000413507_121701_122000	HELPU_012483	3.23422810386049	1.30531977349461	29.7047671190643	2.44931858756312e-05	0.00239600742855172
jcf7180000357316_9201_9400	HELPU_012488	2.61129504239215	0.725494493356474	17.9452685096338	0.000403630154877943	0.0114829732192317
jcf7180000417729_11701_11800	HELPU_012508	4.49737309143436	1.97409350793657	12.7968655920769	0.00200506785491822	0.0289278985785857
jcf7180000348309_36001_36400	HELPU_012518	-5.53967576537718	-0.399195691039548	12.6401778392302	0.00225557388647167	0.0310186893403313
jcf7180000350355_31501_31700	HELPU_012523	-1.50949527447995	0.731394355978098	11.4485678145563	0.00294246273670143	0.0363808534485859
jcf7180000368475_32401_32500	HELPU_012525	-5.66497374302903	1.28181307956389	27.3316523525388	4.05673247244587e-05	0.00314382497804452
jcf7180000355752_12901_13000	HELPU_012531	5.6807071558971	0.35793657626845	10.9942896960143	0.00407942649981542	0.044221212640194
jcf7180000393207_9201_9500	HELPU_012549	1.72106715660019	1.45419299337714	18.76858493835	0.000321756396551776	0.0101218802191253
jcf7180000349768_20701_21000	HELPU_012556	4.39857286471033	1.50256707801394	12.7560214205622	0.00190635471496989	0.0281027571400451
jcf7180000413470_48801_48900	HELPU_012567	3.25157637239789	1.08219675302477	25.4168888208281	6.21670402970765e-05	0.00400028627942382
jcf7180000393827_29401_30000	HELPU_012580	1.15808489175155	2.28331678332723	12.5829911439632	0.00201459950008103	0.0290043094536211
jcf7180000351642_11601_11900	HELPU_012583	1.55436622655813	3.71130082026589	22.6637093862776	0.000118581846650882	0.00574996488753551
jcf7180000347681_35801_36000	HELPU_012588	3.64315026093471	0.0907727139690814	27.4984602420109	3.91202085275458e-05	0.00307831977140642
jcf7180000350590_4501_4600	HELPU_012591	-2.49582038579361	-0.242797258069658	11.248986466527	0.00315040005096893	0.0378808461189235
jcf7180000350590_52901_53100	HELPU_012593	-1.90610488085128	1.18695037572589	20.4474373188515	0.000206633119060496	0.00788086609762192
jcf7180000350590_72001_72300	HELPU_012594	-3.18259082970534	-0.0429047599890471	11.8683354051424	0.00255581027365905	0.0334714036511061
jcf7180000355129_38601_38700	HELPU_012602	-4.94893137672749	0.244161776733022	19.8085609924389	0.000244504638561088	0.00871437990604289
jcf7180000355129_50201_50700	HELPU_012603	1.20824736355369	1.46442604891264	11.0398332659387	0.00338595215005116	0.0396090715328856
jcf7180000353974_3501_3700	HELPU_012617	5.88579371287911	-0.797077680316121	11.2076305954919	0.00357494871577577	0.0408617471278888
jcf7180000353537_34101_34300	HELPU_012624	2.55274874326876	0.879342185254954	18.8929178774204	0.000311785340262505	0.00992153534666909
jcf7180000350568_46701_47500	HELPU_012657	-2.08131517336044	2.91313263323583	36.4608172020299	6.58379867324701e-06	0.00117934815671177
jcf7180000417369_97301_97600	HELPU_012662	-4.80457750447308	3.35904033710091	72.4242355123731	4.36661787968238e-08	8.13129023702365e-05
jcf7180000417369_113301_113400	HELPU_012664	3.86624678397888	0.927990918348562	16.7319104197795	0.000567653569865865	0.0139407793068653
jcf7180000421930_45101_45400	HELPU_012667	2.71321101038852	-0.159756284255917	10.9461664260097	0.00350059973787832	0.040345496584632
jcf7180000347105_43901_44200	HELPU_012671	1.09255496626407	3.74965517337502	10.081582918057	0.00474858341550104	0.0483539202697897
jcf7180000366678_31201_31500	HELPU_012683	1.59922338795502	1.23808925739306	13.3675353878048	0.00156472698012798	0.0251871448093243
jcf7180000372524_12201_12500	HELPU_012688	1.99787376371579	1.37584875584436	14.257641134919	0.00118442876963591	0.0213581200705431
jcf7180000393482_35501_35700	HELPU_012699	1.84834333415228	0.258514696656428	9.95823649630529	0.00496669273988553	0.0496837530614044
jcf7180000393482_53201_53500	HELPU_012700	1.87448938251401	3.17807051850012	23.2428088506973	0.00010335213821053	0.005334806792436
jcf7180000413953_14701_14800	HELPU_012708	-3.37990593577587	-0.0028707554821739	11.9569974629286	0.00280077291009054	0.035344626264198
jcf7180000413953_33201_33500	HELPU_012709	1.59118249653717	0.270224025051016	12.3090502275387	0.00220448591041908	0.0306189644973139
jcf7180000359030_9601_10200	HELPU_012711	-2.46965958840411	1.84018215344622	34.0518799366465	1.03373194526555e-05	0.00148489839461673
jcf7180000417161_28801_28900	HELPU_012715	1.91093554315192	1.2679091165366	13.2266411148704	0.00163790945211022	0.0258124616582984
jcf7180000417161_121701_122000	HELPU_012717	-1.98522115981625	2.41371764070605	24.259071638916	8.12267551943466e-05	0.00465938645988459
jcf7180000396586_38401_38700	HELPU_012719	2.70036637192024	0.655829045177463	13.377571999625	0.00156089980191179	0.0251481520734722
jcf7180000347455_16601_16800	HELPU_012731	4.03404914116158	-0.589858727406787	9.99565443563158	0.00490013349396584	0.0493055060871269
jcf7180000347455_59401_60000	HELPU_012733	2.6651647244494	2.12828372708851	41.3774105110587	2.80711480362272e-06	0.000744475436904857
jcf7180000353190_52301_52400	HELPU_012744	5.6809401201179	-0.517696101811946	15.8474545058444	0.00107023368138902	0.0201540974792382
jcf7180000353190_61001_61100	HELPU_012746	4.10262586620715	0.347272375500842	11.9034257505232	0.00252591293306077	0.0332236111976725
jcf7180000353190_94201_94500	HELPU_012747	2.41147616724753	2.21101219027146	10.402608268747	0.00423682407170241	0.0452206293182853
jcf7180000418344_35001_35600	HELPU_012758	-1.00245214594809	2.43489150830969	11.5559063621676	0.00283695545205608	0.0355739707234948
jcf7180000393572_27101_27400	HELPU_012763	1.44445728152771	1.74381474561766	17.6341057115892	0.000439197700571466	0.0120242859665058
jcf7180000349727_31601_32000	HELPU_012769	2.58265923575606	1.88941534640415	21.7855945947766	0.000147564694620981	0.0065055429869484
jcf7180000349727_44901_45000	HELPU_012770	3.27567534012973	1.49312982920159	53.381905707792	4.5344987251388e-07	0.000279689773790678
jcf7180000358959_15401_15600	HELPU_012777	4.18637954202501	2.40558187678697	55.4439642808833	3.4301218805032e-07	0.000239629151187047
jcf7180000417323_99801_99900	HELPU_012780	2.58630485428127	0.665975050589542	15.1289583110666	0.000908209906676947	0.0183129770460935
jcf7180000417323_124101_124200	HELPU_012783	2.58630483551028	0.666265155902752	14.7423074532549	0.00102085251931679	0.0196254597322203
jcf7180000347928_36801_37000	HELPU_012796	1.25799547070113	1.27311094799305	12.7894981131143	0.00188342053711497	0.0278950563206076
jcf7180000394251_33201_33400	HELPU_012805	-1.3368822524294	1.97311501352998	14.5076783519642	0.00109510357633557	0.0204303544622593
jcf7180000416684_57901_58400	HELPU_012813	1.14642053156408	2.00555079874376	13.5294686307932	0.00148545896356326	0.0244049302831555
jcf7180000353024_52801_53100	HELPU_012818	1.88161284413834	1.07559234360281	14.1362654111288	0.00122979666788204	0.0218420642519657
jcf7180000351129_55601_55900	HELPU_012825	-5.83292026919019	0.0698450326058823	12.0676983063326	0.00270319997458117	0.0345837842419956
jcf7180000350983_47901_48000	HELPU_012830	4.38299681663079	0.953248975341177	30.5638754569983	2.05306315708731e-05	0.00217797304035202
jcf7180000347265_22801_23200	HELPU_012855	-2.61265835004568	1.35056035865076	29.87938570248	2.35983265002226e-05	0.00235184337664554
jcf7180000347265_69401_69500	HELPU_012856	-2.93887885608697	0.431294239964383	12.8840337563792	0.00182880960246458	0.027407715501783
jcf7180000347742_118201_118600	HELPU_012860	2.59254110935797	2.01344013708669	41.6560875628889	2.6768269784805e-06	0.00072605636455041
jcf7180000421144_138001_138500	HELPU_012867	-1.81969427679074	0.311866722383332	11.3598180010604	0.00303463611001649	0.0370519509392426
jcf7180000392775_28701_29000	HELPU_012881	1.62987810658591	2.27273384903992	19.5061873694558	0.000264282249144681	0.00907100920021132
jcf7180000392603_30801_31000	HELPU_012918	2.49405264577047	1.77737685168289	12.9402554557446	0.00179586159137579	0.0271184757503687
jcf7180000347894_194601_194700	HELPU_012923	6.6722221970986	0.0689560868926475	30.1727167651034	3.93132479561265e-05	0.00309011407034288
jcf7180000365159_12901_13200	HELPU_012933	-6.89029217779756	3.16037172494594	56.7330129387249	2.88718750966742e-07	0.000216093208674294
jcf7180000396574_21201_21600	HELPU_012935	-3.428094201912	0.47796392673381	20.1831315818979	0.000221744550314158	0.00822608811201055
jcf7180000417652_8701_9200	HELPU_012940	-1.29175135794611	0.939712567996384	11.0899245095427	0.00332781029047228	0.0392172276514751
jcf7180000410093_33401_33600	HELPU_012947	-2.55750540399809	-0.180589167362794	10.6692263354841	0.00385389031607372	0.0427297371723365
jcf7180000361627_23801_24300	HELPU_012960	1.49946972639531	1.43010487775882	15.4811344076031	0.000816189318237846	0.0171962766875038
jcf7180000355131_28401_31300	HELPU_012962	-7.61318873969341	8.21276969976132	24.7637177470142	7.22252143376433e-05	0.00436439904368949
jcf7180000412709_149401_149500	HELPU_012964	-2.46906215616084	0.565276692585149	15.9062383646801	0.000721041946112238	0.0160808130109079
jcf7180000347093_29601_29700	HELPU_012978	2.04719300513215	0.202593958697851	10.4784619061392	0.00412273168878578	0.0444919810641591
jcf7180000348350_24001_24200	HELPU_012980	6.25240644683445	0.204253873023805	45.168925685824	2.6285579322924e-06	0.000718406453122819
jcf7180000348350_60601_60800	HELPU_012983	2.82179219096434	1.07733064563406	34.0660082403849	1.03013972263303e-05	0.00148257423651808
jcf7180000421481_27801_28100	HELPU_012989	1.55547255768572	0.623154803012826	10.24512343615	0.00447984314864222	0.0467387183430066
jcf7180000422264_24901_25000	HELPU_012997	2.19328540834699	3.26135384682535	13.8086667599259	0.00136213699840232	0.0231709712579512
jcf7180000420540_63201_63400	HELPU_013019	3.74576071065451	0.405437512359561	24.2177050200243	8.20177296377701e-05	0.00468716924320781
jcf7180000392794_24001_24200	HELPU_013040	4.33436571522274	0.667589257845082	34.5781248148418	9.36227101720496e-06	0.00140840714319589
jcf7180000392480_66801_67000	HELPU_013051	-4.50443108426667	1.46910804433889	26.5514915323085	4.81659959633158e-05	0.00346500463075623
jcf7180000349445_51201_51700	HELPU_013058	1.14443791794741	2.79707233704487	18.0689337158565	0.000389358481949854	0.0112558318439091
jcf7180000416191_39401_39700	HELPU_013064	-2.4858451124492	0.0827987885680674	11.4428268193419	0.00295133987802074	0.0364482139974064
jcf7180000349608_93801_93900	HELPU_013068	6.53707205130972	-0.532919966010951	15.3964682713106	0.00152164805144534	0.0247608843558308
jcf7180000353549_9601_9700	HELPU_013069	6.1344112886286	-0.0930857049276794	19.338131373507	0.000345923378439424	0.0105440717973826
jcf7180000350790_35401_36100	HELPU_013081	-3.11493488556406	3.83697945138483	18.7239265355916	0.00032631175360002	0.0102035476690385
jcf7180000350790_85601_85700	HELPU_013082	-4.6320159779492	2.3901291924306	26.7292048534772	4.63063594135239e-05	0.00338585128050361
jcf7180000418075_46101_46600	HELPU_013089	-3.61087335450525	1.51142663096844	46.3815981633689	1.25981766956024e-06	0.000489614376715239
jcf7180000348299_60501_60600	HELPU_013093	4.37872747275661	-0.0232143363657236	18.0528129267508	0.000391838168044049	0.0112933216903152
jcf7180000347644_33601_33800	HELPU_013104	3.0140440623005	0.56467303849642	10.1086587754466	0.00470506077832001	0.0480949016340235
jcf7180000347644_63101_63200	HELPU_013106	-4.97218686168163	-0.0236333697301017	19.2677960569128	0.000313932418360981	0.00995978919262089
jcf7180000369193_22801_23200	HELPU_013116	-2.02314487195246	2.76819057861608	11.1796644160614	0.00322969596562135	0.0384821384560517
jcf7180000372531_20301_20500	HELPU_013125	2.40757092837755	0.8107773758533	11.7636022736551	0.00264740107539853	0.0341781600112339
jcf7180000349749_34301_34700	HELPU_013138	3.46221382231486	1.79754186751247	23.5327550007908	9.64288672198556e-05	0.00512502753575446
jcf7180000349749_41901_42100	HELPU_013140	-5.37720264641482	-0.0405642738273619	16.1532019647648	0.000731192733657072	0.0162024865482898
jcf7180000350313_62101_62300	HELPU_013143	2.88131363583343	0.648839613937644	10.0411095379119	0.00482060712025904	0.048819150572232
jcf7180000392498_8501_9000	HELPU_013151	-2.68265362936366	3.38524432783965	62.7844016052561	1.3257174591597e-07	0.000146046644105667
jcf7180000392498_67401_67600	HELPU_013154	-1.6377994829213	1.94903361824097	14.8412509994501	0.00099062577420884	0.0192647535677452
jcf7180000354491_20601_21000	HELPU_013165	-1.32805049464962	3.14120960140086	23.0273710545832	0.000108572964044286	0.00546830110292116
jcf7180000350512_29801_30200	HELPU_013186	-2.12536425227302	1.69861842755125	23.3769170798037	0.000100084100635338	0.00523627809527203
jcf7180000348218_1801_2000	HELPU_013190	1.61266983135472	0.348977231422976	10.2787796651544	0.00442560053828444	0.0464054578041879
jcf7180000414704_59401_59700	HELPU_013195	1.55082761570382	1.40881041493016	13.9885130915823	0.00128647848146134	0.0224311688134944
jcf7180000348325_163101_164000	HELPU_013210	-1.43519801367099	1.30558560586892	20.4622151529278	0.00020584738775187	0.00786241495287437
jcf7180000417473_24001_24100	HELPU_013213	2.68157791906775	0.225647459030406	21.9457745571502	0.00014161672344386	0.00637044692628822
jcf7180000354564_30101_30700	HELPU_013219	-3.0903644908064	2.05809035156197	22.8062594936202	0.000114832317224203	0.00563299813762231
jcf7180000349661_43901_44000	HELPU_013224	6.16741745641131	0.941980259137073	16.1694421687751	0.000667673567089155	0.0153427494344387
jcf7180000350572_22501_22800	HELPU_013234	-2.72754799531988	1.21006745571229	16.2685965634559	0.000648712741604761	0.0150855601558518
jcf7180000351683_74101_74400	HELPU_013239	-2.10542528967907	0.0246813182991895	11.4191348575124	0.00297527742986549	0.0366238251924915
jcf7180000421257_24501_24800	HELPU_013243	1.03282941528229	1.98630737227352	13.9823994446263	0.00128831627456626	0.0224498731870286
jcf7180000355744_26801_26900	HELPU_013248	-6.1386647242995	-0.629527791763753	12.2527129469078	0.00295284695562332	0.036462109629174
jcf7180000417634_17101_17400	HELPU_013255	1.59052438799455	0.438709576929948	10.0842139024268	0.00474230556510251	0.04832346778952
jcf7180000355816_60701_61000	HELPU_013260	2.65624468350644	4.30976380059597	14.0898929354865	0.00124763440852288	0.0220219023541167
jcf7180000365180_37701_37800	HELPU_013266	3.18077378323884	1.0095863726467	13.2905830723167	0.00160478252658905	0.0255391179432894
jcf7180000391488_5901_6000	HELPU_013274	1.91709298520159	0.345485053826305	16.7044241546014	0.000571146224916048	0.0139903734181797
jcf7180000391488_15401_16600	HELPU_013276	2.5747005297015	3.99258475067702	15.7538074623257	0.000754093605028133	0.016455324143978
jcf7180000347926_34801_35100	HELPU_013286	-4.08297486369	0.994015482891369	44.3663900978055	1.73025009889905e-06	0.000581678808776241
jcf7180000347926_81201_81400	HELPU_013288	3.41877663090873	2.81202508516172	25.0185688245557	6.81018081529683e-05	0.00421846812366571
jcf7180000349953_51801_51900	HELPU_013291	-2.97986957987278	2.91702315343386	15.3073862410037	0.000860920985940329	0.0177199637280778
jcf7180000348006_37401_37500	HELPU_013309	-4.03307785424852	-0.390003054175712	12.8822703652322	0.00182985378197824	0.0274164110064697
jcf7180000422495_4701_5000	HELPU_013312	-3.56564862131634	-0.00608516551869514	13.1625338556265	0.00167188338953375	0.0261051321202564
jcf7180000348861_45101_45300	HELPU_013328	8.41173765516351	1.94272310739492	17.3030011477543	0.00058651429058102	0.0141898410936946
jcf7180000348861_73701_73800	HELPU_013331	5.9348946980184	-0.259400849986684	21.1124692867339	0.00025660891759621	0.0089220347706154
jcf7180000422117_57001_57200	HELPU_013357	2.30331685265494	1.81149284557265	31.1783605544681	1.80659004673315e-05	0.00202442665031315
jcf7180000393765_23601_23700	HELPU_013362	5.81084714346015	-0.8144890635856	10.8696374542334	0.00400044399145559	0.0436974743017561
jcf7180000355046_34501_34900	HELPU_013365	1.78496586124361	0.97477529479223	18.0913447251883	0.000386964555163208	0.0112126551989613
jcf7180000359052_68901_69600	HELPU_013374	1.24345501067273	1.68108734259479	10.6431028636241	0.0038883588080351	0.0429427717656583
jcf7180000351071_14801_15100	HELPU_013396	2.54919282715014	1.38811694700747	16.5804136308083	0.000592856581459009	0.0142937821597272
jcf7180000350330_2901_3700	HELPU_013404	-1.42935442408366	3.99836016262359	10.7367716045231	0.00376632655422881	0.0421310314498279
jcf7180000359088_24301_24400	HELPU_013418	-3.60016276670953	0.853573096462615	17.0121006568435	0.000524100082493099	0.0132940501530509
jcf7180000357255_12101_12200	HELPU_013420	2.2941607795195	-0.0301309744678338	14.5959525075537	0.00106589440277523	0.0201027810695794
jcf7180000347684_34101_34700	HELPU_013427	1.92628083707292	2.18686748137034	14.6405119763125	0.00105301838170682	0.0199585029127275
jcf7180000347684_34101_34700	HELPU_013428	1.92628083707292	2.18686748137034	14.6405119763125	0.00105301838170682	0.0199585029127275
jcf7180000366078_23101_23400	HELPU_013439	2.39942579006995	1.87018631311572	14.2128382021415	0.00120095611021733	0.0215543740698803
jcf7180000366078_35201_35500	HELPU_013440	2.11663077828409	0.905382284902804	23.3449392649009	0.000100591036268361	0.00525191191127194
jcf7180000413433_19201_19900	HELPU_013466	2.24384783474293	2.01477951385093	30.1697707034701	2.22166390843709e-05	0.00228162254679781
jcf7180000394493_26801_27000	HELPU_013480	-2.43102580115611	3.84405369467988	52.4609476324892	5.14068557955161e-07	0.000295773503160409
jcf7180000421198_40901_42300	HELPU_013485	3.7875411707648	6.68655709149009	18.7890352581838	0.000320628421692647	0.0101007459863406
jcf7180000417501_36601_36900	HELPU_013509	8.69137181453913	0.411693855962354	70.1792964595636	7.83631993860069e-07	0.000379239768456646
jcf7180000392562_9601_9900	HELPU_013510	-2.47717167339988	1.29865303724922	16.6565191264508	0.000580044547756354	0.0141036009915288
jcf7180000355051_29601_30400	HELPU_013519	2.96829737228637	0.612089274334598	45.4598387336884	1.44929028514463e-06	0.000527346564025847
jcf7180000365255_25901_26000	HELPU_013528	4.08159302960005	0.0574984099671837	17.4564472637376	0.000462399782331559	0.012376766886635
jcf7180000365255_48201_48800	HELPU_013531	2.49333106262661	0.817946327985587	35.0870027925069	8.47733006051107e-06	0.00132202792068798
jcf7180000348351_41601_41700	HELPU_013534	6.22869121407071	0.357603587871172	18.3797467211679	0.000358263538745633	0.010738420951475
jcf7180000349981_35501_35700	HELPU_013537	-1.70491114010228	0.140949282373762	13.5154923730186	0.00149205134161011	0.024480941148156
jcf7180000355161_73001_73400	HELPU_013548	-2.33423320873798	0.264017239753474	10.681445650871	0.00384004732727068	0.0426416392946233
jcf7180000417362_45301_45700	HELPU_013558	-2.10709360928748	0.626222283870599	18.462840152315	0.00034988620215675	0.0106127687335974
jcf7180000350547_50201_50300	HELPU_013573	2.00960829105126	-0.211280060013839	10.9397373134789	0.00350554091143862	0.0403813218033633
jcf7180000372708_23501_23600	HELPU_013577	2.76754879281181	-0.359526295586479	15.4062751916782	0.000834583071969207	0.0173997071398728
jcf7180000350828_11701_11800	HELPU_013580	3.59967521150078	-0.825270994433595	10.6562411916667	0.00455258103157116	0.047193322219239
jcf7180000350828_49001_50200	HELPU_013583	-0.883860315269726	3.19014605127294	11.2903018254091	0.00310605250771394	0.0375572991230572
jcf7180000355472_37801_38300	HELPU_013588	1.43051989237859	0.81683627534113	12.0048662300442	0.00243889411812957	0.0324793158626324
jcf7180000422301_47701_48000	HELPU_013592	1.90455093802739	0.361245352099892	13.5272723735872	0.00148807100662999	0.0244373407645958
jcf7180000417185_161601_161700	HELPU_013605	2.04955969843252	0.26388451627238	15.0290085468084	0.000935015395202166	0.0186344040218182
jcf7180000417185_167701_168100	HELPU_013606	-1.6661554517499	1.70475201062811	13.1038604822656	0.00170366216736744	0.0263827229461804
jcf7180000357710_95101_95300	HELPU_013613	-4.35051009439531	2.61262364057922	17.1250869755534	0.000507592426886998	0.0130627292053874
jcf7180000368534_40701_40900	HELPU_013617	-2.29027207159855	0.940544525279697	48.2229274045744	9.50326025083817e-07	0.000418029488260204
jcf7180000354014_1_400	HELPU_013629	3.7105913891426	0.897639336261099	15.8205254108035	0.000739425511723882	0.0162941553351697
jcf7180000352586_21501_21600	HELPU_013634	4.01779530382559	-0.809651876459868	13.4093050282788	0.00192255853472518	0.0282338327228122
jcf7180000354543_13701_13900	HELPU_013638	3.23575426452378	0.922868516419457	15.6570552972487	0.000775939164768074	0.0167016744383201
jcf7180000348071_97001_97800	HELPU_013644	-2.2704140468666	1.87130868092051	10.1991389050909	0.00455508087869729	0.0472084595697253
jcf7180000395715_44001_44200	HELPU_013658	1.5758412203835	2.05029369745342	13.1214161882699	0.00169408407870325	0.0263169226820011
jcf7180000419112_29601_30100	HELPU_013665	-6.24273800690244	0.136547379067831	24.7986431184729	9.64521031828451e-05	0.00512502753575446
jcf7180000347452_301_600	HELPU_013666	2.75543913458734	0.215362038442487	14.4861988647053	0.00110393691335101	0.0205124845055396
jcf7180000353996_20201_20500	HELPU_013673	-1.73356718254264	0.509661579793851	12.9867708972636	0.00176712403097741	0.0268907476930447
jcf7180000417649_17001_17200	HELPU_013676	-2.75679278280677	2.04734736916326	27.8977662936519	3.58817169615763e-05	0.00292889499690892
jcf7180000359990_42301_42600	HELPU_013688	3.61123287107231	0.912692082265152	20.8630263109454	0.000186167462444199	0.00742640002387763
jcf7180000353921_41401_41600	HELPU_013719	3.75464208002412	0.525518456879386	17.0892079549097	0.000512771406478614	0.0131334682682152
jcf7180000416672_17101_17300	HELPU_013736	5.13845199304993	-0.618375269252726	19.7820386163781	0.000402531817574915	0.0114686286548195
jcf7180000418101_33501_33700	HELPU_013752	2.19959702582482	1.6494045664301	26.5851669113248	4.77933048056513e-05	0.00344471386904083
jcf7180000393219_41901_42200	HELPU_013757	1.77148879142586	0.389165785556141	13.1952870835164	0.00165231713835704	0.0259481463341297
jcf7180000350138_28901_29100	HELPU_013772	1.87974259702741	2.04924736791504	13.954867540332	0.00130122408087511	0.0226035335348427
jcf7180000358070_46601_46800	HELPU_013836	3.451922539843	0.0437550686183255	21.0125120564584	0.000179220141637373	0.00727206226218557
jcf7180000349731_18401_18600	HELPU_013838	-3.45031749779643	2.41278019484095	25.0164548965406	6.8134924866912e-05	0.00421879559176531
jcf7180000414534_9101_10000	HELPU_013845	-2.33068218189526	3.93376262098992	20.4079175651483	0.000209214188985339	0.00794591390613359
jcf7180000350139_29901_30200	HELPU_013849	6.07479931529766	-0.435902042284523	19.4209900894532	0.000338790809235255	0.0104213843671438
jcf7180000360081_10901_11000	HELPU_013853	4.81331023645883	0.217998357119842	14.0134807398627	0.00127765483725142	0.0223496839011093
jcf7180000417636_15901_16000	HELPU_013862	-2.92438910607878	0.998505624028822	10.261539562136	0.00445474050923601	0.0465977343342011
jcf7180000360994_3001_3100	HELPU_013864	-3.7173251693034	0.333053755746686	18.3002519120201	0.000366124727819466	0.0108840692698647
jcf7180000360994_15801_16000	HELPU_013866	-1.69687419225543	2.26427340237956	14.2396165190256	0.00119104743283963	0.0214437200984322
jcf7180000352271_3801_4000	HELPU_013870	-5.55409463821583	-0.0483260491127634	12.8617171379934	0.00210512642347714	0.0297657622598256
jcf7180000352196_32701_33500	HELPU_013879	-3.66638105782528	3.40849375855861	27.0795290694305	4.28677863941231e-05	0.00324143792069157
jcf7180000392456_6601_6800	HELPU_013888	2.81500786926389	0.140411089413523	11.6150270213233	0.00278363494968421	0.0352068995250585
jcf7180000392456_17801_18000	HELPU_013889	-1.95892827775047	0.909527385040726	13.3922363588314	0.0015536337862572	0.0250851796429702
jcf7180000392456_33301_33400	HELPU_013890	-2.43513992184733	1.89159392833585	22.7716688937517	0.000115800369746572	0.00566012841389101
jcf7180000350955_13801_14200	HELPU_013894	1.76121899646827	3.01621733344371	22.2166443384378	0.000132475866842148	0.00612511721072428
jcf7180000350955_13801_14200	HELPU_013895	1.76121899646827	3.01621733344371	22.2166443384378	0.000132475866842148	0.00612511721072428
jcf7180000393535_62901_63100	HELPU_013913	2.17429405116869	3.19871682871382	31.3037077312079	1.76467212760465e-05	0.00199739261530899
jcf7180000365294_14201_14500	HELPU_013933	-3.043335033216	3.62747209638403	10.36458781051	0.00429436747920329	0.0456172227401632
jcf7180000348482_100801_101100	HELPU_013944	1.73513786684195	1.41036155088887	14.1207672755253	0.00123572664105644	0.0219066333241241
jcf7180000420476_38401_38500	HELPU_013949	6.064097753871	-0.149694366211653	16.354004105275	0.00083981184534359	0.0174614565908656
jcf7180000417680_121701_121800	HELPU_013958	3.26612972226191	0.779605637062994	16.2247304433704	0.000786415428295772	0.0168298424895751
jcf7180000349741_8901_9900	HELPU_013975	-2.58710452976334	1.20843013702423	11.2019272308355	0.00320505433117962	0.0383118194687373
jcf7180000413978_28201_28700	HELPU_013978	-2.48851218133832	2.70012520148585	50.8216238614365	6.49085349767685e-07	0.000343105071212125
jcf7180000352999_10701_11000	HELPU_013980	-2.6635642747032	1.47490607088311	40.6489124850488	3.16287064092156e-06	0.000796312357813101
jcf7180000421653_50101_50300	HELPU_013989	5.59975554767992	-0.1651555450961	10.4158316211832	0.00466378249767926	0.0478398623297446
jcf7180000417311_92001_92400	HELPU_013997	3.66822425064532	0.253006989827084	23.082420802342	0.000107415954233788	0.00544339755462212
jcf7180000350003_10201_10400	HELPU_013999	2.11722255627058	1.71032018885647	11.9826441432	0.00245983264367468	0.0326473511250548
jcf7180000422312_127501_127800	HELPU_014005	-1.77820216336792	2.02051696707235	11.9627500305251	0.00247624537350816	0.0327907320202415
jcf7180000355176_74801_75200	HELPU_014015	-1.47191353661234	2.42178305268436	9.99236196201413	0.00490595022779923	0.0493328396958942
jcf7180000355730_12001_12200	HELPU_014031	7.00378718065885	0.22329593951582	58.4612470807049	4.57813898632372e-07	0.000280792851271037
jcf7180000417436_45901_46000	HELPU_014054	3.59958844304738	-0.0162009693899593	11.716373240325	0.00284676364816958	0.0356485800487155
jcf7180000347241_42801_43200	HELPU_014061	1.11277447777062	1.53560239734937	9.93052511209731	0.00501227691686107	0.0499652469448288
jcf7180000349671_113201_113400	HELPU_014069	1.73326317725129	2.65933992882775	17.3451684783814	0.000477060974404631	0.0125941257718755
jcf7180000362272_15401_15500	HELPU_014101	-4.98853332266061	0.550476667466415	27.5625389719961	3.85795017423935e-05	0.00305254446010181
jcf7180000414754_27901_28400	HELPU_014106	-2.30834771213708	0.151114319523125	11.4227068833976	0.00297165463707362	0.0365886653799203
jcf7180000352612_25301_25500	HELPU_014109	3.67447567511693	2.99059468170301	10.6228381327984	0.00391989184928582	0.0431397870803774
jcf7180000348559_9201_9300	HELPU_014124	2.72450703699113	0.640047196818553	15.7309360956957	0.00075919568428852	0.0165100707815434
jcf7180000420652_45501_45600	HELPU_014127	3.93855312479753	-0.177087912957297	12.734310208831	0.00204540844103438	0.0292403774975122
jcf7180000413302_3001_3500	HELPU_014128	-1.89827888393565	0.549032312880424	11.7368479437613	0.0026713774225232	0.0343395844628423
jcf7180000356927_20201_20600	HELPU_014142	1.13047075534599	3.12171104238114	12.4721250965768	0.00208917499116785	0.0296312745270765
jcf7180000352314_59301_59700	HELPU_014146	-3.80430386807084	0.0042268074156323	23.3652385545036	0.000100364114290794	0.00524216841203792
jcf7180000347764_12201_12300	HELPU_014152	2.87833339907674	-0.0959732880453023	10.6141900593251	0.00393182886373758	0.0432247126109098
jcf7180000348354_12501_12700	HELPU_014158	-6.97898275162579	-0.504053785944031	19.0741147184645	0.000757470481312702	0.0164925881832728
jcf7180000417187_25901_26000	HELPU_014169	-8.04428570911298	0.9166744380367	19.5863310456195	0.000325042583771927	0.0101738577359897
jcf7180000417187_54401_54700	HELPU_014170	2.8734048537994	1.7050022798637	34.1580480792565	1.01350455720597e-05	0.00146613671619613
jcf7180000349939_69701_69900	HELPU_014183	-3.20723145934013	0.133463397065647	10.1529660426017	0.00463094275296651	0.0476395158533182
jcf7180000422253_25301_25400	HELPU_014184	-4.65242800826071	-0.537825565493586	12.564605907967	0.00215946865949932	0.0302608049941574
jcf7180000348504_35901_36200	HELPU_014194	2.19915470177387	1.59033199518667	12.5203360888446	0.00205882722982953	0.029359827056097
jcf7180000413950_46401_46800	HELPU_014197	-3.53092951635839	0.115571405422787	24.0485728825757	8.511189662579e-05	0.0047764822546531
jcf7180000413559_43701_43800	HELPU_014202	-3.57282433972521	0.0455324244456686	18.4720793886564	0.00034936580862513	0.0106015256348205
jcf7180000356504_25201_25400	HELPU_014205	2.09656786747914	1.71369905840428	20.6185921379251	0.000197997041200248	0.00769493874082273
jcf7180000355406_57201_57300	HELPU_014211	5.2964263302428	1.0533968891399	16.190370444316	0.00109999764513538	0.0204829687623971
jcf7180000353608_26301_26600	HELPU_014219	-1.6793680431875	1.17118420336216	10.5229246587661	0.0040602929833025	0.0440764071662904
jcf7180000413777_34601_35000	HELPU_014236	-1.33574978485891	1.3490812783256	10.1603610739355	0.00461599847485008	0.0475558087603727
jcf7180000422400_23801_24100	HELPU_014238	2.71813538029327	0.179296408616251	19.9440776407443	0.000235476973638183	0.00853397356600127
jcf7180000356474_8501_9100	HELPU_014246	2.39300667681251	2.00766980096241	37.7605095634352	5.21351193385095e-06	0.00103914602859668
jcf7180000349601_33601_33700	HELPU_014265	-5.65115147393017	0.122197381041066	11.1323776234294	0.00366510656708741	0.0414626948788051
jcf7180000351887_37601_37700	HELPU_014269	-1.4360003399844	1.3023238730493	11.5158585394088	0.00287582158458832	0.0358697504358508
jcf7180000359813_41901_42000	HELPU_014271	6.88642198507835	0.679340747924811	13.3703607872993	0.00212241641804923	0.0299422433814011
jcf7180000348246_35301_35900	HELPU_014274	2.50769310934075	1.48865819364207	10.9310281199834	0.00351965367809969	0.0404885274130311
jcf7180000359009_24201_24300	HELPU_014280	2.03809268985249	1.05576980315251	11.5115914533089	0.00288306301413178	0.0359272173134098
jcf7180000359009_28401_29000	HELPU_014281	2.13440531931894	1.5409823369921	10.9113912604252	0.00354375619186773	0.0406428184795461
jcf7180000353478_18201_18400	HELPU_014289	-5.35639630144769	0.125527358201649	17.4000163416987	0.000637501985896057	0.0149303948733201
jcf7180000363890_20101_21000	HELPU_014293	-1.87680083762195	3.67914093956012	9.97912278465206	0.00492941711938266	0.0494497842882581
jcf7180000354219_11201_11400	HELPU_014304	1.47972301259389	1.22724105150417	10.5311747597371	0.00404849076553824	0.0440021240526794
jcf7180000368689_29001_29100	HELPU_014321	2.22464245682457	0.22823366095162	13.9688267661943	0.00129556755673089	0.0225364708230147
jcf7180000355119_30801_31900	HELPU_014344	-1.44214921104701	2.54746263958596	11.0215569030772	0.00341086413544398	0.0397608392707995
jcf7180000416679_33201_33400	HELPU_014347	3.30187757723772	0.347543648648486	15.028509148171	0.000936090187624942	0.0186506332895694
jcf7180000414582_8901_10300	HELPU_014352	0.932792276868321	3.38579229199122	10.0845740952099	0.00474169212700383	0.0483189359207815
jcf7180000422248_68801_69800	HELPU_014355	-2.7204901458553	1.41044304145322	12.1773275824453	0.00230542652420947	0.0313982408373233
jcf7180000347197_15201_15400	HELPU_014359	2.27311706408646	0.644355417122767	18.7791042676791	0.000321488192209473	0.010118053379208
jcf7180000347844_49501_49800	HELPU_014365	-3.33570014139677	0.676361078526424	11.1906384041749	0.00321752323190744	0.038396197264626
jcf7180000349943_66701_66900	HELPU_014380	4.24192608934173	-0.554187906438513	10.6843931210958	0.00425273304301226	0.0453410443292022
jcf7180000349943_133501_133700	HELPU_014382	-3.49119336584332	0.436999152547246	30.0524663511551	2.27961199637481e-05	0.00231130062048017
jcf7180000348185_39301_39600	HELPU_014389	1.81796118792869	1.090071796092	13.4458226975711	0.00152739889842276	0.024812175832494
jcf7180000348185_43501_43700	HELPU_014390	1.46671005947648	1.83722144285587	15.320575550364	0.000856204822830757	0.0176622382995279
jcf7180000349985_30301_30500	HELPU_014397	5.77249389057627	-0.495224835500651	13.3278231400946	0.00182385203164406	0.0273694381446908
jcf7180000358542_55401_55600	HELPU_014405	1.68917699607265	1.4999785145765	15.7969950427315	0.000744206649934172	0.0163429332301384
jcf7180000350336_11701_11900	HELPU_014412	4.47681341112156	-0.515482165389811	12.0330743978076	0.00273330299934187	0.0348036993655036
jcf7180000351533_51001_51200	HELPU_014413	-3.26901820282976	0.619869453746176	31.708027568665	1.63084284796689e-05	0.00191677236115967
jcf7180000353032_4901_5200	HELPU_014417	5.62049913223343	1.15772605284937	31.6683582377923	1.64376673430332e-05	0.00192642870051677
jcf7180000352995_22301_24300	HELPU_014422	-2.88185529560187	3.75529162925917	29.58831840057	2.50922871926872e-05	0.00242779754149741
jcf7180000347495_40801_41000	HELPU_014443	2.0939987547883	-0.0595013854079639	18.7251152495704	0.000325555961150723	0.0101876999109055
jcf7180000352683_15001_15600	HELPU_014457	-2.4327110412535	3.12989964889862	11.6549822115743	0.00274625039263687	0.0348941991980023
jcf7180000356197_21801_22100	HELPU_014463	2.06913441369166	0.699518889489885	16.9882546605708	0.000527659293439396	0.0133323807729328
jcf7180000363807_6901_7300	HELPU_014473	-3.26000788200514	-0.0933031245627197	14.5396917335129	0.00126993160661142	0.0222676890288881
jcf7180000363807_11001_11600	HELPU_014474	-1.1767499036583	4.39329939777347	14.1262801844015	0.00123189110604995	0.0218684148641195
jcf7180000347373_12501_12600	HELPU_014480	6.18305768318301	-0.111571341780231	23.2750930438519	0.000185689447335795	0.00741481546522371
jcf7180000348133_58201_58800	HELPU_014489	-2.54856233904457	3.12793367903554	23.1117430162663	0.000106660037218056	0.00542249103305929
jcf7180000357168_30401_30600	HELPU_014491	2.82464743620054	-0.143370219387582	12.4652700866873	0.00209636661780806	0.0296961424945058
jcf7180000358217_33601_33900	HELPU_014497	-3.57025676193109	0.387355562148404	10.0606980277333	0.00478677881985829	0.0486089022560998
jcf7180000417738_8301_8600	HELPU_014501	-2.78368626929792	2.20317038749774	12.5743769078943	0.00202270913128186	0.0290580062706884
jcf7180000353550_23101_23600	HELPU_014514	1.75745874495725	3.43110113155732	23.8080013948353	9.0201637298711e-05	0.00492962876675403
jcf7180000355067_46001_46200	HELPU_014519	-3.11948252326863	0.787343141472376	16.4966463431177	0.000607320914920294	0.0144960923081563
jcf7180000350532_86601_86800	HELPU_014528	1.61577039408552	2.61290856364772	10.6272071578312	0.00391387654061326	0.0431211034744973
jcf7180000359918_5601_5800	HELPU_014532	-2.51348446356177	1.29229937876441	10.4540771232551	0.00416028578177026	0.0447472089979388
jcf7180000359918_79701_79900	HELPU_014534	-2.10515198973502	0.497206499065401	14.666144984243	0.00104481449383935	0.0198753457545941
jcf7180000372956_5501_5800	HELPU_014535	1.11288974815479	2.1338656353861	12.2162875450915	0.00227321235043904	0.0311277280219665
jcf7180000418051_36001_36100	HELPU_014550	-2.39413373889223	1.10772000642962	17.1943534369279	0.000497756702641129	0.0129031870701322
jcf7180000417838_70401_70600	HELPU_014558	2.58381384365492	0.0797660782125259	13.4715787575161	0.00151376304699819	0.0246847189453964
jcf7180000355856_25601_26000	HELPU_014562	1.94409744118489	2.40999671637409	17.4380598609004	0.00046478765998096	0.0124093712793966
jcf7180000347491_15401_15500	HELPU_014569	3.6885556918895	1.52075663025435	29.6256964854092	2.48982450296937e-05	0.0024196250999483
jcf7180000355849_26501_26600	HELPU_014574	5.10764344855465	0.530434025370977	14.6159371355637	0.00106095051305051	0.020049143801644
jcf7180000349610_42401_42500	HELPU_014603	4.61740934887508	-0.304662807762569	15.4188116048438	0.000832773437687859	0.0173740838689359
jcf7180000351309_77501_78100	HELPU_014608	-1.07815466000854	2.89013574291129	10.8074850282121	0.00367079360216474	0.0414939184295845
jcf7180000351889_30801_31000	HELPU_014611	-2.55099457919944	1.26617379049292	15.9020203681082	0.000721934707509111	0.0160944576951831
jcf7180000351889_43301_45100	HELPU_014613	-1.74671038382945	2.77014490827649	18.7653409644901	0.000322683952243968	0.0101371618780561
jcf7180000351295_60701_61200	HELPU_014621	-1.94045054010391	2.73497134891387	23.1460307950094	0.000105783538182229	0.00540452303593277
jcf7180000349592_45001_45400	HELPU_014622	-1.28845541690411	4.57747559469189	27.0543784236884	4.29727477565012e-05	0.00324226934541435
jcf7180000362295_26501_26900	HELPU_014638	-4.93988522321037	-0.0513283143702782	21.1177103709284	0.000222883657245817	0.0082576506653664
jcf7180000349253_2301_2700	HELPU_014639	1.10879892102098	2.28933555752743	10.5900993733612	0.00396153195309908	0.0434164803034364
jcf7180000347643_3801_5000	HELPU_014642	-1.48689176382938	5.0906599350253	24.1983096708454	8.21685576067863e-05	0.00469110891960115
jcf7180000347643_45901_46500	HELPU_014644	1.16405859873485	1.57745749667602	10.8218716267109	0.00365240485291827	0.0413775012778081
jcf7180000365092_12901_13300	HELPU_014647	-1.38912165883711	1.5123822825114	11.9302331865709	0.00250187476567472	0.033018704580886
jcf7180000394359_12101_13200	HELPU_014660	1.97983063353855	2.81909501562313	14.389694661835	0.00113716084719304	0.0208720078888051
jcf7180000355365_35701_35800	HELPU_014717	-1.86277136313245	0.586273824397833	12.0720419198185	0.00238532848431816	0.0320626252652775
jcf7180000361200_45801_46300	HELPU_014727	-2.58074186110616	3.44011861108126	15.2696294746207	0.00087069605143636	0.0178405397701131
jcf7180000393342_57101_57200	HELPU_014729	-7.14241249386324	-0.107593811194534	16.3792831010655	0.00137663374709251	0.0233013281100619
jcf7180000349995_13701_13800	HELPU_014732	-4.66019690735088	0.0455563151745449	15.621979629669	0.000784030798569111	0.0168087304324638
jcf7180000352587_97101_97200	HELPU_014744	-8.13183241050115	0.567475830345326	17.3396537764816	0.000827243214657456	0.0173293931284057
jcf7180000413722_28301_28500	HELPU_014748	2.48487618050388	0.538055692729037	11.1793896868064	0.00323000135952463	0.0384824535143336
jcf7180000363685_21401_21500	HELPU_014769	4.90992491032007	-0.363846744955203	12.645304826443	0.00225194518126983	0.0309892860850924
jcf7180000356876_16401_16700	HELPU_014770	1.5470750135356	1.63030014740938	11.9653906047094	0.0024740599212016	0.032767851708592
jcf7180000348788_31401_32100	HELPU_014771	-2.00588287984278	2.71337536908734	17.7312216619277	0.000428283271362745	0.011846633758244
jcf7180000364012_94301_94500	HELPU_014788	5.32982881458808	0.230578729517468	15.2254835849498	0.00104153265860432	0.0198410658681181
jcf7180000359016_36601_36700	HELPU_014793	3.46950549842642	0.913732566019028	31.0649468230286	1.85492050883494e-05	0.00206249734698783
jcf7180000417693_49601_49700	HELPU_014806	6.37585562659793	-0.157886741577909	19.6960484987643	0.000316262948972041	0.0100062131542268
jcf7180000379019_41301_41400	HELPU_014814	6.22977304587017	1.00137598494416	18.4506184554711	0.000433785025613902	0.0119342756249653
jcf7180000352291_12301_12700	HELPU_014815	-4.03674253161759	0.811104726130586	22.2489602948097	0.000131579429110424	0.00610413736118753
jcf7180000350314_27001_27100	HELPU_014827	5.26423161025861	-0.185839512297429	25.145706464707	8.94604445864361e-05	0.00490127902860733
jcf7180000361057_27201_27500	HELPU_014829	2.63935965211614	1.2818199303565	31.9313624525405	1.56013902093173e-05	0.00187148039153308
jcf7180000359912_10001_10300	HELPU_014840	3.17818775558949	0.482325275094551	29.2513597129588	2.6918721769021e-05	0.00251992588516078
jcf7180000392877_45201_45500	HELPU_014848	1.4769071138555	1.20425388614317	10.6739479031611	0.00384823161862475	0.0426939749487222
jcf7180000413305_7401_8000	HELPU_014850	1.37077052834922	1.80413381767762	12.3083012555711	0.00220503151237701	0.0306234765719488
jcf7180000370299_16501_16600	HELPU_014853	-7.58280354829826	4.14402130098713	18.3819071844613	0.000358052508304095	0.010738420951475
jcf7180000418191_34801_35000	HELPU_014857	-2.41221642328333	1.98384119973871	10.9041714821409	0.00355266382163647	0.040695327204275
jcf7180000365072_25001_25400	HELPU_014862	-2.97003217051498	1.00737142702473	12.7849402101127	0.00188852365541142	0.0279496760338893
jcf7180000417226_19901_20100	HELPU_014876	2.86604748902268	0.700781751720173	19.385582552042	0.000273353754854511	0.00924031623117157
jcf7180000365936_10501_10600	HELPU_014878	3.76883062465556	0.471981112406814	11.0837860201554	0.00396235743192163	0.0434238656318112
jcf7180000360130_15701_16000	HELPU_014889	-3.79300605384569	0.56487510779001	12.7215026183396	0.00192788313733079	0.028283829593602
jcf7180000394560_12201_13000	HELPU_014904	-1.25555350805615	4.67508067243901	11.382147799479	0.00301307937919304	0.0368862370109042
jcf7180000392566_8101_8300	HELPU_014914	1.96306990206127	1.36571987746764	13.9244087306432	0.00131366159413958	0.0227201295003322
jcf7180000350105_61001_61300	HELPU_014916	3.27964753530698	-0.236956740869174	11.1998013092863	0.0032073983840288	0.0383304827188789
jcf7180000352968_30401_30600	HELPU_014923	2.19833225296234	0.193372029471948	18.6985173594127	0.000327905207114166	0.0102310353766982
jcf7180000420717_3301_3700	HELPU_014925	5.83878529497443	-0.492340922304859	14.6989156416061	0.00132499711876059	0.0228068229368591
jcf7180000392778_72001_72200	HELPU_014928	1.73665470979392	1.40860445730375	11.1698236694295	0.00324065511053733	0.0385677949618098
jcf7180000417424_89101_89500	HELPU_014943	-1.91094691988178	2.63916855211848	15.8791171880027	0.00072680365467102	0.0161589839630875
jcf7180000413472_69601_69700	HELPU_014947	7.84566046939349	1.04411856746512	21.8629947553604	0.000251706589022429	0.00883524058504009
jcf7180000347228_23301_24500	HELPU_014953	2.6955569744001	4.16615165384485	42.966968800364	2.16575851643305e-06	0.000651659257589966
jcf7180000414400_7501_8000	HELPU_014954	2.14459478882465	3.39590259088013	15.9053053463196	0.00072123931930373	0.0160827103550182
jcf7180000413672_95701_96100	HELPU_014964	-2.47385204597784	0.894447548852312	21.8434950115878	0.000145157300404596	0.00645906013406667
jcf7180000365242_3701_3800	HELPU_014965	3.62896575490614	0.79114555161684	20.4142416044127	0.000208873148423466	0.00793986851804751
jcf7180000365242_11401_12200	HELPU_014966	1.68437350668009	2.7007596959181	14.3125176674325	0.00116452714441432	0.0211443433529738
jcf7180000417453_44701_44900	HELPU_014968	1.56655534044089	2.58509062056579	14.2856652250266	0.00117421891189204	0.0212607349911923
jcf7180000351297_31801_32000	HELPU_014977	-2.90391000722712	0.939089779488817	10.8554813281143	0.00361338945692546	0.0411465087056925
jcf7180000351297_41801_42000	HELPU_014978	-2.20640243204785	1.09062974510399	14.6429282214236	0.00105224202631282	0.0199503890163965
jcf7180000349557_21401_21800	HELPU_014984	1.77089154937807	3.02329906533498	22.7808874184148	0.000115396113169904	0.00565097666385981
jcf7180000349557_21401_21800	HELPU_014985	1.77089154937807	3.02329906533498	22.7808874184148	0.000115396113169904	0.00565097666385981
jcf7180000372615_7301_7600	HELPU_014989	-1.82940527627715	0.135782800289957	10.1114196760239	0.00469621897299336	0.0480485282013061
jcf7180000372615_23301_23500	HELPU_014990	-5.3497350357065	1.00293059295819	19.3482744340086	0.000276073243099145	0.00928810543984953
jcf7180000366166_17701_17800	HELPU_015002	6.27407836065524	-0.579661145086652	16.8714126544204	0.000927837853910393	0.01854038042291
jcf7180000349626_2401_2500	HELPU_015016	4.86756665529151	-0.363483217998167	13.0586632421275	0.00184557864428177	0.0275602627443457
jcf7180000355103_22401_22700	HELPU_015022	5.50199764092384	1.28037733201819	29.5293381441633	2.54018699455604e-05	0.00244262773598267
jcf7180000353920_73501_73700	HELPU_015024	-1.9743539556135	0.316101159525656	13.4937571170157	0.00252109143366509	0.0331790414186709
jcf7180000353920_94601_94800	HELPU_015025	1.09507125009891	3.32976495293425	17.4881583858933	0.000457472832296655	0.0122942926380404
jcf7180000347907_47401_47700	HELPU_015027	-4.14148492412579	0.844204906655463	73.341798834824	3.91943230469164e-08	8.07648371752454e-05
jcf7180000352288_10001_10300	HELPU_015029	1.35779127190299	0.687179581305321	12.2798313665341	0.00222588220689306	0.0307877517323622
jcf7180000354393_19401_19600	HELPU_015032	2.55243963068127	1.09875282799845	11.0908079165413	0.00333016111526617	0.0392336318592606
jcf7180000350362_24001_24300	HELPU_015037	-1.71172244712872	1.46764684794542	14.8756950832128	0.000978872558022851	0.0191528556230718
jcf7180000372603_10601_10900	HELPU_015039	1.29053763384994	1.96499145485482	12.029874191939	0.00241861586977772	0.0323333376263726
jcf7180000353213_27901_28600	HELPU_015055	3.29654075565215	1.50685608431118	35.8311668420523	7.41730329035996e-06	0.00124240697634382
jcf7180000353213_43601_44100	HELPU_015057	-2.50862110158274	0.495049996102119	21.3900722390754	0.000162912604752003	0.00689074957694162
jcf7180000417679_33401_33700	HELPU_015060	1.27693032501794	0.788991182818392	10.2804104050635	0.00442085048846444	0.0463710004280645
jcf7180000420576_19101_19400	HELPU_015065	-1.29444228914049	2.89693958938434	10.1263226176279	0.00467535559968333	0.0479122747173702
jcf7180000350172_20401_20500	HELPU_015073	-2.07372672600341	-0.154998624587891	10.6917353341842	0.00382253751291311	0.0425228348691613
jcf7180000352986_56801_57600	HELPU_015087	2.27651591729864	4.92176826908255	26.7195440255989	4.64053938054074e-05	0.00339102542371698
jcf7180000352847_101_600	HELPU_015097	-2.12523046154866	1.67380313473986	20.8510194478941	0.0001866577798073	0.00743636342785309
jcf7180000352847_9801_10100	HELPU_015099	5.69177308443366	-0.519784236604331	14.2696360124902	0.00164357370292982	0.0258682836558464
jcf7180000355075_60401_60600	HELPU_015114	2.3517019248927	2.42916393669357	13.369083244712	0.00156512305665641	0.0251904594671454
jcf7180000349177_20101_20700	HELPU_015117	-1.86338383004766	0.582720437876711	19.7747149988906	0.000246158738960743	0.00873872879910686
jcf7180000418185_26301_26400	HELPU_015123	3.540252032675	1.10110547042693	39.1731096253309	4.08870128811232e-06	0.000911863118554678
jcf7180000422052_86001_86400	HELPU_015128	2.84416045004664	3.81418541545261	70.2665590312396	5.50599587192079e-08	9.27685811533327e-05
jcf7180000368676_19101_19200	HELPU_015131	6.27406432293906	-0.59663421813171	16.8953069851113	0.000922379685032604	0.0184825836265766
jcf7180000370285_14701_15300	HELPU_015135	-2.15318707257807	0.749329338840634	13.4726955270417	0.00151442729321221	0.0246882678607224
jcf7180000356851_22101_22400	HELPU_015152	1.93126489825919	0.11030341917886	10.3674707595616	0.00428958739759075	0.0455968844923078
jcf7180000351528_1401_1500	HELPU_015154	1.69004233907636	1.03049607973311	10.3402676708844	0.00433163044703051	0.0458261030528037
jcf7180000353929_17901_18400	HELPU_015160	1.44257473542286	3.23822791577138	17.2379336692392	0.000490790679959566	0.0127807711690862
jcf7180000395784_9801_10000	HELPU_015163	2.99566795412734	0.0210559874049967	11.6168689000084	0.0027818992248989	0.0351948343326023
jcf7180000362342_14401_14600	HELPU_015164	3.15818655056283	0.538206030059728	13.0467648751458	0.00173522936199452	0.0266425376825518
jcf7180000347984_112901_113200	HELPU_015169	4.89717490837114	0.141577179880601	37.8418024952204	5.16146080783144e-06	0.00103455684730912
jcf7180000386356_6701_6800	HELPU_015175	1.92117578030387	0.361998260959095	10.4691686754415	0.004138135386343	0.0445931462586424
jcf7180000359716_16001_16100	HELPU_015176	-2.90681170485737	2.91939364324393	15.3686257802752	0.00084532317021075	0.0175210492563828
jcf7180000357370_3401_3800	HELPU_015190	-3.57599903723415	0.0828150334187068	16.2052281425776	0.000660760688385421	0.0152542315161114
jcf7180000360049_21501_21700	HELPU_015201	2.59166027104846	1.45701190180371	24.4179289088308	7.82664364582381e-05	0.00456976206455061
jcf7180000392645_22301_22400	HELPU_015209	-4.90037076450809	0.309032713357622	30.8593785784549	1.93354125759844e-05	0.00211058849767587
jcf7180000417429_9001_9100	HELPU_015213	7.3324107982589	-0.5580975728595	27.5849729655956	0.000201734113109451	0.00776432367852737
jcf7180000394417_20401_20600	HELPU_015223	3.31554749003191	1.11617478433909	13.1843005822367	0.00166026134973541	0.0260141880574391
jcf7180000357204_18601_18700	HELPU_015232	1.64675011375416	0.217151635600529	11.7881607867071	0.00262271940480063	0.0339836300079473
jcf7180000361236_11101_11200	HELPU_015245	1.65113796334515	0.815603040053195	16.5510608673995	0.000596857964700408	0.0143490375843296
jcf7180000361236_10201_10600	HELPU_015246	1.23635082142268	3.83701194602673	11.7503811729261	0.00265893522244881	0.034268513497141
jcf7180000417564_90501_90600	HELPU_015250	2.15404221748525	0.178919646389288	11.8823963614493	0.00254378336668039	0.0333764653398151
jcf7180000348248_27901_29700	HELPU_015254	-2.51760182311679	2.83273109105467	13.1193750152266	0.00169519463960324	0.0263238895909258
jcf7180000348248_83001_83500	HELPU_015255	1.89887987924929	1.93982915624791	10.0839897806104	0.00474689789009791	0.0483466679960463
jcf7180000351069_80301_81300	HELPU_015268	-2.15096660752714	1.63513120571523	16.9318859909806	0.000536179366187186	0.013450940718257
jcf7180000353681_47701_48000	HELPU_015297	1.48876585923619	1.15291386191112	10.2129728689361	0.0045317935127668	0.0470521629927595
jcf7180000413275_28401_28500	HELPU_015314	7.71150231852627	1.0235978710278	48.4014929222311	6.5981699830241e-06	0.00117940286169278
jcf7180000348966_38401_38600	HELPU_015319	4.20431169083288	0.959840713958649	36.375930813483	6.71441129746282e-06	0.00118745911292239
jcf7180000392484_16201_16500	HELPU_015320	-1.20610992924532	1.46493166230574	10.6206858461743	0.0039191216456459	0.0431361129860485
jcf7180000422608_53001_53100	HELPU_015327	-5.5692864273263	0.918403349842045	16.3699944880873	0.000629935998437221	0.0148343893960682
jcf7180000353934_20801_21300	HELPU_015330	-1.41642979671575	1.29200244828795	15.1045275271257	0.000913511907706833	0.0183804144572523
jcf7180000361664_20101_20300	HELPU_015336	-2.17663136953029	0.561745113411719	15.0640413958455	0.000926121309637943	0.0185280539467533
jcf7180000399790_33001_33300	HELPU_015339	-3.39439775773555	1.72979779041233	17.1803641677932	0.000499726071818963	0.0129334995547926
jcf7180000353970_6101_6600	HELPU_015341	-1.40740059371427	2.89245498999731	12.022022054421	0.00242769988932326	0.0323950056463636
jcf7180000419380_18201_18300	HELPU_015359	-6.19758908164409	-0.51810879274215	14.5516962128994	0.00168535597059943	0.0262340958695825
jcf7180000354196_27301_27800	HELPU_015370	2.66983246229264	3.22974882721604	28.5632761310498	3.11207101017384e-05	0.00272825349732317
jcf7180000348209_23901_24000	HELPU_015389	-4.25849521895077	-0.0553711702297275	10.4457458777175	0.00461644761791577	0.0475570148847922
jcf7180000348847_43201_43500	HELPU_015395	-1.64716863886529	0.615549860127639	10.1680688219484	0.0046059756134332	0.0475070723386577
jcf7180000417743_30801_31100	HELPU_015404	6.87673045953783	1.24505746208469	46.1044134089933	1.31826528885466e-06	0.000504795149586597
jcf7180000351506_11701_11900	HELPU_015413	5.03677072177628	0.0921862202765792	27.4776690590529	4.61779162937745e-05	0.00338153160461551
jcf7180000351506_14801_15200	HELPU_015415	1.75559577915933	1.61613218112893	19.2318469698306	0.000284253699463492	0.00943538467681419
jcf7180000347436_51401_52200	HELPU_015433	-1.21040436580079	2.63106803559184	12.8595426043914	0.0018410968791731	0.0275344536242122
jcf7180000352213_18901_19100	HELPU_015438	-3.06593561022053	0.54762250902479	40.0304838119306	3.51838468136784e-06	0.000844066496920243
jcf7180000375507_25501_25700	HELPU_015447	3.10785960664881	0.807905085112068	25.6509995465806	5.89463540947413e-05	0.00388044756706377
jcf7180000356634_28501_28800	HELPU_015450	1.92383078186283	1.70706903365067	19.3888361127451	0.000273006352487079	0.00923824708450343
jcf7180000417566_84201_85000	HELPU_015454	0.953151662441108	4.05298487513911	9.92950834475226	0.00501411890081717	0.0499731735413326
jcf7180000392716_32701_32900	HELPU_015460	1.91717289524301	2.27013237809554	12.0072963903363	0.00243966141559239	0.0324874816674658
jcf7180000413495_33001_33300	HELPU_015472	2.4302643966277	1.76522299679618	10.0173477650427	0.00486199940217404	0.0490717750014625
jcf7180000394988_28301_28400	HELPU_015476	7.08464231533904	1.00739392356033	18.9912373431194	0.00033737037160837	0.010400600950239
jcf7180000350276_48501_48600	HELPU_015479	3.86095703955217	0.32175064300199	12.2467470615458	0.00225299128963678	0.0309935899388499
jcf7180000418997_16701_17000	HELPU_015491	-3.45950834499659	-0.327859300975391	10.8649570024792	0.00360148186751543	0.0410653521841896
jcf7180000374915_11801_12500	HELPU_015500	1.6047742869549	2.671409180816	20.6062134052399	0.000198361196546764	0.00770142951990029
jcf7180000367538_8201_8500	HELPU_015502	3.42784227926984	0.27379530251782	29.3137948780363	2.65695387455991e-05	0.00250783042293692
jcf7180000367538_26801_27000	HELPU_015503	1.94361229195573	0.158111032906299	11.8134818426024	0.00260066025750508	0.0338083472780106
jcf7180000351673_25801_25900	HELPU_015509	-8.86223031057522	0.896808267288988	12.4697338631812	0.00301386295747935	0.0368879465567873
jcf7180000414566_219501_219600	HELPU_015535	5.86246101784207	0.420518702106568	24.8615677211551	0.000112136631663282	0.0055762081592741
jcf7180000357265_20701_20800	HELPU_015541	5.31893799006499	-0.257778065359498	13.713619779756	0.00176033846151704	0.0268346446622856
jcf7180000349337_9801_10100	HELPU_015544	-3.85952594480244	0.102740302580425	18.1314006121443	0.000471260733777284	0.0125075795212774
jcf7180000349337_54501_55300	HELPU_015545	-1.71923321378146	4.31578475385461	15.5450475139606	0.00080210683270628	0.0170181521312268
jcf7180000351439_33601_33800	HELPU_015552	-6.41543522873718	0.664344266849467	30.2239847951867	2.6316669370925e-05	0.002488545611722
jcf7180000348817_19301_19500	HELPU_015566	2.43980533752696	0.789674213853316	21.0947711673105	0.000175114910611884	0.00718899792200517
jcf7180000420818_18301_18700	HELPU_015570	-1.84661900930796	2.63522931439683	22.8270149911707	0.000114255738433771	0.00562496709540591
jcf7180000358132_23701_23900	HELPU_015581	4.05706800285185	1.35681400205965	15.443357959337	0.000826710335271787	0.0173232980613719
jcf7180000365301_15601_16000	HELPU_015591	-1.48531614960808	0.0886729262467032	10.0472902383183	0.00481722710382342	0.0488021754913462
jcf7180000357226_44401_45200	HELPU_015597	1.89180390720882	1.78107870411126	12.7525928679814	0.00190848105846184	0.0281237075748341
jcf7180000421533_11401_11900	HELPU_015629	-1.51554342343347	3.78437339456609	20.6520376492837	0.000196042256724084	0.00765219344054362
jcf7180000422529_6201_6300	HELPU_015638	-4.41107688270911	0.0174433361533073	23.8071220229095	9.03457797077708e-05	0.0049344664990775
jcf7180000350364_8101_8300	HELPU_015647	2.53405323079768	2.21999580468411	15.3700872660287	0.000844954762678147	0.0175178510978581
jcf7180000370376_11301_11600	HELPU_015653	3.29015280485229	0.766445991429432	37.7638798233831	5.23322594095474e-06	0.00103948488667812
jcf7180000420459_13601_13700	HELPU_015655	2.27525676007915	-0.032757120472848	13.4920439176043	0.00150318442992219	0.0245826603244569
jcf7180000392865_12601_13200	HELPU_015662	-2.69222526866791	-0.00340000615323866	10.5727658211477	0.00398956937579484	0.043613617327613
jcf7180000359936_19201_19500	HELPU_015665	-2.61077826863115	2.28067704350129	32.1424876954096	1.49639363303748e-05	0.00182619317907979
jcf7180000366713_13301_13400	HELPU_015672	5.91189017560996	-0.28556268655593	18.5269218275996	0.000623253193442576	0.0147303030314528
jcf7180000417182_93301_93500	HELPU_015687	1.29287758880818	1.64259730346401	10.8882516021053	0.003570096314317	0.0408212366076197
jcf7180000413264_21301_21900	HELPU_015690	-4.83233688101711	1.57987978780924	26.5613840499552	4.80603429773572e-05	0.00345911412735951
jcf7180000351285_40701_40900	HELPU_015735	-5.18380277593094	1.81137638117474	33.4750172338225	1.15458882126916e-05	0.00158360329510001
jcf7180000383056_29501_29600	HELPU_015740	5.80975699000013	-0.279675045703239	13.1001447092915	0.00195561923342158	0.0285219283146414
jcf7180000362257_11101_11300	HELPU_015743	-5.80090408699189	0.0641551127626502	34.0682521155587	1.03091896721508e-05	0.00148257423651808
jcf7180000349089_7701_7900	HELPU_015754	2.74649817623356	0.240080430130093	19.5470691209238	0.000261918597735383	0.00901574879097396
jcf7180000422335_30101_30300	HELPU_015757	2.37370407670784	1.79207823107361	10.9067119753995	0.00354952657852556	0.0406688367257626
jcf7180000357592_24501_24600	HELPU_015785	-4.3098885086452	-0.408289029452322	18.4971639819448	0.000427634996981924	0.0118392787710109
jcf7180000349439_10001_10100	HELPU_015786	6.92784593493879	0.673513879678989	27.1319352216474	8.55030437566005e-05	0.00478523480844758
jcf7180000351353_51601_52100	HELPU_015794	-2.29193266447557	2.03886422011192	23.9506926677731	8.73321693113778e-05	0.00484491405371877
jcf7180000393377_27501_27600	HELPU_015795	7.25750403944991	0.0411147096859008	16.2967336009536	0.000770922761378223	0.0166382601950081
jcf7180000360172_43701_44200	HELPU_015798	-3.0462910456472	-0.0134776503449994	18.2354800385375	0.000458659466735383	0.0123100126572916
jcf7180000360172_50501_51200	HELPU_015799	-4.79646722617114	0.641534358103129	22.8434219592072	0.000113802218215408	0.00561458968179729
jcf7180000370293_1201_1400	HELPU_015808	3.11644512426403	2.17493691377314	10.563852184528	0.00400211659864684	0.0437057069505358
jcf7180000394132_8801_8900	HELPU_015815	-6.94089721994572	-0.0341572215231061	11.1383979663649	0.00487004621758809	0.0491270242996796
jcf7180000394132_23801_24100	HELPU_015816	-2.4151264211074	1.16084388735658	16.695723134596	0.000573564282096603	0.014016235528375
jcf7180000349061_27801_28200	HELPU_015846	2.13319140156251	0.263386867417527	11.0595040541295	0.00336637636243791	0.0394541954402391
jcf7180000413291_9701_9800	HELPU_015847	-2.13414851732682	3.63059823501262	19.3061653173269	0.000279178602446768	0.00933469835568303
jcf7180000413291_47401_47600	HELPU_015850	5.6534767064691	-0.456257240868677	13.6700680598709	0.00164404144792211	0.0258699562352722
jcf7180000394540_15001_15200	HELPU_015860	2.52459072299957	1.0127033498602	16.3275284861546	0.00063772573772934	0.0149343365121905
jcf7180000393252_49501_49800	HELPU_015874	1.29335068900032	2.57044719535212	10.8917323905207	0.00356806926706767	0.0408045746210329
jcf7180000350924_73401_73600	HELPU_015885	1.18289049086888	1.09977590397179	10.6333510458534	0.00390170816081148	0.0430308481529996
jcf7180000375969_4001_4700	HELPU_015886	-2.18749107827239	1.53401355072766	30.516417722277	2.06575120009989e-05	0.00218806313767747
jcf7180000347581_10301_13700	HELPU_015895	3.21084881558591	6.74589558410326	34.4678099068983	9.55872297223913e-06	0.00141785414022244
jcf7180000347581_10301_13700	HELPU_015896	3.21084881558591	6.74589558410326	34.4678099068983	9.55872297223913e-06	0.00141785414022244
jcf7180000347279_15001_15100	HELPU_015900	6.27454641513966	-0.506471173266483	13.8271394477191	0.00170278025033538	0.0263761959203295
jcf7180000370442_10001_10100	HELPU_015914	-4.20418416492095	0.423058833890959	18.5274810425268	0.000344144205737779	0.0105208303682363
jcf7180000420559_6501_6600	HELPU_015917	1.96822350405124	-0.0123950121238004	10.6891610298163	0.0038259905299928	0.0425546361266794
jcf7180000422323_25501_25900	HELPU_015932	3.00473830595397	0.274826463025106	17.4530452337794	0.000462840563442211	0.0123827791953168
jcf7180000357288_25401_25700	HELPU_015933	3.45397252783633	0.542905301194858	20.1007312152598	0.000226543334402968	0.00833679971981889
jcf7180000351443_55401_55500	HELPU_015935	2.5444718524456	0.377310678327975	19.4058067322175	0.000271891923413848	0.00921841713395575
jcf7180000352293_31201_31400	HELPU_015942	-4.10556700547407	1.19172566025669	17.0063032637287	0.000524962945524737	0.0133046512794059
jcf7180000349289_12701_13000	HELPU_015952	1.3261227111452	1.41133974281007	15.619415174065	0.00277184112904565	0.0351116971178837
jcf7180000372656_14901_15100	HELPU_015960	5.35363985855926	0.909813143343367	11.2628191034377	0.00313871441444848	0.0377985614035288
jcf7180000392713_27501_27800	HELPU_015964	1.60920420574681	1.82758576326974	14.3659934007544	0.00114539154715539	0.0209627524831355
jcf7180000349956_31901_32000	HELPU_015975	1.63847155150265	0.999649706406214	10.2496511710732	0.00447366622537686	0.0467110963814529
jcf7180000372706_13701_13900	HELPU_015981	2.84404338266112	-0.141514969479963	20.429901783824	0.000207569770193551	0.00790501084526369
jcf7180000349208_8801_9000	HELPU_016008	6.27229951517497	0.136007776603913	14.7473496445263	0.00119535432722949	0.0214883141878986
jcf7180000349208_35001_35400	HELPU_016009	-5.89327968104785	4.44945150252547	21.9296829105479	0.00014237559162625	0.00638487765503864
jcf7180000356479_21801_22000	HELPU_016024	4.64413384957898	-0.340745791259138	12.0067603867051	0.00275453822757501	0.0349655244339211
jcf7180000417465_58401_58700	HELPU_016038	6.80468413243232	-0.0984311495189857	23.063663417924	0.000141902338871608	0.00637643010718099
jcf7180000354135_5901_6200	HELPU_016040	4.05527841539161	1.52546588137173	11.4851175851699	0.002909139599096	0.0361139049083461
jcf7180000377604_29301_29900	HELPU_016044	5.30991085673249	1.1935412519054	60.6603441977103	1.73834709235194e-07	0.000165969847540363
jcf7180000361476_42401_42700	HELPU_016049	2.09610878109668	1.65925921508773	24.2696034152579	8.08831744216209e-05	0.00465081138760337
jcf7180000353098_32601_32700	HELPU_016060	7.05572042696195	0.815545238838981	32.354058525678	7.36409747357538e-05	0.00441825795363171
jcf7180000363344_119101_119400	HELPU_016072	1.50468104773588	2.09270570322786	18.9636598522878	0.000305297435372268	0.00981494634963636
jcf7180000348747_51801_51900	HELPU_016076	1.77566703801106	1.56090198789066	17.1838924609959	0.000499228558840251	0.0129292358031304
jcf7180000369023_17301_17500	HELPU_016089	2.78343049265786	1.42358030934914	11.2843505143692	0.00311562212376421	0.0376206456385438
jcf7180000359315_14301_14800	HELPU_016101	-3.71084648838933	0.718659644480233	18.4599033443665	0.000350525082303613	0.0106201536286067
jcf7180000359315_20401_20600	HELPU_016102	2.2097913806019	0.191637979361964	13.6495654240967	0.0014320324727316	0.0238590201978916
jcf7180000347386_39501_39900	HELPU_016124	4.16440773720468	-0.409624287001056	27.2246275738477	4.85581258238171e-05	0.00348169834403326
jcf7180000348674_5201_5300	HELPU_016130	5.13107419131323	1.91985731463134	11.8083091799062	0.00260786659584501	0.0338689148940656
jcf7180000361172_18701_19100	HELPU_016146	1.31521565472685	1.43293736710407	10.9278982869015	0.00352161040810573	0.0405006912076784
jcf7180000353997_11401_11700	HELPU_016175	-3.65309452607207	-0.253244133508347	12.2292883864774	0.00226605302877111	0.031082874119037
jcf7180000349454_36001_36300	HELPU_016188	3.1995592691263	-0.271048010010218	25.852946574857	5.61512121192303e-05	0.00377306055413584
jcf7180000349454_44101_44400	HELPU_016189	2.01350220137908	0.449840469011224	12.6343526763215	0.00198325745173188	0.0287551750001118
jcf7180000352235_53401_53700	HELPU_016200	2.70790037082771	0.668098245434981	11.9298614218985	0.00250364537363927	0.0330359622902924
jcf7180000347069_65001_65300	HELPU_016202	-1.61817979514536	1.93271607041602	19.0101929375948	0.000301509998788221	0.00974174894787522
jcf7180000393411_33501_33700	HELPU_016205	3.39698941449444	-0.398265636143718	12.268967153736	0.00253359621784999	0.0332900758699995
jcf7180000365087_11701_11900	HELPU_016212	2.24620849793931	1.72607738562758	17.0942868411558	0.000512034759352085	0.0131228149621456
jcf7180000417281_116801_116900	HELPU_016215	2.22941214026432	0.47408734377088	13.8267711522145	0.00135442562906006	0.0231001589647962
jcf7180000350159_12101_12300	HELPU_016222	-1.21832216791964	1.94149759456559	14.2017119334246	0.00120340543177295	0.0215800015050676
jcf7180000395259_5901_6000	HELPU_016224	3.12668347117002	1.8644722034475	17.0399838608865	0.000519971867047043	0.0132397530413978
jcf7180000377545_13501_13600	HELPU_016235	-6.4073359112989	-0.6261827544436	13.1876554469057	0.00223796104216586	0.0308787739016543
jcf7180000358104_28501_28700	HELPU_016237	5.32917496543435	1.89163352802614	22.4639331631922	0.000124819872563566	0.00590743252458107
jcf7180000357248_17701_18300	HELPU_016245	-4.02998939870106	0.117535138281651	20.1294532166148	0.000224857756037541	0.00829751771303335
jcf7180000417179_76701_77100	HELPU_016255	4.03034469478955	0.498987394149248	26.7383105448941	4.61468259162344e-05	0.00338136246825528
jcf7180000421564_20801_21100	HELPU_016276	1.4287120481879	2.39520658195955	11.0617877916362	0.00336371960169332	0.0394359671873527
jcf7180000375442_62001_63100	HELPU_016285	-6.12883340324401	3.16785653040072	36.3649269572292	6.72786139820517e-06	0.00118745911292239
jcf7180000371905_22401_22800	HELPU_016297	-3.51089543573429	1.1927662820252	21.6243672801253	0.000153619598832963	0.0066577093107776
jcf7180000352904_16401_17100	HELPU_016299	-1.76922320955279	1.44081477690722	10.6815138721038	0.00383995544347008	0.0426416392946233
jcf7180000396726_27201_27400	HELPU_016312	-3.37868221483154	-0.341080191438395	14.6594623920104	0.00104632786508847	0.0198896038899453
jcf7180000350154_53001_53100	HELPU_016326	-4.27595984419945	-0.174561481076054	14.5336386059383	0.00117307431486477	0.0212532750506512
jcf7180000347940_79701_79800	HELPU_016327	-3.85355448836261	0.594852733762022	25.1491073681501	0.000105582156663692	0.0054036726385258
jcf7180000420496_61801_61900	HELPU_016332	6.45613813273731	-0.259270201607274	17.2700063213535	0.000591715614512318	0.0142711381447034
jcf7180000353709_9701_9800	HELPU_016336	1.81814770914695	0.991775854397462	14.2354820268496	0.00119216295948167	0.0214557122208895
jcf7180000359319_42501_42900	HELPU_016339	1.73234584150561	1.85982428358874	19.1751184938003	0.000288810288214694	0.00951640543460675
jcf7180000363752_53501_53800	HELPU_016352	2.93256731789606	0.07460517609277	10.4290876894178	0.00419725362985659	0.0449658425134251
jcf7180000349979_11501_11600	HELPU_016391	2.36914131088764	1.1619642166415	30.4637522285413	2.0880676903238e-05	0.00220611938154325
jcf7180000348994_27401_27600	HELPU_016393	1.90257595545601	1.53300150861153	13.7978238099679	0.00136677868058789	0.0232209690458952
jcf7180000348994_38301_38500	HELPU_016394	4.21174048123473	0.111350309220664	42.056168075775	2.50127146449198e-06	0.000695564739572858
jcf7180000350118_15201_15300	HELPU_016400	3.51010218314485	0.0316398786431458	15.5719818860063	0.00103842706070196	0.0198209747911289
jcf7180000358653_29101_30000	HELPU_016432	1.98223767581776	0.814212803573773	13.1265753561963	0.00169128066788142	0.0262923838357217
jcf7180000348875_9701_9800	HELPU_016447	2.93634489439049	-0.02828281900827	10.8053887182308	0.00367706849483332	0.0415320674225964
jcf7180000364469_2801_3100	HELPU_016449	-1.21767176290313	1.09994490469813	10.285549742199	0.00441276171957199	0.0463279613554016
jcf7180000392580_63501_63700	HELPU_016457	5.08612289038548	0.534211216567036	18.5721093155411	0.000420404831710831	0.0117577022979377
jcf7180000396984_12301_12400	HELPU_016470	2.33421447800543	-0.169219762619131	12.3540581581704	0.00217197189228579	0.030351338888215
jcf7180000396984_39301_39500	HELPU_016471	2.889606380053	-0.202017025136445	10.281998647753	0.00442075392760129	0.0463710004280645
jcf7180000373150_2601_2900	HELPU_016472	2.24598035874851	0.561273629756625	14.8396185201206	0.000991116387896312	0.0192647535677452
jcf7180000362424_12101_12200	HELPU_016488	2.59421985573285	0.290752781954649	14.670252188438	0.00104350655600794	0.0198623373416857
jcf7180000422601_60101_60300	HELPU_016493	2.7861896613342	0.598185680558555	17.5391381326361	0.000451827256722955	0.01221477354048
jcf7180000354480_8801_8900	HELPU_016495	5.70552975755459	-0.198441425668744	20.576113933962	0.000290908616491591	0.00955003808548274
jcf7180000352318_11201_11500	HELPU_016499	1.69561307525655	2.55667084734618	12.803502506211	0.00187717564212275	0.0278356692713964
jcf7180000361115_29501_29800	HELPU_016500	3.80607179878939	-0.0114197065605249	11.3967662781529	0.0029980755600909	0.0367685629822375
jcf7180000363572_15401_15600	HELPU_016513	4.04650295002514	-0.0745135442187166	11.4902049257853	0.00290410837730157	0.0360905667474006
jcf7180000355718_17501_17700	HELPU_016525	-4.53216407283645	1.80016635337183	30.1893116181162	2.2164073010956e-05	0.0022794933358381
jcf7180000361534_4101_4200	HELPU_016538	8.02472201532279	1.56431664086698	12.0600843454318	0.00371954862247668	0.041816370821113
jcf7180000357998_17501_17600	HELPU_016540	2.7227148601818	-0.26056601554882	10.4307608873058	0.00419241192930223	0.0449540594386998
jcf7180000351197_16701_16800	HELPU_016542	-5.56175601150273	1.45179953924003	31.0221264974289	1.87100246986434e-05	0.00207069204149453
jcf7180000362261_24901_25200	HELPU_016561	-2.30035951943587	1.58322305608618	12.9610231406452	0.00178385758302767	0.0270369867675875
jcf7180000348163_14601_14700	HELPU_016568	-5.98051043861888	0.292732451977751	13.9444267534336	0.0015141507470462	0.0246865696735088
jcf7180000351768_3901_4000	HELPU_016592	-5.54472508700827	1.44600172127027	30.8321836816934	1.94421413766388e-05	0.00211659225696941
jcf7180000349017_48501_48800	HELPU_016594	3.87535308135952	0.0291390939474166	15.5651193848038	0.000797346739826961	0.0169712145833705
jcf7180000348604_8201_8300	HELPU_016597	-7.94312499657697	0.0974378750051962	20.1854778052906	0.000730568517563457	0.0161964342488305
jcf7180000417737_55901_56100	HELPU_016603	3.66147231543862	1.00330554831925	38.1119106282621	4.92095921815547e-06	0.00101111591533617
jcf7180000413607_77301_77800	HELPU_016622	2.26159799429865	2.0092606324625	21.5236885776791	0.000157539270213461	0.00674794385366099
jcf7180000417411_16601_16800	HELPU_016634	-2.6023002312891	0.347888409105941	10.609311495383	0.00462949108835302	0.0476361013561865
jcf7180000349447_33601_33800	HELPU_016641	4.06885601725722	0.121017401781413	14.1173167503148	0.00133008038147092	0.0228550562975326
jcf7180000349447_41501_42200	HELPU_016642	-1.7182147001628	2.2259891879307	33.9736604799607	1.04550808530512e-05	0.00149730872174845
jcf7180000418262_35201_35400	HELPU_016647	2.4532811768279	1.41829164158822	17.6157805282566	0.000442265956725349	0.0120759686546207
jcf7180000353429_48301_48900	HELPU_016652	-1.89834543620355	1.42655744539272	14.9973387430803	0.00094493302772672	0.0187582785886165
jcf7180000349202_3701_3800	HELPU_016653	-2.70659625392537	0.518747611380857	15.1816282421372	0.000893958769486578	0.0181379845907581
jcf7180000356485_18501_19200	HELPU_016658	-1.25063358043035	1.97189200970924	14.3547868148627	0.00114781082479322	0.0209791341403259
jcf7180000392698_15701_16000	HELPU_016672	-3.18211609228588	-0.0619862022316908	11.7077481862361	0.00269772922951281	0.0345468424259811
jcf7180000363635_29201_29300	HELPU_016689	-7.01567863715955	0.0608503185364256	15.4158593683623	0.00281832919530439	0.0354598690135247
jcf7180000366805_10201_10400	HELPU_016700	1.23461346200159	2.0237044738053	10.7920183939254	0.00369138217819112	0.0416149692270928
jcf7180000351133_14501_14600	HELPU_016706	4.57301211676867	0.810593563929566	15.8321009502914	0.000736912835665901	0.0162744377973211
jcf7180000354474_29101_29200	HELPU_016725	4.93196936518132	-0.144481390335166	17.7440751951287	0.000582522623925203	0.0141374519236591
jcf7180000417826_36801_36900	HELPU_016750	2.20914448392089	0.139119000232803	11.4746005951524	0.00291957123850882	0.0362010403087604
jcf7180000417274_153501_153600	HELPU_016776	-6.0631761058987	-0.800612649457499	12.2192966537009	0.00393248848586584	0.0432247126109098
jcf7180000347934_64701_64900	HELPU_016791	1.76499114142443	0.984321388593879	11.7199561919261	0.00268663913462351	0.0344737104834246
jcf7180000361137_5601_6000	HELPU_016796	-2.27030106127705	0.515894718632697	17.1221311318588	0.000508016899610162	0.013066608881523
jcf7180000361137_28401_28700	HELPU_016797	1.74640163474205	1.98779633723031	11.7739814418584	0.0026381638911831	0.0341054959767062
jcf7180000421264_11801_12100	HELPU_016811	-3.47443962446036	2.44939540049287	18.2740847441596	0.000368753876554723	0.0109022570809186
jcf7180000392720_73001_73400	HELPU_016820	1.69622829748365	1.57719318527392	10.070305416649	0.00477028380282608	0.0484981393104059
jcf7180000362254_6801_7100	HELPU_016822	2.55531999552481	2.05163131999058	12.2375350871349	0.00225987282198465	0.0310483474305124
jcf7180000363720_10401_10700	HELPU_016829	2.7759441681661	1.32519333133807	12.4495616864491	0.00210721378074369	0.0297864542060442
jcf7180000349254_100301_100600	HELPU_016846	4.43302054465995	1.67581125657997	38.2748079749012	4.78189672387646e-06	0.000995395590791978
jcf7180000351929_8601_8800	HELPU_016862	2.72266393249466	0.755542147367543	28.6389180254928	3.06154012936904e-05	0.00270233514525357
jcf7180000393022_19001_19200	HELPU_016867	1.87068824435051	1.38797203304835	10.1299373905103	0.00466930236640085	0.0478725084619357
jcf7180000347730_67201_67700	HELPU_016885	-2.65577777468144	-0.0953659408017018	11.2561594671021	0.00314589520726478	0.0378425654752522
jcf7180000366782_4101_4500	HELPU_016896	1.70198732810398	2.23543285003176	18.4516589121734	0.000351312439759498	0.010630188905873
jcf7180000421136_90801_91500	HELPU_016905	1.73605125621632	2.87157896485233	15.8166254059448	0.000740274207469634	0.0163028233448335
jcf7180000359071_20301_20700	HELPU_016914	-1.38509906689078	2.57152992839447	18.2362001377287	0.000371877534801176	0.0109505260265751
jcf7180000362307_5001_5400	HELPU_016917	-1.60494311858553	1.21851388605698	13.0602797335047	0.00172656271333377	0.026572144338942
jcf7180000348886_24801_24900	HELPU_016940	-7.01588259160531	0.0707727905534314	15.3577362342241	0.00285249104147277	0.0356890949869358
jcf7180000347201_38901_39400	HELPU_016944	2.95467864290074	2.89222287295732	25.5940425837992	5.97126349272592e-05	0.00390130266521671
jcf7180000347201_95301_95600	HELPU_016945	7.44115532497589	2.75996691772887	37.2277888519804	5.75777103309308e-06	0.00108641705118297
jcf7180000417996_16501_16700	HELPU_016955	1.41426583076538	1.07250210454291	11.8077054783918	0.00260552563630743	0.0338516234886432
jcf7180000416171_15501_15700	HELPU_016968	-6.39170882916157	1.06719172501535	16.7137340683703	0.00062430324118938	0.01474483702803
jcf7180000417454_76801_77000	HELPU_016974	2.47580185452641	0.459847792048071	19.4219526375307	0.000270731065833377	0.00919429535137024
jcf7180000353972_31201_31600	HELPU_016978	-2.93166310397949	1.17703638854405	11.3691947729516	0.0030264434269189	0.0369881853320575
jcf7180000347193_156101_157500	HELPU_016985	-2.01981839543841	2.99141336483566	13.2851525561331	0.00160756695247953	0.0255592883429284
jcf7180000350115_7901_8000	HELPU_017001	1.92792926098134	0.558865200021775	14.194594956408	0.00120759284579134	0.0216254363704965
jcf7180000422322_76601_76800	HELPU_017015	1.07189246254065	2.82805464288116	12.5402684020472	0.00204298267441699	0.0292170106584733
jcf7180000417149_294601_295100	HELPU_017024	1.37692483061259	3.61563396887023	10.2921379451165	0.00440643701111003	0.0462926398834071
jcf7180000384991_15901_16100	HELPU_017037	-1.38001177611429	1.58857812707025	17.5318981112999	0.000451909278026625	0.0122151360926456
jcf7180000413334_53201_54000	HELPU_017038	-1.42003269077652	3.99645832244736	11.324145055461	0.00307343692270986	0.0373301665765662
jcf7180000392516_61301_61600	HELPU_017048	2.08710799664705	1.21061117962173	17.0386134188118	0.000520173925175437	0.0132425434953537
jcf7180000386226_8001_8200	HELPU_017059	6.91758522596947	0.446827684465842	67.3261180436499	1.6814052363191e-07	0.000163356925739695
jcf7180000370540_15601_16000	HELPU_017065	-2.68958955332268	0.626744407331122	11.5362087788399	0.00285904742908667	0.035741462027366
jcf7180000413797_41401_41900	HELPU_017083	-1.44526566793432	1.97226127888982	13.6005763336818	0.00145434602057593	0.0240718848676973
jcf7180000417162_8601_8800	HELPU_017084	3.73243347972126	0.239930881368594	13.3167456182505	0.00159144260075025	0.0254104913755976
jcf7180000417162_32801_33200	HELPU_017086	2.30203612084256	1.8783236439076	31.3751427179566	1.73876651959834e-05	0.0019826022209753
jcf7180000362929_5801_6000	HELPU_017089	-2.22533955506203	2.80772793801276	36.3702756180087	6.69505566415207e-06	0.00118745911292239
jcf7180000354721_10301_10500	HELPU_017092	3.19447804377225	1.57539477600988	14.400352933008	0.00113343771987638	0.0208290428729758
jcf7180000352589_37301_37500	HELPU_017098	-1.78475668007492	1.82211583673681	14.568654749698	0.00107639854461433	0.0202253766163681
jcf7180000354023_22901_23100	HELPU_017110	1.09135496019549	1.36614199142545	10.3605083165638	0.00429663331547866	0.0456299677534739
jcf7180000349752_25801_26100	HELPU_017114	-2.40357360003226	0.0947931349438733	15.4569495845959	0.000822889221207976	0.0172789031079796
jcf7180000360436_6701_6800	HELPU_017126	-3.3717877947799	0.0471529956964878	21.4319823634602	0.000161205760175418	0.00684928798779522
jcf7180000417387_53501_53600	HELPU_017134	2.8787109866161	-0.465731591918934	12.0870338749872	0.00251720147759016	0.0331522194050817
jcf7180000417627_39601_39900	HELPU_017135	0.991761145055381	2.51310729330445	10.3163159519875	0.00436468125349252	0.0460447816731903
jcf7180000349573_34101_34600	HELPU_017141	-2.78514902041332	3.27922512868012	30.0211295440275	2.29436321791626e-05	0.00231754673199076
jcf7180000417252_18401_18700	HELPU_017149	-2.13343523496604	0.822363555820003	18.6556918425743	0.000331727154578747	0.0102918160049321
jcf7180000417252_34501_34900	HELPU_017150	2.33129302911095	1.36679828292797	11.7198381239159	0.00268674614865738	0.0344737104834246
jcf7180000352391_32201_32400	HELPU_017155	1.60630171743656	1.77402448347381	12.5920744197673	0.00201103397292223	0.0289767978034122
jcf7180000351337_4901_5300	HELPU_017182	-1.67828270979379	2.18084586167246	13.9568086923729	0.00130043585931238	0.0225950829163037
jcf7180000417364_116801_116900	HELPU_017187	-3.41591755597967	0.409237621178195	18.2813380674729	0.000368023016916282	0.0108955473363158
jcf7180000357298_7301_7800	HELPU_017191	-2.66741489213072	1.65734430119762	22.3153996971722	0.0001294481928815	0.00603886105095653
jcf7180000348761_12401_12500	HELPU_017193	-2.58551697691361	0.46343549862236	21.2786429223262	0.000167225597226857	0.00699868827939684
jcf7180000374823_31701_31800	HELPU_017196	3.73936696506029	0.231492469146487	24.6956648673141	8.46730891633888e-05	0.00476320427634608
jcf7180000374823_35401_35800	HELPU_017197	-2.59364914313727	0.485703596650957	17.5117794740258	0.000455295389643103	0.0122532227105072
jcf7180000366838_401_1200	HELPU_017210	-1.47214762948345	2.47135745977149	17.3865334747758	0.00047069340824797	0.0125028670763479
jcf7180000370375_14401_15300	HELPU_017235	-3.41377835375642	2.5850507298438	18.9479984594211	0.000307206004394023	0.00984251613205445
jcf7180000415303_8701_9100	HELPU_017236	-1.61875906523316	2.12607563264302	12.5460551921012	0.00204154961833683	0.0292056204440797
jcf7180000392602_56801_57200	HELPU_017243	2.63849537621959	1.3166660938142	34.0689425665946	1.0288621796974e-05	0.00148236372004118
jcf7180000365064_19001_19200	HELPU_017251	3.00527450121604	0.121323651045859	10.585420816904	0.00397183057983072	0.0434943996593199
jcf7180000349957_30201_30400	HELPU_017253	2.18934553738817	0.536657714033221	14.8351556251809	0.000992459005839487	0.0192776221947757
jcf7180000347891_6601_6800	HELPU_017259	4.12897767399116	-0.14239158437002	19.3387464908287	0.000276772535921751	0.00929804446944163
jcf7180000421129_106801_106900	HELPU_017262	-6.21069476883628	0.127339760880421	10.5802106948058	0.00467435668399259	0.0479042235358339
jcf7180000356394_44201_44400	HELPU_017268	4.36676659818243	0.937969731926927	19.5550948178274	0.000291479288377674	0.00956037438166463
jcf7180000370703_23201_23400	HELPU_017270	3.2643191762725	0.573852008098319	54.51703768776	3.86589699871378e-07	0.000258714317675372
jcf7180000418687_24601_24800	HELPU_017274	1.49912407359039	0.74369868355462	12.2841532330377	0.00222270296084771	0.0307616032550602
jcf7180000417266_30001_30300	HELPU_017295	-2.96271231343245	2.9011249418118	25.0368962792695	6.78154333463108e-05	0.00420803554291186
jcf7180000358997_10501_10600	HELPU_017305	2.74330508755795	0.802383403909865	44.5942373374296	1.66038247853045e-06	0.00056765518182143
jcf7180000421506_44201_44300	HELPU_017307	2.08602629644029	1.41910643056483	31.3239794215909	1.75448712470834e-05	0.00199466306592042
jcf7180000421506_58101_58500	HELPU_017308	-2.35049531847197	0.371390863831541	16.9375405253454	0.000534514661981325	0.0134215333643662
jcf7180000355806_26001_26100	HELPU_017315	2.19992744801464	1.54233110563888	9.98668950724453	0.00491598961692449	0.0493748565119164
jcf7180000374846_9701_9800	HELPU_017324	-6.61346214632062	0.838781352879003	20.0226778281945	0.000754100854269563	0.016455324143978
jcf7180000361622_23101_23400	HELPU_017336	4.8417853508776	1.12553582738275	51.064357073776	6.30499994041848e-07	0.000338288283164946
jcf7180000348069_72501_73300	HELPU_017350	-3.92980418267836	2.54626003242139	49.7371867318274	7.6400594252444e-07	0.000375999879895958
jcf7180000372505_16401_16500	HELPU_017355	7.38402874806056	0.197004297001496	17.7424278519634	0.000583651003064522	0.014151646986774
jcf7180000364294_13701_14400	HELPU_017364	2.06240080591026	2.70811614811592	20.9664365677522	0.000181330518035057	0.00732139220316143
jcf7180000392813_87901_88100	HELPU_017367	-1.65057682154049	1.47031754469209	13.4339069038228	0.00153318999247092	0.0248569089247449
jcf7180000358971_8001_8100	HELPU_017385	6.42327284132992	-0.77064417027008	14.3893958034056	0.00296100699392828	0.036517216372439
jcf7180000416257_27101_27500	HELPU_017437	3.96703801793731	1.12084212688038	22.6316457464249	0.000119812011845135	0.00577793522723785
jcf7180000361314_36901_37500	HELPU_017439	-1.22636864878815	2.53179377528801	14.3136310997734	0.00116247350097298	0.0211211911777413
jcf7180000353498_14201_14500	HELPU_017453	-1.47839669936355	1.49766738733507	11.0851025068005	0.00333672933924859	0.0392656850931198
jcf7180000353498_50501_50600	HELPU_017454	-3.54181861487156	0.151546063433018	18.4312204890955	0.000353272774403692	0.0106579798771989
jcf7180000359004_6401_6600	HELPU_017457	2.57977205861016	0.549811441808518	15.8120225823148	0.000741277231289541	0.0163125513802287
jcf7180000365169_3101_3300	HELPU_017463	2.96699983824213	1.1457611571245	34.7195791999208	9.116841010965e-06	0.00138140267956943
jcf7180000394232_17001_17400	HELPU_017471	-1.67803542013074	1.35992341876898	12.0568278314052	0.00239968490526019	0.0321785837246705
jcf7180000394232_25201_25300	HELPU_017472	5.91616572013586	-0.14142151661991	19.5293980150984	0.000329705163128809	0.0102585509084213
jcf7180000354458_55101_55300	HELPU_017481	-3.95859559646991	0.404536161390091	16.2046818207648	0.000660865626785974	0.0152542315161114
jcf7180000370593_28601_29691	HELPU_017501	1.605830915528	5.44599124902889	10.8805584670696	0.00358197104362812	0.0409207219291111
jcf7180000358115_33601_34100	HELPU_017513	-1.2806041737585	3.89801315356047	11.9566236999624	0.0024811590393147	0.032836064323513
jcf7180000348059_8301_8400	HELPU_017515	3.77022776185444	0.724946345768033	11.7076306764114	0.00269783622495865	0.0345468424259811
jcf7180000351058_18601_18800	HELPU_017520	2.97772751074777	1.72397568541512	26.0585985314338	5.37686784781958e-05	0.00367995894602857
jcf7180000375120_10901_11200	HELPU_017527	-2.08889104465417	1.84619415276911	23.0326660038185	0.000108712165152024	0.00547242518945498
jcf7180000363756_18301_18500	HELPU_017536	2.24886416894359	2.05303061661599	20.2946736059887	0.000215426319815301	0.00807748586277488
jcf7180000417685_38601_38700	HELPU_017554	3.07942011425969	-0.194028852076634	15.2718452608141	0.000870109028682522	0.0178353710639604
jcf7180000354469_26401_26800	HELPU_017555	-2.82122546749208	0.465120305260601	23.4480694945483	9.83965880346315e-05	0.00518554545004515
jcf7180000354469_35401_35600	HELPU_017556	1.63008669559421	1.01479269725375	17.5336233952302	0.000451691363798319	0.0122134052920477
jcf7180000362300_16601_16800	HELPU_017559	6.21437548676834	-0.229245267476459	17.2863753611926	0.0011187618971611	0.0206871376473366
jcf7180000352579_25301_25600	HELPU_017567	2.46060646806406	0.464382339577831	21.8773611436339	0.000143908366143727	0.00642605665404122
jcf7180000357310_23501_23700	HELPU_017569	-4.02069327042806	3.73893572378486	17.2308484764602	0.000492659252866199	0.01281312193051
jcf7180000350373_10901_11100	HELPU_017570	1.77710305011692	2.22837949438828	29.0689173885851	2.78754897532848e-05	0.00256153124913831
jcf7180000365111_16101_16200	HELPU_017577	1.64725108513829	1.62267086405154	10.8761209834303	0.00358750849631584	0.0409694784343332
jcf7180000349178_53901_54400	HELPU_017584	-2.12411485361339	1.80826565661587	16.3579278399459	0.000632138697923038	0.0148628117072837
jcf7180000355799_25701_26200	HELPU_017587	2.59987539774717	3.97191181206709	31.8859594168583	1.57423482583098e-05	0.00188216107491291
jcf7180000359919_14201_14800	HELPU_017592	-1.47125930912489	2.42700768712669	11.8012004603569	0.00261410888128967	0.0339152155447379
jcf7180000359919_19801_20000	HELPU_017593	1.85334264949704	2.30578319719774	14.3479101810985	0.001151887898475	0.0210134255841346
jcf7180000421194_41801_42100	HELPU_017594	2.61268340319315	0.560233637401768	20.9752338504331	0.000180925472348577	0.00731590998073132
jcf7180000362324_30101_30500	HELPU_017607	-4.04917340443023	1.32214326030803	15.4079137413196	0.000835481014346623	0.0174102815930346
jcf7180000394051_17501_17700	HELPU_017620	-1.96805148729671	3.8475828431353	14.1296678255479	0.00123231721309054	0.0218698677672844
jcf7180000348443_37001_37200	HELPU_017626	2.2082244781565	-0.00163003083836225	10.5172294321676	0.00450052867015226	0.0468546167665385
jcf7180000361362_76801_77300	HELPU_017653	-4.49598057585893	4.79729760631334	80.2386614372545	1.91883387619219e-08	5.496058306561e-05
jcf7180000357296_10401_10500	HELPU_017674	5.8186133553993	-0.481919713525441	19.807023127474	0.000544215747679569	0.0135830103719432
jcf7180000370270_17001_17500	HELPU_017690	3.12411343981079	3.83106553736664	41.7589228387937	2.63988972136349e-06	0.000720513462204894
jcf7180000414368_11201_11600	HELPU_017696	1.95083133533362	1.69397017152085	16.3287223396278	0.000637505295592613	0.0149303948733201
jcf7180000358105_41701_42000	HELPU_017704	-2.7080181295091	0.618268680973976	10.058601800862	0.0047903862652541	0.0486317419294653
jcf7180000414132_34701_35000	HELPU_017707	-3.27368172008721	0.727434232346705	15.6587229052838	0.000775556767249899	0.0166979662134857
jcf7180000347287_74601_74800	HELPU_017709	1.91722362587221	0.675228370140294	13.1125782110402	0.00169889845551539	0.0263412397656778
jcf7180000417791_11801_12000	HELPU_017714	2.15502455117026	0.149596106989696	10.5325731464959	0.00404649407382576	0.0439924526715134
jcf7180000413659_67501_67800	HELPU_017731	2.484028691445	2.11171813090559	47.1780965708453	1.11242102594081e-06	0.000457927432362338
jcf7180000354467_41301_42000	HELPU_017732	3.02541012439234	2.65478497471992	19.3836950828747	0.000273490625481858	0.00924095356801997
jcf7180000354467_48201_48400	HELPU_017733	7.25945759080675	0.808956194505216	24.9274480411055	9.37887052019537e-05	0.0050476545405637
jcf7180000355887_35501_35600	HELPU_017735	6.59740911034327	-0.706760623960259	13.6018226844733	0.00218440592113176	0.0304493300940241
jcf7180000416375_18901_19100	HELPU_017753	1.77634983711698	0.144183926401632	10.6540459658234	0.00387343900919033	0.0428526747740432
jcf7180000347177_14201_14300	HELPU_017762	5.80017218320784	-0.274978430887374	11.411748852877	0.00492899293370197	0.0494482385563187
jcf7180000351226_27501_27800	HELPU_017765	2.53825567214125	1.01470836602425	17.0002056746009	0.000525872181525963	0.0133201265774617
jcf7180000359240_18001_18200	HELPU_017771	1.63726307860819	1.36351971575242	11.7545448949919	0.00265549119335519	0.0342383243771842
jcf7180000348302_11701_12100	HELPU_017780	1.99770745648718	0.914987068313784	16.8647451829337	0.000546526448124532	0.0136145356546326
jcf7180000362721_12901_13500	HELPU_017784	4.37123608525153	2.74803649500567	41.6223523408423	2.70031268982311e-06	0.000730243327724506
jcf7180000351524_30501_30600	HELPU_017792	2.48280102779564	-0.115503655643297	10.4904584767235	0.00410437309080823	0.0443623875955067
jcf7180000354503_14401_14600	HELPU_017793	2.98457371058875	1.50236116059301	24.7511158154913	7.24361306005941e-05	0.00437161053087576
jcf7180000354503_28001_28400	HELPU_017794	2.52084304150128	2.25349619908539	24.0572423705009	8.51672719113646e-05	0.0047764822546531
jcf7180000359552_9201_9300	HELPU_017797	8.01796731835072	0.0946547926997097	13.7309976051248	0.00161415413339465	0.0256057446813154
jcf7180000418341_1101_1400	HELPU_017801	4.91057925758259	1.63633990663695	98.6782406713513	3.44321205307604e-09	2.17606562216329e-05
jcf7180000365881_5401_5500	HELPU_017808	-6.93091478541677	0.905616553477256	14.4670577314241	0.00155560893864966	0.0251010310106815
jcf7180000360510_20201_20500	HELPU_017816	-2.1754594034825	0.964398829360251	13.0026743078463	0.00176004939546327	0.0268346446622856
jcf7180000364491_15301_16000	HELPU_017817	-1.39060679020402	3.38921987680197	10.3253219077867	0.00435470815166778	0.0459836310325437
jcf7180000414374_27601_28000	HELPU_017821	-3.54241734475957	0.491232309886808	29.299229417962	2.66505509645893e-05	0.00250885810024224
jcf7180000351609_1401_1500	HELPU_017828	5.05104814116078	1.10859096082995	13.5810157609597	0.00199748716058283	0.0288796252054039
jcf7180000351391_6001_6100	HELPU_017835	-2.4025429663521	0.645571026088926	13.2181031669843	0.00164238975810364	0.0258620427633281
jcf7180000351391_11801_12000	HELPU_017836	1.77382452769923	2.02119463330286	31.5469452101422	1.67792239171998e-05	0.00194276353214788
jcf7180000356414_25201_25400	HELPU_017841	6.88001862596204	0.50122276796396	22.0064980788863	0.000209045600869074	0.00794431528726631
jcf7180000358043_27201_27700	HELPU_017846	-5.88973205605073	-0.395230138536703	11.8182941026647	0.00292863446131777	0.036266320054123
jcf7180000417748_55601_55700	HELPU_017869	-6.71543634575566	1.10527379434885	20.2199223897048	0.000219638248272158	0.0081777206615478
jcf7180000374831_33901_34300	HELPU_017871	2.72002709116102	1.700552612826	15.2061404769177	0.000887410804757964	0.0180639908019621
jcf7180000362943_21701_22000	HELPU_017873	4.79249260103708	-0.073285208221835	16.4750788821591	0.000611107823958518	0.0145513160439743
jcf7180000349101_9501_9700	HELPU_017874	1.377721151909	1.08382087988884	10.5251554828401	0.00405328041407914	0.0440311354785696
jcf7180000361281_7701_7900	HELPU_017879	-3.2051281523381	0.299880331332412	10.7298672029711	0.00377544019608514	0.0421955677011112
jcf7180000348202_7601_7900	HELPU_017881	-4.82986861437209	1.32807507509888	16.0382686582082	0.00069370432529301	0.015698479006139
jcf7180000365639_23101_23200	HELPU_017889	3.75371036660241	0.893372818391806	10.9574053373678	0.00348756367699254	0.0402730366598106
jcf7180000361498_8801_9100	HELPU_017900	5.69177308443366	-0.519784236604331	14.2696360124902	0.00164357370292982	0.0258682836558464
jcf7180000420544_110201_110400	HELPU_017920	3.18671296235195	1.4781174224662	41.9063296418191	2.57633741604313e-06	0.000708188672807087
jcf7180000418055_11101_11200	HELPU_017921	1.50770713310657	0.552087431622781	10.7974656440859	0.00368366090869396	0.0415671883975293
jcf7180000418055_82701_83200	HELPU_017922	-1.34659943816522	1.59301023554406	12.3187139879954	0.00219745956518934	0.0305539684892469
jcf7180000418335_1401_1700	HELPU_017927	2.67399992778126	0.252444057041071	18.2803186034617	0.000368125643561549	0.0108955473363158
jcf7180000354015_10001_10100	HELPU_017942	6.95266873935417	-0.719959286199586	24.4294551999574	0.000434549297240309	0.0119426838956678
jcf7180000348174_15701_15900	HELPU_017945	-4.132012446328	-0.812946297911851	12.4605311545007	0.00256092456909929	0.0335062096452313
jcf7180000361462_27001_27200	HELPU_017955	-2.301772179422	1.62758347356087	16.0672840166912	0.000687851232866224	0.0156203254639003
jcf7180000417263_65701_66200	HELPU_017957	-3.23094220846337	2.99612930004792	23.1773352779326	0.000104990230911931	0.00539118624406805
jcf7180000376732_12901_13000	HELPU_017964	6.99214499692619	-0.601726757879082	21.0698559522371	0.000351768440054353	0.0106327595247486
jcf7180000352583_22001_22100	HELPU_017970	3.02188533312387	-0.0537843637911165	11.1902085492708	0.00321799908355582	0.0384002759449086
jcf7180000421185_64301_64600	HELPU_017973	1.52791297629094	1.21048940862915	12.6909742375852	0.00194478685733716	0.0284486858818893
jcf7180000392589_83501_84400	HELPU_017984	-1.38115751078768	1.35641162165909	17.7688708793149	0.000423036282731239	0.0117817781917309
jcf7180000354661_38701_39100	HELPU_017986	-4.16189743800597	1.88358985470051	44.218200537692	1.77145453804734e-06	0.000589194545341301
jcf7180000354661_42301_42600	HELPU_017987	-2.40426807435005	2.832588998324	12.5250077184159	0.00205567692046357	0.0293286199092259
jcf7180000413678_3501_3700	HELPU_017993	-5.69242627642302	0.289436883395116	14.0411132036976	0.00147114112639675	0.0242461901956639
jcf7180000357159_42101_42600	HELPU_017998	2.47029620388615	1.99859942631925	33.2981833034968	1.19454797298199e-05	0.00161012137532853
jcf7180000395916_3501_5200	HELPU_018024	-2.53245959995203	3.91127960508197	29.0793468563821	2.79071674916705e-05	0.00256166173940249
jcf7180000365423_13901_14800	HELPU_018028	-1.40783090443256	3.33289825932845	13.00033512313	0.00176137713313129	0.0268388122449637
jcf7180000347509_3901_4100	HELPU_018035	-5.95643792970286	0.445380712067605	19.8386369275003	0.000346770353434685	0.0105540741709953
jcf7180000361157_42801_43100	HELPU_018040	-4.0235702530884	0.808603041747972	21.2281885212532	0.000169695188062224	0.00705470256477164
jcf7180000350718_401_700	HELPU_018054	-3.99815060795885	0.207063463243614	27.95055373528	3.54761648591245e-05	0.00290797487992963
jcf7180000350718_6501_6800	HELPU_018055	-2.06201330410709	0.870457938733263	11.1253362151631	0.00329071587361418	0.0389346650667824
jcf7180000354235_21901_22100	HELPU_018058	-3.90172881756984	0.660639944894356	14.4658282657578	0.00119717970347233	0.0215095089026764
jcf7180000354546_76001_76100	HELPU_018061	-3.39653144063809	0.626035157685753	14.1811898933541	0.0012127845186008	0.0216770191144632
jcf7180000369257_7601_7700	HELPU_018086	1.03992756531232	1.97487338053383	10.3827596825461	0.00426281683376019	0.0454016226246023
jcf7180000394367_4401_4800	HELPU_018096	-2.18973067974963	1.33850073048231	18.0624903879698	0.00039079585034954	0.0112764404415449
jcf7180000394367_15701_15800	HELPU_018097	5.42310760206853	-0.286299701264805	21.8571979309732	0.000215613894630025	0.00808028797555856
jcf7180000366734_8401_8600	HELPU_018112	-1.42848722130483	1.49745793445473	17.4467241886324	0.000462812937337197	0.0123827791953168
jcf7180000348164_14501_14700	HELPU_018115	-2.19261874166206	0.520287017971258	21.9223150385105	0.000142291894293699	0.00638348877043971
jcf7180000347250_24001_24300	HELPU_018121	1.68087317873093	1.28859773374656	15.0771308238486	0.000921076889757209	0.0184645359954149
jcf7180000352244_83301_83800	HELPU_018124	-3.7591448755962	2.75525922600707	44.1604272753499	1.78781011093636e-06	0.000592585818794254
jcf7180000351829_12901_13100	HELPU_018130	3.03945502284376	0.110524108560746	13.7156985723277	0.0014025085975239	0.0235478627748537
jcf7180000413562_46901_47200	HELPU_018138	2.86190316397437	1.15722399699312	13.9329301868081	0.00131016875761397	0.0226833696331155
jcf7180000365291_6401_6700	HELPU_018143	2.12520114954776	1.53333564773191	18.7399972679917	0.000324898680654563	0.0101715766098857
jcf7180000351897_28101_28400	HELPU_018144	2.06828314680163	1.09605704836845	28.7418937035987	2.98662371401648e-05	0.0026716104638807
jcf7180000393366_49701_49900	HELPU_018159	3.28402045092817	1.97260818259609	17.0925488604296	0.000512286706353101	0.0131257486752482
jcf7180000359999_32701_33000	HELPU_018177	4.44131019303176	0.374727207185946	17.001881589039	0.000576195108455895	0.0140464373263603
jcf7180000417671_37201_38100	HELPU_018182	1.93617013025148	1.69481683350716	33.9568874822401	1.04885203126186e-05	0.00150059710668452
jcf7180000372680_14901_15200	HELPU_018199	-3.08412947395344	0.89616998538621	12.4701497009599	0.00209300968322243	0.0296735378179652
jcf7180000413567_49301_49400	HELPU_018212	-4.96630859628281	-0.121954357428797	25.7432089962656	5.77286648079333e-05	0.00382892481585184
jcf7180000422580_12801_13000	HELPU_018220	2.45869982453236	0.38641411208382	10.1825697083458	0.00458214409217313	0.0473586250269974
jcf7180000363075_17801_18300	HELPU_018222	-1.74889937512614	1.54119039270624	16.9887256847147	0.000526780039546742	0.0133262406965395
jcf7180000396576_15101_15200	HELPU_018235	-2.55019375893101	2.88599089154603	20.5039324104498	0.000204101771999161	0.00782077033423459
jcf7180000353158_26101_26300	HELPU_018238	-4.78547340897576	-0.628582959522458	13.0943524178836	0.00229970079309047	0.0313525615750975
jcf7180000353103_9101_9400	HELPU_018244	-2.37769920211974	1.57060631021975	24.5398513467734	7.60750255713482e-05	0.00450484625787152
jcf7180000392403_61701_61800	HELPU_018245	-6.92105107596355	-0.545462181556254	18.7118455237101	0.000818201316817594	0.0172247011213512
jcf7180000373149_15501_15800	HELPU_018246	-3.06878786466747	0.517127312870067	13.2433726024162	0.0016291687386563	0.0257315521416566
jcf7180000352267_22301_22600	HELPU_018249	1.84053795362649	3.10557424339344	11.1706075287233	0.00323978065592654	0.0385621947280199
jcf7180000357212_54001_54300	HELPU_018256	3.1699778239831	2.12820593567667	17.3940357892611	0.000470560347518569	0.0125028670763479
jcf7180000353901_22901_23100	HELPU_018264	1.26486609913323	1.56180164744258	14.6063930256866	0.00106249706395868	0.0200611632523726
jcf7180000374793_1601_1800	HELPU_018270	6.8523271087941	-0.303433686711449	22.1338499304286	0.000175778151018518	0.00719433666448151
jcf7180000416186_9301_9400	HELPU_018282	3.62559713778256	-0.172568592446017	14.7576564705718	0.00109719250374442	0.0204599972180992
jcf7180000392954_14301_14500	HELPU_018310	-2.2388324829511	1.82674420139996	10.2783728109096	0.00442809471099946	0.0464248127301407
jcf7180000355803_31801_31900	HELPU_018314	-5.61889074331256	-0.355663086791245	13.2345777625598	0.00187657843274997	0.0278311360615791
jcf7180000355803_44601_45200	HELPU_018315	-2.94871443284873	1.88152251592218	20.5230127691077	0.000203102317489289	0.00780125888313055
jcf7180000355602_8501_8600	HELPU_018316	1.81814605597577	0.987896999260629	14.5557784370207	0.00107998354727479	0.0202630975694534
jcf7180000355972_10401_10600	HELPU_018336	-1.54760453024628	0.750083662549155	12.9735720248533	0.00177442946022973	0.026955423336262
jcf7180000417236_113001_113400	HELPU_018340	-1.68954748903717	1.31712197906359	27.6207897851675	3.7975480817618e-05	0.0030322258764754
jcf7180000393150_19301_19400	HELPU_018351	4.67091819131686	0.719558076604628	13.1133345729691	0.00169848584494725	0.026339090449952
jcf7180000363819_59601_59800	HELPU_018365	4.85500105778431	0.983878310225696	17.2597313784389	0.000488665877937759	0.0127595396504231
jcf7180000417307_3101_3200	HELPU_018371	-5.88386080271429	-0.175001231975101	33.4853243320156	1.72890986694478e-05	0.0019745074420231
jcf7180000347822_16701_16900	HELPU_018381	6.11419752510248	0.609083446527217	22.6170200143065	0.00015716986517636	0.00673943519283294
jcf7180000374822_18201_18800	HELPU_018386	-2.09709267277203	1.53621107626706	14.8732665421047	0.000981058104983623	0.0191718311957525
jcf7180000416228_20101_20200	HELPU_018416	7.03422017073702	0.124768410864573	28.7712502721993	4.22538917678707e-05	0.00321708013221582
jcf7180000348584_7601_7800	HELPU_018461	1.83240412876916	0.651483198199222	10.7603171494768	0.00373543009335643	0.0419212065848707
jcf7180000362544_7501_7700	HELPU_018467	4.00165024677337	0.861439577671859	12.5836108503105	0.00201660810621338	0.0290125576391773
jcf7180000418196_19001_19400	HELPU_018470	1.67696873646313	1.15701664785196	13.1534729570475	0.00167674784633365	0.026152573261915
jcf7180000351796_2401_2600	HELPU_018480	1.41568591964154	1.91532252750197	12.6794067845006	0.00195332254347788	0.0284971382957642
jcf7180000374855_17401_17500	HELPU_018496	1.84849884289192	0.808739710737959	11.7055763323406	0.00269970751331606	0.0345641482172617
jcf7180000413416_55601_55700	HELPU_018510	6.40019122234418	0.2063331708738	31.1787360689389	3.26861961755303e-05	0.00278757851199028
jcf7180000355449_11601_12000	HELPU_018512	4.62639506918829	1.64983787650987	66.2702019449827	8.78310353106948e-08	0.000117488392313254
jcf7180000348826_22801_22900	HELPU_018514	4.00456515060884	-0.12894423121115	12.0300215561121	0.00242122921016331	0.0323558343987564
jcf7180000417613_42401_42500	HELPU_018528	1.78544144977776	0.0653065079412778	10.497035037193	0.00409373672877487	0.0443159881330662
jcf7180000393515_24601_24700	HELPU_018534	3.94627815599345	1.46500983083139	18.870307094434	0.000313686937574708	0.00995493875531296
jcf7180000352221_19901_20200	HELPU_018537	1.97845253042141	0.65395303816338	15.2811748725255	0.000866993340731609	0.0177959303491306
jcf7180000413477_45301_45600	HELPU_018551	-1.39506288672536	2.71399259002191	13.775433423251	0.00137570839350411	0.0232950393224749
jcf7180000418954_15301_15500	HELPU_018557	-1.53286540856136	1.01490849920766	13.8803408020151	0.00133007208992167	0.0228550562975326
jcf7180000398742_17601_17900	HELPU_018567	1.23559973972781	1.61288805735797	10.5068332557564	0.00407958957862659	0.044221212640194
jcf7180000350843_42101_42200	HELPU_018572	-2.88315103020025	1.61759537496237	34.2076180382956	1.00144473446914e-05	0.00145536725336256
jcf7180000382070_5301_6100	HELPU_018575	-2.22013292344391	2.68469033603914	20.8745695427866	0.000185620544324538	0.00741309755287847
jcf7180000348769_12301_12800	HELPU_018579	1.51825947553721	3.0845786633065	12.387152284558	0.00215092771125186	0.0301898256260468
jcf7180000369471_18401_18500	HELPU_018583	-3.82149709597763	0.430690243192997	27.9212424402215	3.57007287047945e-05	0.00291827985751375
jcf7180000365337_8301_8500	HELPU_018584	2.59436667353491	0.228744677697083	15.3866147509906	0.000840800882598678	0.0174679934050018
jcf7180000413644_63201_63300	HELPU_018589	-4.2421551773599	2.58291357968769	15.9524993313426	0.000711330200886734	0.015947415110315
jcf7180000417487_17201_17900	HELPU_018592	5.05378766682035	2.81034264839018	35.0112013582501	8.63291182875964e-06	0.00133658037233954
jcf7180000352609_29101_29200	HELPU_018595	2.86029897794151	-0.157876472360451	11.5143965149534	0.00288031526297639	0.0359040502139207
jcf7180000357968_17801_17900	HELPU_018596	-5.23038160202594	0.851954057082939	57.0771561025552	2.75875331013374e-07	0.000212414364075719
jcf7180000421989_15301_15800	HELPU_018599	-2.51490414159532	2.44710097948628	35.9899361198043	7.19234610844147e-06	0.00122770090512668
jcf7180000421989_23601_23700	HELPU_018600	-1.93504944440954	0.117284921278961	13.0389915579013	0.00173739092012856	0.0266542940053382
jcf7180000413770_18301_18400	HELPU_018617	2.80588425439215	-0.139845233790548	18.2024711946922	0.000375331596269246	0.0110047193289601
jcf7180000370754_11701_12000	HELPU_018622	-1.5594585328414	2.85905377988805	11.5892545468559	0.0028080483958419	0.0353915734139172
jcf7180000421402_54501_54900	HELPU_018662	-2.9314860256514	1.06039803503124	36.3761788908429	6.69569749104325e-06	0.00118745911292239
jcf7180000358256_8801_9000	HELPU_018667	2.32743744402738	1.37569435660453	33.2863439143018	1.1926847270433e-05	0.00160836679996625
jcf7180000361114_44301_44600	HELPU_018670	-2.28204215773939	0.140463336830152	20.4382384820623	0.000207123887362799	0.00789327749942316
jcf7180000358956_7701_8200	HELPU_018671	-2.46708359319364	1.69728339834479	18.4856245460264	0.000348081151606864	0.0105737448309788
jcf7180000370342_21501_22000	HELPU_018679	-2.06997221887392	4.59425476270969	18.8228002103322	0.000317724161733003	0.0100358616783649
jcf7180000350841_48901_49100	HELPU_018680	4.89629933536133	1.37267385357833	18.6365925560859	0.000334110435229482	0.010339050305907
jcf7180000351343_43701_43800	HELPU_018696	3.06253237089803	0.00802246275506086	12.8470044732261	0.0018508754241954	0.0276004381788135
jcf7180000363032_10201_10500	HELPU_018703	-1.94413883998555	1.43266531944804	11.153225588585	0.00325923311981157	0.0387061999832493
jcf7180000363032_10201_10500	HELPU_018704	-1.94413883998555	1.43266531944804	11.153225588585	0.00325923311981157	0.0387061999832493
jcf7180000397712_2701_3000	HELPU_018709	1.36925471169208	0.479283808085828	14.9550067961721	0.00178577670111021	0.0270474677790118
jcf7180000351600_64501_64900	HELPU_018712	-1.67902760178816	3.47320752723996	15.2522770539068	0.000875229604558153	0.0179089434165437
jcf7180000418690_31701_32000	HELPU_018717	-4.10455225711468	-0.0498339416710158	15.3039508785116	0.000861805352426505	0.0177279748405247
jcf7180000418686_9701_9900	HELPU_018718	-1.69674106563674	0.319246605557191	11.7304094423035	0.00267426312818651	0.0343597167279899
jcf7180000351037_5901_6100	HELPU_018720	-5.06049936778597	0.0437067550104193	19.1132308458885	0.000293908122709161	0.00960839494707719
jcf7180000354730_16601_16800	HELPU_018727	8.45601603412278	0.770681750537654	27.0015256577914	0.00010771367468054	0.00545029273592252
jcf7180000377597_17901_18300	HELPU_018728	1.62210214322588	1.72953568951548	20.630411334376	0.00019713291154408	0.00767211680627475
jcf7180000362317_8101_8300	HELPU_018730	2.65026297924231	0.239717673748131	10.4382624279768	0.00418363888327824	0.0448911817387133
jcf7180000421285_16301_17100	HELPU_018732	-2.47331227932638	1.39528154277469	11.2360337915063	0.0031677067817941	0.0380107561955986
jcf7180000418126_41501_41700	HELPU_018742	1.96439296237359	0.171388473423741	13.7572851809202	0.00138242111309055	0.0233507154247039
jcf7180000357359_13801_14200	HELPU_018744	-2.78995299513344	-0.339995268758561	11.7414383583858	0.00266433361665291	0.0342972187052668
jcf7180000350409_3801_4100	HELPU_018769	1.36749625347867	0.230016367303796	10.3473721293236	0.00431673675416177	0.0457397762518811
jcf7180000370381_9301_9500	HELPU_018776	-6.10307143999533	-0.463972407014101	29.0275415831863	4.85581251985402e-05	0.00348169834403326
jcf7180000385629_10701_10800	HELPU_018789	4.4276914307866	0.809109902070457	20.7799586669073	0.000190156019301282	0.0075249817823167
jcf7180000348590_27101_27300	HELPU_018792	3.82270605459209	-0.466064362940792	11.7872793282207	0.00278083399977572	0.0351874143327795
jcf7180000360294_11001_11200	HELPU_018795	2.61788762950756	0.0641327805577044	12.507631245166	0.00206742180247022	0.02944338825657
jcf7180000372704_12401_12500	HELPU_018800	6.11081065063473	-0.0921195835134172	11.071155472751	0.00458164910384196	0.0473571071875788
jcf7180000351080_11101_11200	HELPU_018830	-7.69791574637465	0.140191145812481	16.8820288978911	0.00105854701062949	0.0200235401276959
jcf7180000370555_16101_16600	HELPU_018831	1.0915521568082	3.28547667519005	17.0220690745531	0.000521693445011939	0.0132601766252207
jcf7180000366888_4801_4900	HELPU_018833	4.02659748433116	-0.645386676731734	14.6584155444914	0.00104627983204062	0.0198896038899453
jcf7180000348904_40101_40600	HELPU_018844	-2.53742823456631	2.60215997352963	14.0888717487754	0.00124803042696076	0.0220252378991429
jcf7180000349579_30501_31200	HELPU_018849	-1.0925978686159	3.1225731936937	12.9527393449504	0.00178640708802698	0.0270504150749015
jcf7180000365067_22601_23300	HELPU_018854	-3.20558036437459	0.948409441562916	16.4374536258487	0.000617776821405553	0.0146528620093349
jcf7180000378837_5201_5400	HELPU_018856	-8.03849998893564	0.393283706664017	30.6852314419227	2.91327287013579e-05	0.00262815750669097
jcf7180000348437_20501_20600	HELPU_018857	-3.74074453059588	-0.572016520995677	10.7425189097624	0.00417492247439147	0.0448383273064015
jcf7180000362139_201_600	HELPU_018862	1.78336193007435	0.945132789810604	10.7933665131424	0.00369253605806339	0.0416230627903551
jcf7180000415792_5401_5800	HELPU_018863	1.67189952895843	4.81353183448083	12.5015344720946	0.00207156024837789	0.0294803061449087
jcf7180000347647_38501_39000	HELPU_018870	-2.55211388018301	1.84313864794249	32.9023027913124	1.28522108445809e-05	0.0016770934831803
jcf7180000414806_34701_34900	HELPU_018883	6.69971715698193	0.569174083470143	15.3926375472925	0.00120816852884856	0.0216309593206968
jcf7180000413761_33901_34100	HELPU_018886	-5.7964767127619	1.59098640384842	25.3153799306285	6.36233697871302e-05	0.0040382080480588
jcf7180000350295_1401_1600	HELPU_018888	4.90437333728443	0.466842344621313	34.348789712778	9.77578169597585e-06	0.00143604911044392
jcf7180000417464_66901_67200	HELPU_018891	2.94752099808227	0.272219152813241	19.3043711207911	0.000279311769729459	0.00933469835568303
jcf7180000362066_11301_11500	HELPU_018892	5.31762136231588	-0.532606977630979	12.6620830097592	0.00313706531059846	0.0377918996348749
jcf7180000420955_10101_10400	HELPU_018893	-3.76430260702806	3.04913566983072	18.6167265883754	0.00033591298411484	0.0103690643712751
jcf7180000360161_25301_25600	HELPU_018914	4.10073404685422	-0.293276968882451	15.8657416041093	0.000729485888995984	0.0161878514969725
jcf7180000361323_2101_2300	HELPU_018923	1.73604505632073	0.567783816189676	10.7093116161717	0.00380230896278233	0.042391367610387
jcf7180000349856_38201_38500	HELPU_018956	1.71425406523071	2.40621592928816	16.8033695837717	0.000556178217259872	0.0137711815049163
jcf7180000367493_32201_32600	HELPU_018983	1.17969791759053	2.38203201274682	11.3345295049695	0.00305934445032098	0.0372456689281288
jcf7180000359182_11701_11900	HELPU_018988	-2.94283818107798	0.12665197175934	12.1355215225593	0.00233765562403605	0.0316746786341214
jcf7180000413452_58801_59400	HELPU_018990	2.98664974700914	1.47524034482196	19.3254923895983	0.000277748558210077	0.00930899675666249
jcf7180000354000_77201_77700	HELPU_019000	-2.20442447815707	1.69262894752852	31.6054543548088	1.65844546996172e-05	0.00193501936157574
jcf7180000354581_3701_3800	HELPU_019011	7.88382284638705	0.102426353510245	56.7334066858467	1.18478901165823e-06	0.000472652354810353
jcf7180000354581_35701_36000	HELPU_019012	-2.40269125682625	0.792417682041797	19.2691074283505	0.000281943357052732	0.00939025464308637
jcf7180000363698_27701_27800	HELPU_019024	3.70131242850792	0.121167078331097	20.0162019806215	0.000231585420222056	0.00844459798318812
jcf7180000351775_9701_10000	HELPU_019040	1.79793684597928	1.99303757277529	14.2654191354316	0.00118158524794066	0.0213345431731545
jcf7180000356081_10001_10200	HELPU_019048	1.95602002189937	1.0629686178935	20.0953492907132	0.000226562611133274	0.00833679971981889
jcf7180000359945_15801_15900	HELPU_019054	5.91617224695061	-0.143591421897165	20.2387402560334	0.000276546396304536	0.00929698732674896
jcf7180000358110_35001_35300	HELPU_019072	-1.94014519492034	0.00601868012306324	13.5834384235809	0.00146030304594615	0.0241258098676111
jcf7180000366081_3301_3500	HELPU_019074	1.87604901949261	-0.166446016130146	10.4148333325939	0.00421459162619635	0.0450706703896558
jcf7180000395383_20401_20700	HELPU_019082	1.63908979667528	1.27484736369938	24.4408972201237	7.76352684315349e-05	0.00454927107836319
jcf7180000392744_28401_28600	HELPU_019085	-1.5371768840951	2.40825864302001	10.924902494053	0.00352715277148965	0.0405210888368148
jcf7180000417193_126001_126500	HELPU_019089	-1.53574962764773	3.76099728323061	27.2875595388747	4.08327204538548e-05	0.00315153060084465
jcf7180000363798_13201_13400	HELPU_019104	3.22999733723631	0.106846448992858	18.5673202104715	0.000340442607097601	0.0104516570999454
jcf7180000354461_32101_32200	HELPU_019106	6.39553951678073	-0.289217179175112	36.3868081682254	3.02913589230342e-05	0.00269114859250865
jcf7180000354492_22801_23000	HELPU_019124	5.0495043072289	0.368354176825755	18.3740435619167	0.000396998259376039	0.0113774219913705
jcf7180000371683_8701_9600	HELPU_019144	-0.983831107250405	3.71313662505545	10.6804722746589	0.00383767068314666	0.0426315738737841
jcf7180000371645_11701_11900	HELPU_019149	6.26826190021561	0.251379251917086	23.0556758669641	0.000108110582015097	0.00545941284817317
jcf7180000370437_5701_5900	HELPU_019153	5.60498392512527	-0.198333259074974	18.9997158788851	0.000425434316390226	0.0118126150558878
jcf7180000421163_100601_101000	HELPU_019155	-2.99968363291144	1.4032229337272	52.3495628754509	5.22189494556982e-07	0.00029703489986104
jcf7180000421163_102501_103000	HELPU_019156	-2.20066889805801	1.72588631980589	24.367046269745	7.90669728637362e-05	0.00459276712540476
jcf7180000355269_36201_36300	HELPU_019160	-3.16080429626305	-0.253525271007824	11.8985655052125	0.00285015059581696	0.0356691608645984
jcf7180000370297_3201_3500	HELPU_019166	-4.86159219300609	2.99154161882223	15.8063127481691	0.000742523576289303	0.0163272532155547
jcf7180000352933_2001_2300	HELPU_019167	-2.0401029488694	2.22395413182307	38.2879115387612	4.74979804120222e-06	0.000992319769181202
jcf7180000362404_10101_10200	HELPU_019173	-7.43082123987769	-0.1610117793251	21.7175130781767	0.000259896355152241	0.00897315975375975
jcf7180000361191_17101_17300	HELPU_019180	1.84642631364004	0.404152886375654	14.5870918155574	0.00106932882016556	0.0201450043392239
jcf7180000349462_14901_15100	HELPU_019184	4.63579100025913	0.00518503356196226	21.2241704743687	0.00016986744926133	0.00705625541272574
jcf7180000419797_11001_11200	HELPU_019185	6.45772312785418	-0.922748146944153	19.8387749741281	0.00039667531296238	0.011371767192074
jcf7180000352789_14701_15000	HELPU_019217	-2.04010343776734	2.22876724123163	37.6613614168245	5.30613454640451e-06	0.00104526836294567
jcf7180000417224_32901_33100	HELPU_019222	2.20417745746459	0.387529224719846	10.6273504748845	0.0039136793941532	0.0431211034744973
jcf7180000368617_15601_15900	HELPU_019227	5.78221701086667	3.88117995521217	47.960733900851	9.9385809311735e-07	0.000430656574508555
jcf7180000357935_28201_28300	HELPU_019229	-3.79699604976248	-0.182763085130211	13.8396136113413	0.00134898480099082	0.0230416643564552
jcf7180000395356_11801_11900	HELPU_019234	4.16396475174389	-0.142028722109166	22.7343002069254	0.000116856290490522	0.0056924833105694
jcf7180000348768_10501_10700	HELPU_019257	-1.83210563993906	1.33567822239804	12.2907132701373	0.00222046578264222	0.0307452279004511
jcf7180000362940_6701_7100	HELPU_019291	-2.07546916058806	1.02460837094236	26.1116802317312	5.29753632521429e-05	0.00365276224608125
jcf7180000351040_7101_7200	HELPU_019309	7.20922707923401	0.0202197400422468	38.5306846239959	9.47039989274935e-06	0.00141511135206051
jcf7180000365280_11001_11100	HELPU_019315	7.12217725755841	-0.350475124874577	25.4924025502736	0.000221017742623566	0.00820975865211259
jcf7180000363248_13401_13800	HELPU_019320	1.47635388958982	0.555291167253848	11.4928249808371	0.00289844259466074	0.0360442635954427
jcf7180000355145_27001_27200	HELPU_019322	1.57101261392332	1.79676567281673	13.1946585001743	0.00165476230305771	0.0259730120215682
jcf7180000395844_8901_9000	HELPU_019329	6.20571427305615	0.166494576173581	26.8160925442485	6.28222513785152e-05	0.00401651540080223
jcf7180000353525_12501_12700	HELPU_019338	3.25498989722921	2.3389599261215	15.819686475538	0.000739607985014993	0.0162956282584066
jcf7180000394902_41001_41100	HELPU_019340	-5.22519463801964	-0.422866814760911	13.156588332344	0.00225792166885848	0.0310435237289939
jcf7180000361958_7101_7600	HELPU_019341	1.43051898298203	0.752795144498599	12.3847528470937	0.00215010253232063	0.030182680750098
jcf7180000352538_19601_19800	HELPU_019349	3.53580582895948	0.74461729125394	23.9055179369062	8.82682876170099e-05	0.00487056661948843
jcf7180000358975_9401_9800	HELPU_019352	4.31993520002483	2.60260364407032	16.4682121327343	0.000612318985419794	0.014567820274253
jcf7180000417877_74801_75000	HELPU_019353	1.70852805703495	0.222517137452536	13.8996503835215	0.00132205842133698	0.0227847095132329
jcf7180000358222_4901_5100	HELPU_019366	5.2327432565437	1.36935760920661	19.5423066678022	0.000262248182990489	0.00902187309791669
jcf7180000372804_8801_9300	HELPU_019381	-2.82461904430779	1.42506076084135	19.2336653650077	0.000284615846014598	0.00944302825511678
jcf7180000420457_128801_129000	HELPU_019395	2.55155543527278	0.423384199093273	20.0814232004684	0.000227684276033568	0.00836069043247997
jcf7180000358262_15701_15800	HELPU_019407	-7.1156370819244	0.446783973946536	34.0260018243959	1.57662301005367e-05	0.0018827216762084
jcf7180000350044_26801_26900	HELPU_019410	5.77253930736288	-0.522065250722765	10.4382576684325	0.0046282458624641	0.0476305898838748
jcf7180000361702_12701_12900	HELPU_019442	1.84687495059569	0.239778437820247	11.4895397346446	0.00290476568219143	0.0360908914264106
jcf7180000353547_1201_1400	HELPU_019443	7.67555420300485	0.0420379444288881	29.7377548547051	4.26339362745722e-05	0.0032365519388595
jcf7180000381728_4501_4600	HELPU_019455	-5.13068583022722	-0.254097667564107	13.3570204219357	0.00195586542847731	0.0285238994503382
jcf7180000369121_3001_3100	HELPU_019462	-5.99478439286245	-0.49447564763776	26.3002794709685	6.97273897733839e-05	0.00428303818799508
jcf7180000367960_11701_11800	HELPU_019469	1.5092975186173	0.740963287977372	10.6477469212297	0.0038833109038582	0.0429155448822977
jcf7180000414730_12601_12700	HELPU_019470	4.64336714961962	-0.629891611698023	15.8444158472607	0.00181157704983256	0.0272380356772909
jcf7180000360097_16501_16700	HELPU_019474	2.45462539680872	0.607753149302204	13.5871203341947	0.0014605420987666	0.0241258098676111
jcf7180000353017_29401_29700	HELPU_019478	-4.49519718671556	0.674509114656413	34.2310903763446	9.99578012264999e-06	0.00145406872178277
jcf7180000422218_57701_58100	HELPU_019486	1.68334750047793	2.23229580978985	18.2404423355572	0.000372164764924489	0.0109544792028596
jcf7180000418118_64501_64700	HELPU_019493	1.62413837471463	2.02180219014129	12.6064638178378	0.00200159618648148	0.0289039541721694
jcf7180000355987_21901_22000	HELPU_019495	-6.3978092910856	0.550707620527487	24.093841689363	0.000608993134180949	0.0145181273388216
jcf7180000352573_51701_51800	HELPU_019525	-1.89505878193283	2.16542959094379	9.98878890146789	0.00491227134806585	0.0493683327859104
jcf7180000363803_15001_15300	HELPU_019529	-2.20381317538548	0.451861405939096	9.94787680280547	0.00498529771398981	0.0498002953414348
jcf7180000394208_59401_59700	HELPU_019535	1.10739829472493	1.66301586746313	11.2059036007708	0.00319739390619265	0.0382500081179903
jcf7180000358987_2501_3200	HELPU_019570	-2.23882970826671	1.26612306551219	12.5888780910565	0.00201313707767475	0.0289946605192913
jcf7180000365489_10101_10500	HELPU_019573	1.71245648818246	2.24154463659827	18.8401593394711	0.000316242340698171	0.0100062131542268
jcf7180000421965_50601_51000	HELPU_019574	3.2952813175234	2.96068602848888	16.2754897408575	0.000647416874837905	0.0150688829196487
jcf7180000360168_5301_5600	HELPU_019575	-1.55517850945574	2.34507531030807	15.1887221877522	0.000892058286762311	0.0181225320166301
jcf7180000413469_90301_90600	HELPU_019577	-4.58150802230831	2.0523384819832	31.1889854806366	5.16713710662916e-05	0.0036019565871121
jcf7180000354032_24201_24600	HELPU_019597	-1.92794237111378	3.22262530639483	20.1807079491221	0.000221884085323735	0.00822913283788962
jcf7180000355750_19501_19800	HELPU_019603	3.18246932964519	1.2000821446931	29.2667026110637	2.68324470800965e-05	0.00251794973469458
jcf7180000357575_29001_29300	HELPU_019615	1.37516172454694	1.35160540737154	10.7501543877446	0.00374509984665797	0.041985136579774
jcf7180000368412_9401_9700	HELPU_019622	1.96515186930757	1.93538783111341	14.1907530629199	0.00120919680154191	0.0216386310610662
jcf7180000422287_13501_14200	HELPU_019629	1.96610403889135	2.73653662791229	42.1879430476828	2.44759201517751e-06	0.000688558462716978
jcf7180000359041_15301_15500	HELPU_019633	-1.92448312331572	1.34491360454801	14.609689250375	0.00106297768736489	0.0200647948921779
jcf7180000367403_6301_6700	HELPU_019638	-2.37213011388005	2.69577849859211	26.8351242258271	4.52357049533371e-05	0.00334367155165664
jcf7180000367403_19201_19400	HELPU_019639	-2.23200040611918	0.758938720344453	12.5859834727343	0.00201504376596501	0.0290043094536211
jcf7180000393321_3601_3800	HELPU_019656	1.25428772864015	0.954622680649423	10.9348793608805	0.00351146295970327	0.0404365296168105
jcf7180000416308_13501_13900	HELPU_019659	1.80716945417668	1.49319582924086	20.5573372178987	0.00020086797062992	0.00774660161890617
jcf7180000365125_10801_10900	HELPU_019669	-7.02153693646109	-0.0948402437536427	11.445455935547	0.00352630323313676	0.0405194550550673
jcf7180000347626_21001_21200	HELPU_019674	3.86370369958741	-0.50296362175826	10.0951938010099	0.00472784555742056	0.0482383457383992
jcf7180000347626_36201_36300	HELPU_019675	-3.7990874363797	0.723694285270993	13.8742631652108	0.00133442541450345	0.0229008668783691
jcf7180000360250_20901_21100	HELPU_019680	-7.34860270485724	2.00006754829503	19.7527404590736	0.000248111918974279	0.00877739742165155
jcf7180000360250_42101_42300	HELPU_019681	-6.3025452394365	1.7038947935657	14.9942490018815	0.000945814584466584	0.0187673594724635
jcf7180000413662_53201_53400	HELPU_019695	-2.35780274636056	0.20963520828793	14.7084869023298	0.00103141720407946	0.0197411116279898
jcf7180000353477_43801_44000	HELPU_019724	1.39486572626593	1.91428458109822	10.5884885943705	0.00396557765794492	0.0434525061909789
jcf7180000377096_13801_14000	HELPU_019739	-2.4831736302015	0.933997560574613	13.2880065070061	0.00160610296070117	0.0255487755595221
jcf7180000358158_36201_36400	HELPU_019742	-6.54284473746193	-0.388003253181135	11.8987872507422	0.00305411228597105	0.0372078850591044
jcf7180000413583_64501_64700	HELPU_019746	-2.78199785222193	1.39574477707035	44.0036165027919	1.82698937172765e-06	0.000596692228934817
jcf7180000353898_20301_20500	HELPU_019755	1.41028746368644	0.78346410736011	11.0608516286427	0.00336141966552743	0.0394283693246253
jcf7180000358268_2701_3000	HELPU_019771	-3.27864206071064	2.32689236143897	44.4748014091791	1.70077430001055e-06	0.000574893097004725
jcf7180000359061_11401_11500	HELPU_019780	-3.37995699350734	0.000243827870892266	11.2190082128176	0.00356153498347794	0.0407672853260056
jcf7180000367501_20401_20700	HELPU_019805	-5.31481420678707	0.351931376149184	12.0146468495248	0.00274947723824238	0.034917288149244
jcf7180000348452_5101_5800	HELPU_019827	-1.65332119438233	2.37035974164327	30.1291915724879	2.23618794758329e-05	0.00229031175053633
jcf7180000358164_34801_35100	HELPU_019828	3.09019828359838	0.016089582747849	12.6084946983932	0.0020002681166177	0.0289008674252653
jcf7180000365240_13201_13400	HELPU_019844	1.50100863590717	-0.0109587358580508	11.4360951702627	0.00461013327862606	0.0475253501004905
jcf7180000368773_11901_12000	HELPU_019851	7.74333785124428	-0.328785887947521	36.7084357428114	0.000501782371836157	0.0129621229633762
jcf7180000347210_9501_9800	HELPU_019854	-2.04876914946772	1.75992367682199	24.5585134561618	7.56095834404817e-05	0.00448841992872681
jcf7180000365134_21201_21400	HELPU_019858	-5.83158163282017	0.638114502042696	42.8864375151949	2.19426164494391e-06	0.000656735402483124
jcf7180000358407_10301_10500	HELPU_019871	-3.16973003993876	2.29911825252477	11.7018539516535	0.00270310187087978	0.0345837842419956
jcf7180000393227_19001_19200	HELPU_019877	4.31588062650702	0.242442039897471	13.4476354499419	0.00152652002088894	0.0248049327748997
jcf7180000354986_4501_5800	HELPU_019886	1.38127791784113	1.80824427226321	13.7079583235522	0.00140404168102294	0.0235647161942082
jcf7180000347673_69801_70000	HELPU_019892	2.50302684456681	3.61744224136705	18.5271354463904	0.00034417650999777	0.0105208303682363
jcf7180000365243_20801_21000	HELPU_019898	1.86376388026525	0.802563044342931	12.0570153053978	0.00239953498150829	0.0321785837246705
jcf7180000420497_43101_43300	HELPU_019900	3.22492027246561	0.587361700819018	15.6343591989141	0.00102078387560318	0.0196254597322203
jcf7180000413703_18201_18300	HELPU_019905	-2.93581284657854	-0.512117875829282	10.2004248928742	0.00454888471549786	0.0471697705599126
jcf7180000372115_19101_19300	HELPU_019924	-3.68488691522263	1.16709937098957	50.6952681468484	6.62840072984096e-07	0.000343105071212125
jcf7180000393596_6701_6900	HELPU_019926	-4.11099397947096	1.89618074603684	13.6498821921494	0.00143188942924715	0.0238587430803358
jcf7180000358933_11101_11300	HELPU_019934	1.87495722601525	2.53548672915	17.849041242556	0.000414513895114631	0.0116663035704037
jcf7180000359935_4201_6400	HELPU_019947	8.14586507588154	4.45192206303216	22.1275801481505	0.00013557366349927	0.00621211929532963
jcf7180000348926_35901_36000	HELPU_019953	4.91303188463755	-0.191637503152687	17.3986546406509	0.000571721293730199	0.013997064446742
jcf7180000369569_3801_4200	HELPU_019954	1.92905123230671	0.483789860765561	13.2139443355292	0.00164437136373855	0.0258699562352722
jcf7180000417579_91801_92000	HELPU_019959	3.87826426626291	-0.0495039853889318	16.3736469884488	0.000629270927232584	0.0148260412827546
jcf7180000378155_9301_9600	HELPU_019962	1.23129126448798	1.34225441612206	10.8582701685232	0.00360633542172961	0.0410977892830328
jcf7180000421243_10801_10900	HELPU_019970	3.49296408895325	0.352698590100021	10.8650158470617	0.00360140805672015	0.0410653521841896
jcf7180000419373_1801_2100	HELPU_019971	-7.01555380974033	4.16351038042995	19.1754734178982	0.00028906460283329	0.00951895918552893
jcf7180000419199_16101_16400	HELPU_019986	-2.22503869052076	0.991091381869254	14.3953707981282	0.00113517638960387	0.0208502618309115
jcf7180000360076_4101_4500	HELPU_020009	1.92905186256194	0.47816300307631	13.3367117084795	0.00158098557134696	0.0253292848329899
jcf7180000360324_33301_33400	HELPU_020016	-3.41591587868871	0.401860958685492	15.8342240526025	0.000800992495105964	0.0170139058263155
jcf7180000358186_5601_5700	HELPU_020017	7.91374884719979	-0.234147238007678	49.981203209688	0.00019431928886417	0.00761191068811511
jcf7180000350366_4901_5100	HELPU_020044	1.85279670042505	1.94328769683168	19.9150833279449	0.000237780318880356	0.00857195793022185
jcf7180000354278_14801_15100	HELPU_020060	2.47487873884083	0.861810579594641	20.7174104578884	0.000193221522726046	0.00759070924288207
jcf7180000354278_64701_64900	HELPU_020061	-2.51963084976814	1.08071635191089	13.6053280414427	0.00145216495604751	0.0240482037170907
jcf7180000371191_7801_8100	HELPU_020072	1.42226529946618	1.20918084388418	14.3262953241757	0.00115793963771584	0.0210730331101314
jcf7180000355349_4001_4100	HELPU_020073	-1.7516255152	0.4668576544094	17.1871178354313	0.00049787912277509	0.0129031870701322
jcf7180000394654_13501_13600	HELPU_020078	2.6562673144591	0.104886311137504	13.1671919291715	0.00166938872436293	0.0260832426441796
jcf7180000354687_33901_34400	HELPU_020083	-2.37298825389653	1.76688562581141	18.9046059222815	0.000310807349769583	0.00990141438910602
jcf7180000421658_41101_41400	HELPU_020095	2.08062988030582	0.973048934285205	21.4561142031144	0.000159986030841796	0.00681228925833252
jcf7180000368607_12401_12600	HELPU_020099	1.32185848363673	2.59060471805309	11.4897420560042	0.00290456574202593	0.0360905667474006
jcf7180000395243_10401_10600	HELPU_020106	2.29837612532591	-0.0909638731009409	10.9272294504704	0.00352396070016447	0.0405144845193931
jcf7180000351554_31901_32000	HELPU_020108	5.28939918179591	-0.597683400471585	23.9149734683468	0.000194004156149571	0.00760788998267429
jcf7180000360464_36901_37300	HELPU_020110	2.14390102934775	1.30196369108329	18.2744526778068	0.00036871676426776	0.0109022570809186
jcf7180000417862_75101_75200	HELPU_020119	-4.27339720411171	0.637496445440555	26.313618498779	5.07851674444802e-05	0.0035619732835693
jcf7180000418895_27201_27600	HELPU_020122	2.49343353607501	0.750724061461957	21.9787534791979	0.000159426916183773	0.00679728688921845
jcf7180000371593_2601_2700	HELPU_020123	2.03613954733238	1.47789935351234	10.9511532325346	0.00349514041172434	0.040310991382864
jcf7180000350152_54401_54600	HELPU_020131	4.48927953117808	0.00355469476802586	10.2917277393428	0.00462164226283184	0.0475916939092083
jcf7180000418896_5701_6000	HELPU_020140	1.32759639750859	1.21274613268346	13.1614439532377	0.00167033980892242	0.0260938325852317
jcf7180000355764_27701_28600	HELPU_020142	1.98376103004065	0.996041778051822	11.1323722069525	0.00328274164847131	0.0388909228666373
jcf7180000413624_15601_15700	HELPU_020147	-2.27697866007066	1.9196855924292	17.6810366488586	0.000434301001779324	0.0119419052330797
jcf7180000352443_23401_23800	HELPU_020148	-1.48304207956957	3.32687739212838	13.8308815179028	0.0013526815975132	0.0230830530232651
jcf7180000371300_25201_25300	HELPU_020164	-7.10353705926063	-0.262330007507745	14.9257195016889	0.001525547473388	0.02479475606651
jcf7180000354130_1401_1600	HELPU_020168	3.09879600133486	2.13253545154233	33.9704499179859	1.05026175580894e-05	0.00150186382391956
jcf7180000353533_36501_36600	HELPU_020174	-2.31116790729693	0.747466196823747	19.9611402882357	0.000234892255803513	0.00852286345997375
jcf7180000353025_34301_34700	HELPU_020182	1.56350623995681	1.46822330482575	13.0692250913653	0.00172191982888455	0.0265320528714786
jcf7180000393029_13401_14000	HELPU_020185	-4.52171038877984	3.54550262218855	83.2289475049653	1.42495215722338e-08	4.5332690041079e-05
jcf7180000372927_5801_6500	HELPU_020193	-2.31208441571739	2.05953780884181	10.0605702322664	0.00478699865964495	0.0486093052243197
jcf7180000366636_16501_16700	HELPU_020195	-1.66720380097519	0.0930947838696852	11.5327076585334	0.00285939817293522	0.0357420059182393
jcf7180000421873_3301_3500	HELPU_020201	1.87972423816991	1.32110114356148	18.2039001602399	0.000375280755670169	0.0110043551396744
jcf7180000347280_22301_22400	HELPU_020203	9.08930406704108	1.56024024179329	50.392041621759	2.49032417316415e-06	0.000694543409880124
jcf7180000352571_33501_33700	HELPU_020207	-5.87702253615072	0.27787256405499	20.8261584755494	0.000239703007627906	0.00861772478546983
jcf7180000365086_44401_44700	HELPU_020217	-2.07238680840224	1.72957240768368	10.3417988276374	0.00432927387118402	0.0458147094916731
jcf7180000363837_12101_12400	HELPU_020220	-3.7559013130501	0.772123023649653	22.0136417675264	0.000139444939036845	0.00632270437822858
jcf7180000365194_22901_23000	HELPU_020222	5.51572035742935	1.86701036534723	53.8710194757665	4.25023612125533e-07	0.000271325004069915
jcf7180000353745_14601_14800	HELPU_020226	1.5253875038346	0.496204343190884	11.3014722593511	0.00309418144120513	0.037474923276208
jcf7180000358886_25301_25500	HELPU_020229	1.40133633076484	0.990583775529125	12.0741809239151	0.00238331337537554	0.032046066104999
jcf7180000365084_9901_10100	HELPU_020246	-1.41776238068255	1.12273384480102	11.4433480466047	0.00294852448629366	0.0364291516643935
jcf7180000393400_7301_7400	HELPU_020247	-4.69685158418989	2.53130434991042	28.5463307781819	3.12329229862433e-05	0.00273075471067787
jcf7180000354039_34901_35300	HELPU_020265	4.31629506626503	1.72631068466213	15.3584670366245	0.000847888870304941	0.0175500986742906
jcf7180000348672_6801_7000	HELPU_020266	-2.98642522614585	0.0651897733518914	10.5825502733549	0.0041771211514036	0.0448513128280898
jcf7180000351458_17101_17400	HELPU_020279	1.28563272716729	2.10357007570421	13.0408395886909	0.0017363571234009	0.0266462551464163
jcf7180000352899_74001_74200	HELPU_020309	6.02075131858026	-0.409894579274028	17.0420696648852	0.000699830694155856	0.0157873222656142
jcf7180000353040_17001_17500	HELPU_020316	1.07936534569548	1.99918272954169	13.4708008052633	0.00151334982677136	0.0246842484694393
jcf7180000363713_15801_16000	HELPU_020322	-2.30545071503938	0.523393670596821	13.9394414528124	0.00130750679519099	0.0226645898518105
jcf7180000352505_11301_11500	HELPU_020330	-1.61592185498703	0.201439392278007	16.2379173577367	0.000991383724541145	0.0192647535677452
jcf7180000373549_7901_8300	HELPU_020334	-3.15396672737219	-0.336110710521714	13.2410404926695	0.00202291805976522	0.0290580062706884
jcf7180000354750_7401_7600	HELPU_020336	-3.56598597741912	3.00663324922357	21.9249360323437	0.000142543301899125	0.00639039761043369
jcf7180000353546_7401_8100	HELPU_020357	1.44649066290942	4.79003368416353	11.0884393969281	0.00333288607751747	0.0392415242539193
jcf7180000370197_4901_5100	HELPU_020358	1.40582833741257	1.05052410848075	15.2355525863365	0.000878269117358363	0.0179544635270576
jcf7180000361640_2001_2300	HELPU_020359	-2.6611812247787	0.347660731322399	27.277509212099	4.09224975920333e-05	0.00315173654686564
jcf7180000361516_24401_25000	HELPU_020365	-7.32853563599219	2.12739864786444	33.4039004891258	1.17047935360199e-05	0.00159191305704728
jcf7180000357262_54401_54500	HELPU_020368	2.32474611410407	1.01453699351502	10.6458454980456	0.00388832993766119	0.0429427717656583
jcf7180000372685_14501_14700	HELPU_020369	3.00699392209555	1.29180203646547	18.1511254118811	0.000381390448206657	0.0111095088690653
jcf7180000356561_15001_15300	HELPU_020372	-4.39194348050199	-0.233596229862212	19.3152627327101	0.0002785044592038	0.00932669200705796
jcf7180000417468_40501_41100	HELPU_020392	-2.16474752352948	2.05090312953899	27.7153997045647	3.72458154980453e-05	0.00299029894488565
jcf7180000413606_2901_3500	HELPU_020393	-2.21938454683566	1.05046280270693	11.2682158357773	0.00313290868607424	0.0377577058077164
jcf7180000360231_3601_3800	HELPU_020396	1.10942899170674	1.57095843635783	12.0016685427084	0.00244150058547266	0.0325034482080026
jcf7180000420720_11901_12300	HELPU_020406	1.49238915176492	3.47030693447503	12.5243193115215	0.00205614081154539	0.0293323524455567
jcf7180000350305_21101_21300	HELPU_020412	5.30145009616858	0.839401213056496	20.8480401229903	0.000186880160829001	0.00744264791793219
jcf7180000414507_28601_28800	HELPU_020413	1.19469029804601	1.43370596581115	15.0051354525932	0.000941288904824633	0.0187210513586084
jcf7180000347500_52201_52400	HELPU_020418	2.0870834617219	-0.161882708907988	9.93313770691871	0.00500754736528915	0.0499320024089704
jcf7180000357215_45701_45900	HELPU_020423	2.69440161711488	1.50497105869282	11.4476059798448	0.00294653709981418	0.0364155929361613
jcf7180000358204_12901_13100	HELPU_020438	1.5253875038346	0.496204343190884	11.3014722593511	0.00309418144120513	0.037474923276208
jcf7180000351909_33301_33700	HELPU_020444	3.21343354366856	1.46311437763657	45.4741603063279	1.451222506036e-06	0.000527346564025847
jcf7180000417573_5401_5500	HELPU_020447	2.76938150741377	-0.113317157998746	11.9174227217335	0.00251387795532143	0.0331264191527092
jcf7180000347283_16301_16400	HELPU_020448	3.52419277403959	0.882677975915168	11.6380390040082	0.00276203512368394	0.0350332758113285
jcf7180000416359_34901_35300	HELPU_020462	4.31700835251884	2.53868188186849	38.6499275747429	4.47782797267801e-06	0.00096144740084726
jcf7180000375426_15801_16100	HELPU_020478	-3.89768359433343	2.41855596734426	28.5502306890865	3.12070581747685e-05	0.00273075471067787
jcf7180000357946_17501_17800	HELPU_020491	-5.48842233799095	3.3376191167505	100.331532159507	3.02371057019245e-09	2.01412173834538e-05
jcf7180000347707_45201_45900	HELPU_020495	-3.63057218350419	1.03082243449164	31.3209127048086	1.76190606903701e-05	0.00199739261530899
jcf7180000422552_8101_9100	HELPU_020501	-2.63129914221547	2.27179490364447	25.3797005338272	6.26962661382127e-05	0.0040111466207661
jcf7180000393842_33501_33800	HELPU_020519	1.88516947904223	0.867425748355144	10.2006295719043	0.00455265482212546	0.047193322219239
jcf7180000422064_601_700	HELPU_020522	3.21041595174121	0.991338084917372	14.3183524633201	0.00116243292857803	0.0211211911777413
jcf7180000350491_31901_32000	HELPU_020551	-5.4095267573832	-0.101812798241345	15.8387044466236	0.00079996228618162	0.0170054028309442
jcf7180000352581_29301_29600	HELPU_020555	1.23980764810531	0.539398318620397	10.5541164312709	0.00401207814408597	0.0437757351933411
jcf7180000368439_25501_25800	HELPU_020560	3.87629108651736	0.0638733165639394	12.4189983710681	0.00212849731114688	0.0299970718936208
jcf7180000361470_30901_31200	HELPU_020561	1.25356995186025	2.1118533647099	12.9676140519079	0.00177784586173272	0.0269787699857664
jcf7180000347239_24101_24400	HELPU_020565	1.83590535985836	2.04952687264475	11.4899842528247	0.00290432641577042	0.0360905667474006
jcf7180000414245_5301_5700	HELPU_020574	-1.81941646236409	2.51673081958342	16.9537041786445	0.000532863678329059	0.0133958999647277
jcf7180000367722_8201_8300	HELPU_020582	3.90034361890894	0.897377692138467	12.6108536846124	0.00199872671071278	0.0288931712712895
jcf7180000393221_20201_20600	HELPU_020588	2.54511644531895	0.521944911005784	12.3227031372716	0.00219712706180377	0.0305523115317636
jcf7180000367106_901_1000	HELPU_020597	5.24687851661353	0.0181495031072005	26.4756820131423	8.04067458503243e-05	0.00463488679274558
jcf7180000367106_901_1000	HELPU_020598	5.24687851661353	0.0181495031072005	26.4756820131423	8.04067458503243e-05	0.00463488679274558
jcf7180000372356_1701_1800	HELPU_020605	-6.3978092910856	0.550707620527487	24.093841689363	0.000608993134180949	0.0145181273388216
jcf7180000421892_4801_5300	HELPU_020612	-5.16763955562642	2.02262953649776	27.9121264678423	3.57708881605246e-05	0.00292234688623918
jcf7180000382957_7801_7900	HELPU_020623	-3.41997170402783	0.321062680172601	16.8762653032793	0.000544735520085323	0.0135888312847482
jcf7180000368459_29201_29400	HELPU_020631	-4.36881501451389	3.79886551304609	73.5845808815704	3.84791059053873e-08	8.0448575672718e-05
jcf7180000355354_32001_32300	HELPU_020641	5.00170594631689	-0.142931011172108	13.3629908790293	0.00156816187309758	0.0252210177469969
jcf7180000375724_17101_18100	HELPU_020653	-1.05820986777176	4.2713966151062	11.5333688006232	0.0028587558581926	0.0357409368919482
jcf7180000378632_7201_7400	HELPU_020655	1.42763070086605	0.775667767002772	12.4077040765158	0.00213390955571438	0.0300378077606941
jcf7180000378632_40801_41400	HELPU_020656	4.09892060333641	2.15641860788277	44.1541772224166	1.78958943555262e-06	0.000592585818794254
jcf7180000351676_101801_102000	HELPU_020674	-2.1210966142212	1.58494217909235	14.9861145183034	0.000948139843736283	0.0187964498461856
jcf7180000413818_21501_21800	HELPU_020689	-1.74646765708092	1.23335640600517	11.9227952416654	0.00250957605398507	0.0330943987299623
jcf7180000363970_22401_22600	HELPU_020691	1.40668123723781	1.67685403019051	20.0199614305529	0.000230857682142319	0.00843954988168196
jcf7180000394582_38101_38200	HELPU_020703	-2.36740900619422	0.783097652599522	12.7545102856095	0.0019072915777008	0.0281119644278344
jcf7180000394128_14701_15000	HELPU_020726	1.101021026525	3.34788134185003	17.5637286133154	0.000447907495513617	0.0121694731880695
jcf7180000351191_15101_15200	HELPU_020729	-3.97297452063213	0.752770056297733	20.2196521783404	0.000219653637403173	0.0081777206615478
jcf7180000347685_15501_15900	HELPU_020742	1.14169369395845	1.21081965328978	12.2026384074695	0.00228352358799436	0.0312137792136665
jcf7180000358176_51301_51600	HELPU_020756	1.2134326050549	3.68069044676306	14.49687200831	0.00109873968740272	0.020469188834612
jcf7180000414577_6301_6600	HELPU_020765	6.91982132629013	1.68054525772761	28.9615082366389	4.93696909013827e-05	0.00350801599002986
jcf7180000414296_32101_32200	HELPU_020766	6.37165355327173	-0.448660694051568	17.6111288752737	0.00054032719473805	0.0135212561075691
jcf7180000357260_6201_6400	HELPU_020802	6.31980530491746	1.12367534956101	20.8870484053818	0.000185031288443723	0.00740298321763797
jcf7180000348728_16101_16400	HELPU_020825	2.77436504018898	0.383420268836602	26.7382937866537	4.61469969256037e-05	0.00338136246825528
jcf7180000359934_21801_22300	HELPU_020871	-2.36774253102599	3.69123626501891	17.451970721979	0.00046297987802312	0.0123830364667596
jcf7180000372723_8901_9000	HELPU_020889	-6.55988348750646	-0.528030784338974	12.3806522532187	0.00339522036642844	0.039658164576968
jcf7180000366879_5701_6000	HELPU_020893	2.77436205769934	0.391427573407987	27.2200724938835	4.15010862724247e-05	0.00317835070528123
jcf7180000349835_57001_57100	HELPU_020897	2.63068737182311	0.0560615830172774	11.8569976873372	0.00256555377485631	0.0335430224704422
jcf7180000414767_12201_12500	HELPU_020920	1.68354211655789	3.35353100385447	20.1026232276201	0.000226431872061771	0.00833627272738263
jcf7180000357221_67901_68100	HELPU_020937	-2.33357233412062	0.251213586242198	10.6063275449316	0.00394271658356018	0.0432869868702255
jcf7180000383337_3501_3700	HELPU_020938	3.58273544933191	0.565415131720076	11.9216955600449	0.00251050042119626	0.0331035403803508
jcf7180000350699_9101_9300	HELPU_020949	1.83788729171265	0.757020910899178	12.7805518653493	0.00189121754497181	0.0279733996528147
jcf7180000413726_44401_44500	HELPU_020961	2.65910108584646	0.350013529467496	11.7402025366186	0.00266835799395638	0.0343139752328192
jcf7180000417421_40301_40400	HELPU_020963	4.35628051329248	-0.138837176225851	11.8095988955245	0.00293686496715796	0.0363305442665697
jcf7180000361068_7801_8000	HELPU_020974	1.83788748072368	0.752443411603122	12.6557706523409	0.00196962662036804	0.0286387250110237
jcf7180000362350_21901_22100	HELPU_020985	-3.87123358992502	1.24677786031767	29.2242054667803	2.70721627587337e-05	0.00252497504477233
jcf7180000417744_22701_23300	HELPU_020993	-1.18696462408104	1.06890824111523	14.4970263118923	0.001098687673604	0.020469188834612
jcf7180000357244_12101_12500	HELPU_021029	5.87318968925327	3.3545657749074	81.679755895779	1.66063524395943e-08	5.00685022127967e-05
jcf7180000393055_1701_2100	HELPU_021036	-1.30312637224375	0.725682262851865	9.97257302255333	0.00493675691571185	0.049494732197133
jcf7180000415111_9801_10100	HELPU_021057	2.50117797297841	3.2552398452332	17.8833971834115	0.000410591337579375	0.0116015039014351
jcf7180000368638_1201_1500	HELPU_021070	-1.85372229980438	2.22608167872097	15.5653942501708	0.000797281771858475	0.0169712145833705
jcf7180000365483_12101_12300	HELPU_021083	1.77519071017848	0.137797928553353	12.306342607157	0.00362210141545035	0.0411859255748985
jcf7180000363041_12401_13100	HELPU_021088	-2.40759409131781	2.88036386110905	56.7655619526749	2.85642981000306e-07	0.000215304900313091
jcf7180000390028_7301_7500	HELPU_021096	1.48394613563622	1.09180004781296	13.1957832543517	0.0016520545153427	0.0259468672844252
jcf7180000418579_25501_25700	HELPU_021127	2.59861687350681	2.50251932615937	34.7514249419831	9.06256946960896e-06	0.00138121509343726
jcf7180000367241_20601_20700	HELPU_021136	6.81199455893064	-0.265297631905332	13.1682468146003	0.00206917717833726	0.0294566705596226
jcf7180000414426_5501_6200	HELPU_021137	-1.94574410419524	2.36423708474046	26.0426359584587	5.38788216915509e-05	0.00367995894602857
jcf7180000419505_27901_28100	HELPU_021138	6.10713056523134	0.255614030201637	40.6314327364404	5.2234113845226e-06	0.00103914602859668
jcf7180000352886_8201_8300	HELPU_021157	-1.43599963559272	1.29834946398491	11.3826006384179	0.00300945861048185	0.0368623931502089
jcf7180000349361_10101_10200	HELPU_021158	2.55159875249826	0.354343085204015	23.1441190358442	0.000105697159532407	0.00540452303593277
jcf7180000416226_27601_27800	HELPU_021159	2.48872843165609	0.4546143635833	23.893303013057	8.83926062427281e-05	0.00487056661948843
jcf7180000396917_11201_11500	HELPU_021177	1.87947157929448	3.38554679653578	11.4886652074826	0.00290563009224192	0.0360976514567097
jcf7180000352238_51301_51900	HELPU_021195	0.998881039308613	2.616192093476	12.9190891854152	0.00180594351148983	0.0271961609971344
jcf7180000352665_16101_16200	HELPU_021200	-3.16655431150247	0.00160004172688918	17.1649083391629	0.000501911907873989	0.012963130932067
jcf7180000349793_29401_30100	HELPU_021202	2.40938415955328	1.89131046590311	23.416210624135	9.91482715618607e-05	0.00520504801661457
jcf7180000361347_9201_9700	HELPU_021208	1.3139641899091	1.60463116513689	12.7848699544399	0.00188625475175015	0.027924038132083
jcf7180000392824_69401_69700	HELPU_021222	2.57493267110085	1.55329839003595	20.631246031594	0.000197534085412747	0.00768320145064053
jcf7180000422018_17001_17300	HELPU_021224	-1.98777196576806	0.672144164666774	11.8708466687527	0.00255365767441101	0.0334554501536167
jcf7180000358097_24201_24400	HELPU_021234	-5.06293419520993	3.4974637477944	18.60414517389	0.000337060114395643	0.0103921547240044
jcf7180000353035_26401_26700	HELPU_021253	3.73575439039641	0.582149256964598	11.5760870671735	0.00338230367335941	0.0395825574769894
jcf7180000418313_75401_75800	HELPU_021254	-2.53898958230909	1.54217955490786	17.0511555564992	0.000518327940077848	0.0132123878231212
jcf7180000362407_4801_4900	HELPU_021260	3.0936119762274	0.00634377064852531	14.5623562545262	0.00107847508273907	0.0202481822716783
jcf7180000414675_2101_2200	HELPU_021263	-4.02420748753679	-0.492372466719614	18.2539176142923	0.000370077215121447	0.010919004419668
jcf7180000414915_23401_23800	HELPU_021270	3.25963427226066	3.12110076118708	85.7003414357166	1.11159689284312e-08	4.03027042058706e-05
jcf7180000414915_27601_27700	HELPU_021271	6.89421341835042	-0.0724830164250335	21.9973671208388	0.000209478441749621	0.0079533777352888
jcf7180000420493_17001_17300	HELPU_021296	1.63637448283631	0.20435783843215	10.7645348915529	0.0037263057321823	0.0418590211875878
jcf7180000421582_5501_5600	HELPU_021298	-5.97456078384045	-0.174750660552142	15.0523337337123	0.00109452779921305	0.0204246114566785
jcf7180000359925_4601_4900	HELPU_021300	3.73575439039641	0.582149256964598	11.5760870671735	0.00338230367335941	0.0395825574769894
jcf7180000361049_9501_9600	HELPU_021303	6.17526396322414	-0.0323534064280505	30.8489804762081	2.82405893882249e-05	0.00257935819410111
jcf7180000370002_1901_2200	HELPU_021312	-1.21766714595006	1.11644107526362	10.8590616017691	0.00360534089590421	0.0410913603434466
jcf7180000349298_14301_14600	HELPU_021314	-3.9262901842341	1.11128949699431	26.3339715560043	5.055503368753e-05	0.00355345438871611
jcf7180000418685_29501_29800	HELPU_021317	1.21947076168097	2.04788491960696	9.96843868223341	0.0049441260661828	0.0495445263533758
jcf7180000381393_7201_7400	HELPU_021373	7.16472214026591	3.22525185212417	38.3449102522785	4.7233879309133e-06	0.000990319628004532
jcf7180000393608_6101_6500	HELPU_021383	-2.27525173613729	0.542714059381538	20.7021561845101	0.000193540177636639	0.00759641037139511
jcf7180000347828_37101_37200	HELPU_021394	6.94490850276917	1.56372594965081	19.053548221571	0.000419825345899387	0.0117488338397581
jcf7180000393969_27001_27600	HELPU_021401	-2.48585771268598	4.14312950291899	15.8027745525177	0.000743297056827802	0.0163353595600554
jcf7180000366813_5401_5600	HELPU_021402	-6.75315796813134	0.324163135575044	16.5242907546252	0.000724154715749295	0.0161136139562058
jcf7180000354019_45201_45700	HELPU_021405	-2.74387597651683	3.2104322662986	49.1027130073721	8.36241811463491e-07	0.000394677470780201
jcf7180000394425_15901_16000	HELPU_021410	7.99017865610983	0.0714489387294389	25.6320432172208	0.000171856379484109	0.00710617295003698
jcf7180000365258_5401_5500	HELPU_021413	3.96931665825149	-0.0443586408135546	17.2559237697754	0.000489190270222856	0.0127689711650957
jcf7180000349403_15101_15300	HELPU_021416	4.66445802481919	-0.102885332387531	11.0317862074045	0.00339880783813093	0.039686519879834
jcf7180000417497_77901_78400	HELPU_021418	-4.85839689830097	0.913111459778058	33.5608721305134	1.135720840398e-05	0.00156751291140286
jcf7180000415159_2401_2700	HELPU_021432	5.87864167912746	0.654239050683326	33.4179282813672	1.16732597657184e-05	0.00159190848069238
jcf7180000360062_10001_10300	HELPU_021434	1.30855081010419	2.12686367633546	11.6775308770214	0.00272347092529516	0.0347410531183538
jcf7180000360062_10001_10300	HELPU_021435	1.30855081010419	2.12686367633546	11.6775308770214	0.00272347092529516	0.0347410531183538
jcf7180000359985_20101_20500	HELPU_021439	1.25635881753254	2.96354501127226	18.2784729161045	0.000367597968598504	0.0108916916677112
jcf7180000355957_23901_24300	HELPU_021446	1.84549974606561	2.0167610164019	19.2584935958347	0.000282740771508301	0.00941243502566341
jcf7180000355433_23301_23500	HELPU_021453	-8.32900464032685	1.29947854184152	80.7067084327103	4.45220347173309e-08	8.13129023702365e-05
jcf7180000393457_5701_5900	HELPU_021458	1.97460653015098	1.03824856166293	10.387618087496	0.00425940864331605	0.0453775109865315
jcf7180000416276_17601_17800	HELPU_021466	-1.53030304387472	0.790088499861476	13.5685087906643	0.00146721443083675	0.0242009690631314
jcf7180000380975_9701_9800	HELPU_021472	5.16704894808618	-0.550000151823505	11.4611050630935	0.00350869388427688	0.0404111409060185
jcf7180000349942_15901_16200	HELPU_021481	6.08812249227576	1.81594001214136	26.1930441336056	5.21724107166477e-05	0.00361848742057106
jcf7180000368536_7701_8500	HELPU_021488	2.01192039942048	3.25754251961749	20.7413591812559	0.00019204139733441	0.007565099891941
jcf7180000377591_4401_4700	HELPU_021496	-3.57768751076281	-0.141468910060405	27.2874322220063	4.08338563869348e-05	0.00315153060084465
jcf7180000373936_9601_10400	HELPU_021499	-2.01501364214935	3.22105587139435	56.3556549230519	3.01639067759565e-07	0.000222674157889611
jcf7180000359917_14101_14400	HELPU_021507	-3.27783574498719	0.690975998462678	33.0702953294476	1.24520270035387e-05	0.00164497495465847
jcf7180000352261_3701_3800	HELPU_021515	3.48159889168298	0.958949575161265	14.9592061833371	0.00103355927684169	0.0197671154934939
jcf7180000417736_37301_37400	HELPU_021522	6.81381162174947	-0.666963840510546	24.8170685991625	0.000134537738006331	0.00618741822157024
jcf7180000375650_14201_14300	HELPU_021528	3.68068337246211	-0.263477994658181	11.2144025443358	0.0031913372053282	0.0382014853606879
jcf7180000365166_42201_42500	HELPU_021531	1.36967525664337	2.48873138146591	17.4426867397705	0.000463336958293211	0.0123882254195395
jcf7180000372779_10701_10900	HELPU_021538	-2.75907216916158	1.33656778368776	10.8778889198282	0.00358530118431492	0.0409523756681905
jcf7180000420655_17301_17400	HELPU_021548	-1.93392497138198	0.188966946388692	14.7478604967977	0.00101762434483371	0.0195791689539656
jcf7180000422288_26801_27000	HELPU_021562	3.0066723405978	-0.0168277794973546	18.5330610368166	0.000343623084133794	0.0105141468987491
jcf7180000376167_1201_1300	HELPU_021563	3.5827212327121	0.546123938298099	11.5964857456976	0.00280117464477934	0.0353476584713884
jcf7180000349374_8301_8500	HELPU_021579	2.52302306478221	-0.0526413611391966	19.455799904176	0.000267754097311042	0.00914088233975088
jcf7180000414290_22901_23300	HELPU_021594	-2.15418421012436	3.18299370732907	18.7615838658213	0.000323011222257784	0.0101416500870558
jcf7180000413431_14101_14600	HELPU_021595	2.17269634445111	0.448679287126305	25.3829815886998	6.24703606157607e-05	0.0040047444001993
jcf7180000416181_20001_20100	HELPU_021598	2.27533912481675	0.281380161180056	11.8324260058488	0.0025868119656503	0.0336964926996095
jcf7180000415579_129001_129500	HELPU_021603	2.31671908584395	0.786557361885213	27.4280143832279	3.96005119419069e-05	0.00310505324305834
jcf7180000421670_18401_18600	HELPU_021621	4.64202739223387	0.735957184402886	11.4076791603833	0.00298692901138391	0.03668732610482
jcf7180000358054_25301_25400	HELPU_021635	-1.05444906239158	1.23976919118591	10.0158447883568	0.00486035605136101	0.0490599556400694
jcf7180000350688_28401_28600	HELPU_021636	-1.13411693825555	3.13669442615219	12.3661357034971	0.00216333762227286	0.0302838720069766
jcf7180000347933_25701_25800	HELPU_021638	2.62884734895542	0.0232483074546037	11.0073356117824	0.00382060200561561	0.0425128616084248
jcf7180000372623_8001_8100	HELPU_021647	-3.86634201721884	-0.408058948639672	10.6249084220574	0.00391704018041791	0.0431285487720674
jcf7180000395139_14301_14500	HELPU_021662	2.90174033400873	0.0311220412596525	12.8419511746896	0.00185390948241355	0.0276251030756044
jcf7180000368446_4001_4100	HELPU_021675	2.19967282552144	1.32009561345987	11.4865389107307	0.0029077329803193	0.0361058323299049
jcf7180000418703_5701_5800	HELPU_021681	-2.25904888810691	0.626476964181323	11.284405339352	0.00311556356531887	0.0376206456385438
jcf7180000370771_9001_9100	HELPU_021700	6.37060632348873	-0.294574368822096	11.3583697089282	0.00340172584211182	0.0397044061849454
jcf7180000350833_28201_28400	HELPU_021718	3.40259673994485	2.24795880478702	23.9384175753793	8.7585448431757e-05	0.00484863495128776
jcf7180000373967_5601_5800	HELPU_021720	-3.79053216688671	1.42494266461926	25.8550103223104	5.628928390011e-05	0.00377670899968536
jcf7180000354011_20001_20100	HELPU_021724	2.60525371136426	-0.201235399520437	9.989156986564	0.00491161974894305	0.0493673197119174
jcf7180000362839_2201_2400	HELPU_021730	1.22029555473127	1.33096546058525	11.4297900111285	0.00296136346999121	0.0365187977393332
jcf7180000393455_16601_16800	HELPU_021732	1.20782412030596	4.44086516467263	11.6998611737745	0.0027032938423893	0.0345837842419956
jcf7180000372364_1501_2000	HELPU_021733	-2.29001917982746	1.73628391731079	14.9457926225808	0.000959759620078351	0.0189377975131015
jcf7180000363862_3501_3800	HELPU_021747	1.92074964538038	0.154302206665512	13.2627693307871	0.00161893849617781	0.0256421521087362
jcf7180000349467_58301_58700	HELPU_021752	3.35695920322999	0.546297461119276	9.94809034593204	0.00498491343122757	0.0497986401694358
jcf7180000368469_8201_8600	HELPU_021766	1.17795703898203	2.14986147597375	20.3712987850696	0.000210734151787419	0.00797673462323446
jcf7180000356763_25901_26400	HELPU_021770	2.0129405354002	1.45200575357802	21.3516845590893	0.000164242528150384	0.00693039107403214
jcf7180000417543_25601_25800	HELPU_021773	3.67547860107312	0.0736938020299293	20.7813379438114	0.00019008902783105	0.0075249817823167
jcf7180000392896_16901_17300	HELPU_021809	1.90492428294434	1.95072335017783	12.1947879678592	0.00229211194559687	0.0312902106737243
jcf7180000377626_10101_10300	HELPU_021818	2.17411450526815	0.983592436486427	16.8040226089761	0.000556074538762417	0.0137709460413369
jcf7180000416393_10201_10800	HELPU_021822	-1.33926647616249	2.33091254899426	21.6210165579684	0.000153383407152404	0.00665650016001961
jcf7180000361177_29201_29600	HELPU_021825	-2.96798658927887	0.757993288416198	22.7211664544011	0.000117229925962552	0.00570372277962901
jcf7180000362262_2201_2600	HELPU_021830	-1.15708318436921	1.74709782567107	10.0129601509786	0.00486540811900678	0.0490992057824021
jcf7180000348574_41501_41600	HELPU_021837	5.00027467398107	0.60392365350165	26.7785111021205	6.33141750912894e-05	0.00403232146099983
jcf7180000393976_8001_8200	HELPU_021849	2.0182036751968	1.06165917922768	28.344223481682	3.25008637889643e-05	0.00278466195407768
jcf7180000421168_10101_10300	HELPU_021866	-3.82217954979393	0.953450256494547	16.4328733577412	0.000618594137501144	0.0146673893230166
jcf7180000349370_3701_3800	HELPU_021875	4.86756665529151	-0.363483217998167	13.0586632421275	0.00184557864428177	0.0275602627443457
jcf7180000354295_7301_7500	HELPU_021885	3.88260495195811	1.78832657484771	27.1355961301747	4.23440503685064e-05	0.00322308777967052
jcf7180000350320_21801_22000	HELPU_021887	5.78796405120714	-0.426007769191873	19.9469332402316	0.000449565925552174	0.0121882675648383
jcf7180000421339_17101_17200	HELPU_021896	1.80886154002215	0.709149199275032	12.7508638413043	0.0019084498814076	0.0281237075748341
jcf7180000348186_64301_64600	HELPU_021897	1.89670091540436	1.67095557944736	15.2729367954407	0.0008698349173123	0.0178324998616583
jcf7180000355785_61001_61600	HELPU_021908	-2.47352749298524	3.83852824339194	15.3924250538124	0.000839345934750864	0.0174590659442909
jcf7180000392842_12001_12100	HELPU_021915	1.98136864105639	0.379384677970292	17.8199464341862	0.000417083626627412	0.0117064195907898
jcf7180000394333_15801_16100	HELPU_021919	1.42157546260184	2.93477573202268	24.1479163436945	8.31464118391784e-05	0.00471311642664959
jcf7180000366710_13501_14100	HELPU_021929	2.15148316438085	2.38136021055966	18.846695806701	0.000315686348352805	0.009999015116626
jcf7180000420939_8701_8900	HELPU_021936	-2.06748233877201	1.39047297503037	22.3059037862028	0.000129583555482734	0.00604114645201296
jcf7180000378366_7801_7900	HELPU_021945	3.70203962774052	0.257577608426903	16.4351972428586	0.000742077634942199	0.0163199532204844
jcf7180000364891_7501_7800	HELPU_021946	4.10073404685422	-0.293276968882451	15.8657416041093	0.000729485888995984	0.0161878514969725
jcf7180000362588_24601_25100	HELPU_021968	-3.73638521664089	0.927169796604807	23.5630641946664	9.57351868413984e-05	0.00510160788119465
jcf7180000393090_11301_11900	HELPU_021977	-4.78110414152237	0.597554978187798	13.1202726523219	0.00169470615422108	0.0263227754832087
jcf7180000414655_901_1000	HELPU_022024	2.77643607547647	0.46835525946024	15.9404131745975	0.00071385347341495	0.0159780627608181
jcf7180000366033_9101_9500	HELPU_022041	1.26192969179878	3.33508229336986	10.340798057156	0.00433081397786538	0.0458242355093479
jcf7180000394767_10001_10500	HELPU_022045	-2.28252010001511	1.29882566911869	11.5811210531819	0.00281580218934201	0.0354406017351436
jcf7180000350545_44301_44800	HELPU_022056	1.64540786122471	4.28901689623989	17.6578730101239	0.000437110008231454	0.0119877545315694
jcf7180000353511_19601_19800	HELPU_022062	2.48262721761166	0.458973898607111	21.9626264765271	0.000140876232173975	0.00635213252707386
jcf7180000361915_25701_26100	HELPU_022068	1.17210544188846	0.926407449314669	10.187154710882	0.00457052213039916	0.0472871522823581
jcf7180000362793_9501_9600	HELPU_022069	4.06196373670789	0.45494018348477	11.8592661550869	0.00289019785162724	0.035984816346361
jcf7180000378412_6101_6500	HELPU_022079	3.7112665675394	2.3624771111854	29.6892565073617	2.45720671027128e-05	0.00239880826994844
jcf7180000368211_2401_3300	HELPU_022087	-3.23267003229096	1.66145536171355	44.9803439584901	1.56231147201114e-06	0.000553137438805605
jcf7180000413249_14601_14800	HELPU_022088	-2.69062002994466	0.0220584264245702	11.5250551119296	0.00286990087311201	0.0358255435773744
jcf7180000384162_1401_1600	HELPU_022089	3.08455083561984	2.1072407381459	34.7023461970326	9.14635864612269e-06	0.00138465331286099
jcf7180000362387_1501_2400	HELPU_022104	1.61135352167293	1.68048610854649	24.968006843544	6.87055697402898e-05	0.00424210610562664
jcf7180000348160_3601_3700	HELPU_022106	-1.95056381037754	0.788809066647959	11.1952584940624	0.00321241369138734	0.0383559971813332
jcf7180000348137_6101_6300	HELPU_022107	2.09112689308045	0.600150826749942	15.5390664408346	0.000803531324557339	0.0170259689142977
jcf7180000370315_31701_32400	HELPU_022115	1.18512583829814	2.22694144399496	15.3847737427832	0.000839950544642636	0.0174624233519501
jcf7180000395812_5101_5500	HELPU_022134	-4.68831328213299	1.72250162937845	42.8242544593691	2.21655314297347e-06	0.000661288155191193
jcf7180000348562_13901_14000	HELPU_022140	5.59897751445193	0.533096025205496	23.0185816650499	0.000143365859295109	0.00641221939105561
jcf7180000418004_41201_41300	HELPU_022142	6.01477938328284	1.0184147140184	47.5345141466333	1.88253862213448e-06	0.000607902919867095
jcf7180000421639_22101_22200	HELPU_022149	3.49212390674911	0.342189735149598	13.5578043236059	0.00147414260398382	0.0242816863322373
jcf7180000421846_81701_82000	HELPU_022150	-3.28714351916677	0.905643555392641	11.005212958719	0.00343022573605495	0.0398858956237978
jcf7180000361201_32501_32600	HELPU_022152	-7.32692401705601	-0.351677758331348	33.0762721471067	9.0435698830663e-05	0.00493675167956787
jcf7180000347533_9401_9800	HELPU_022156	-1.77036425862948	2.01887020028577	17.6859796665739	0.000433704155679227	0.0119331969451233
jcf7180000372511_6201_6400	HELPU_022170	-3.84150050111963	1.07297279257958	13.2294805292205	0.0016364224617671	0.0258032246879474
jcf7180000411212_28901_29000	HELPU_022173	-4.28581700240073	-0.0350775444875727	12.8921920841749	0.00224841112592557	0.0309528815517391
jcf7180000347306_11201_11300	HELPU_022195	-6.79455121438791	-0.362353559109171	13.6142253554732	0.00307877779488454	0.0373741041084795
jcf7180000414731_44201_44300	HELPU_022213	-2.8546359609473	0.564633000538649	13.8344614373099	0.00135116465847941	0.0230695923834307
jcf7180000358201_10901_11200	HELPU_022216	4.47525691174893	2.56718572629292	68.9739848624931	6.42215668764999e-08	0.000102193281865196
jcf7180000353673_25501_25900	HELPU_022217	-4.87131474552242	0.971962648736326	13.2594339929712	0.00162082662636315	0.0256636535290377
jcf7180000360143_14301_14500	HELPU_022218	2.01415001009398	0.559274708965201	13.3087968765848	0.0015954825332229	0.0254448371683427
jcf7180000414314_25301_28000	HELPU_022219	1.63935657306052	6.49223504676915	10.9615608707821	0.0034825377930172	0.0402487367226567
jcf7180000421244_35701_35800	HELPU_022233	7.23142134484998	2.93486290918094	19.8051427139573	0.000244723866524988	0.00871726438467264
jcf7180000415334_4801_5300	HELPU_022242	-3.92125128405679	3.71768717068348	59.2563730135479	2.07789676710946e-07	0.000182566177089835
jcf7180000351903_73501_73900	HELPU_022250	2.85062237028281	1.7664980881744	24.0833851835843	8.46451792242179e-05	0.00476320427634608
jcf7180000355747_15501_15700	HELPU_022277	-2.38391519427995	0.859509524915351	11.8948203444156	0.00253320879798928	0.0332880394724813
jcf7180000414466_6101_6300	HELPU_022283	-1.73351544390756	1.49245066368279	27.856687328983	3.60860996594331e-05	0.00294222410109662
jcf7180000364268_13101_13600	HELPU_022284	-1.98179962570659	0.569878537432266	11.4618482002427	0.00293227580374318	0.0362956413302618
jcf7180000353923_48701_49200	HELPU_022295	2.19763130432488	0.979864433949583	11.4790287177137	0.00291517400683198	0.0361715710126002
jcf7180000358126_16001_16200	HELPU_022297	-1.31586836655476	0.848765947544804	11.0923524911015	0.00332502035555649	0.0391907989539928
jcf7180000349105_12001_12400	HELPU_022300	1.27164598901968	3.32971843620189	10.3272479624193	0.00435172648870407	0.0459623128795324
jcf7180000392459_18901_19300	HELPU_022344	1.60193252560666	1.81861861295719	17.7219459710915	0.000428587931587558	0.0118504838484713
jcf7180000375046_9001_9100	HELPU_022346	-7.03727325569587	0.659831390938781	25.4758147463442	9.86500195374539e-05	0.0051941230047894
jcf7180000349137_11701_11900	HELPU_022348	2.03108707267184	1.42205680485955	29.877818041625	2.3550930908774e-05	0.00235094553033991
jcf7180000396001_11901_12200	HELPU_022375	-1.30963507369013	2.8317929335969	10.1410319598708	0.00465077788902001	0.0477616397467294
jcf7180000417850_28101_28200	HELPU_022429	-6.9947364715547	-0.631041272285679	24.731631315799	0.000202421806342386	0.0077855607258266
jcf7180000417405_15701_15800	HELPU_022430	-1.8546074451507	0.546428856021547	12.2184709653627	0.00227418817561068	0.031134160050456
jcf7180000355260_22201_22500	HELPU_022472	3.55263479032827	1.33314606500928	31.0541826644907	1.85894881328525e-05	0.00206397304454488
jcf7180000372620_6001_6200	HELPU_022474	1.74614027581305	3.28992437331563	10.3241910451694	0.00435645986036767	0.045994011467587
jcf7180000357188_9701_10100	HELPU_022477	1.60193196890461	1.81549286627793	17.8448691513297	0.000414212592383285	0.0116612610771149
jcf7180000361056_23901_24200	HELPU_022486	1.64936980072223	2.27594965324326	18.1046672652501	0.000385806231391028	0.0111926791693141
jcf7180000366221_2501_3100	HELPU_022491	2.59207110568377	0.796958817638177	38.0500271413344	4.95308160775542e-06	0.00101335450404612
jcf7180000349729_13101_13500	HELPU_022500	-1.44056073718528	2.79927065242802	13.7344653839871	0.00139425363173388	0.0234611974121461
jcf7180000372256_9801_10000	HELPU_022508	3.55263500652443	1.32539785517331	28.3214953523876	3.27647553837058e-05	0.00278757851199028
jcf7180000365343_22101_22300	HELPU_022517	-2.52318821087388	0.280936693667024	14.0513096377125	0.00126269414423412	0.0221872005950324
jcf7180000414225_14501_14900	HELPU_022519	-1.76506475330852	2.97466818598436	10.4578173267461	0.00415478391398723	0.0447064988215794
jcf7180000421214_9701_10100	HELPU_022526	-6.6389500876156	0.968501621338618	19.787547339102	0.000245855764968491	0.00873869079331794
jcf7180000420449_31301_31500	HELPU_022567	3.84725128939385	1.64806015269625	37.3653825260556	5.61783077559656e-06	0.0010720175986421
jcf7180000351307_62901_63200	HELPU_022574	-2.7031797194501	0.370952787789073	12.2560185206768	0.00224608874840527	0.0309396370900957
jcf7180000360163_63001_63200	HELPU_022586	1.42450216269715	1.2177590280965	16.3984717676557	0.000623714308541265	0.0147375530648861
jcf7180000356480_4001_4300	HELPU_022589	0.991761145055381	2.51310729330445	10.3163159519875	0.00436468125349252	0.0460447816731903
jcf7180000353966_12301_12600	HELPU_022596	-2.62393550555715	1.87885778686646	21.5579955596913	0.000156191363577223	0.00671133578485782
jcf7180000419273_31001_31200	HELPU_022629	-4.21680511166292	0.626381237522913	11.9359734817832	0.00249852801490732	0.0329947696574402
jcf7180000385848_5301_5800	HELPU_022641	-2.18646199686553	1.01879891482454	10.6501928888323	0.00388239784566309	0.0429087655401969
jcf7180000387244_2301_2400	HELPU_022659	-4.19191551998883	0.613337462374853	11.8429869619373	0.00257765133024082	0.0336221566358617
jcf7180000393000_8601_9200	HELPU_022697	1.49489741905697	2.04732623806917	23.6337708703692	9.38903083873388e-05	0.00505217346617702
jcf7180000371368_25701_25800	HELPU_022702	-4.21847776653991	0.0472819333190047	13.3378374529409	0.00158077747735663	0.0253292848329899
jcf7180000352661_28701_28800	HELPU_022709	5.22779920332153	-0.414420710071962	11.2204502447223	0.0037908177851358	0.0423047052810368
jcf7180000354082_18001_18100	HELPU_022718	7.65773075853824	0.414283706440267	27.3279598972768	0.000101446158633269	0.00527540284655978
jcf7180000414823_20501_20900	HELPU_022746	1.39117096781984	2.0926424736301	10.5299594153017	0.00405022698782537	0.0440129890523506
jcf7180000373416_15801_16100	HELPU_022768	1.2933976716535	0.810869719744872	14.9247603532522	0.00156180608085575	0.0251528496104172
jcf7180000362210_6101_6200	HELPU_022803	6.14608752272271	-0.466115572678026	12.8056916914434	0.00273513917423988	0.0348078643570155
jcf7180000368818_701_1700	HELPU_022841	-4.22010807163728	0.796908153304432	22.9250257276494	0.000111575815829331	0.00555796977400832
jcf7180000372659_5501_6400	HELPU_022843	-3.31933236233663	2.24316057169264	30.1200975581498	2.24813054494219e-05	0.00229576068710948
jcf7180000354975_33001_33100	HELPU_022875	-7.7799665269747	0.283482750856667	39.2584760686333	6.51309337878686e-06	0.0011707177536812
jcf7180000420789_8701_8900	HELPU_022904	-3.28190966924635	-0.0383882493552938	17.3708020811566	0.000473638759737575	0.0125439601512117
jcf7180000366727_11601_11800	HELPU_022908	-2.03898436033844	1.74325822944694	19.8337976343161	0.000242892799001946	0.00868725434884165
jcf7180000394370_6001_6600	HELPU_022909	-3.38197369204246	0.778644424464613	15.708111296733	0.000764325424491114	0.0165623872530778
jcf7180000420875_20901_21100	HELPU_022911	2.2650253821387	1.06088512491013	22.4574070330228	0.000125019351567988	0.0059149187002914
jcf7180000365079_17901_18300	HELPU_022920	1.39689963659356	1.09888062257241	10.4940055641792	0.0040981218447262	0.0443306964792791
jcf7180000362880_16401_16600	HELPU_022952	-2.11892169507944	1.42855843287953	21.3446734889095	0.000164784045926883	0.00694097057686754
jcf7180000413359_17101_17600	HELPU_022960	1.71245131936991	0.717710466612057	12.8545015326416	0.00184638422573586	0.0275674674012117
jcf7180000358926_5101_5400	HELPU_022975	2.04012609565624	2.05817351256702	10.2717298474821	0.00443858883777238	0.0464952257047569
jcf7180000372776_1701_2200	HELPU_022991	-5.01015695460904	1.38473171603505	60.6062169844289	1.75024289261806e-07	0.000166153580075095
jcf7180000361643_4801_5100	HELPU_022995	2.46137392252471	1.84959536912384	34.7480945574638	9.06108558292336e-06	0.00138121509343726
jcf7180000384853_901_2000	HELPU_022997	-4.22013863232711	0.85879273927371	23.2494799634117	0.000103186820598066	0.00533203887126868
jcf7180000365740_6901_7700	HELPU_023025	-2.12593941774964	0.600229851441364	21.7033808271156	0.000150259606559828	0.00657846503757604
jcf7180000382086_2901_3100	HELPU_023029	2.87211979627067	-0.365501312363262	10.572716537255	0.00398717459276727	0.0435996632462799
jcf7180000393803_15401_16300	HELPU_023045	-2.09867907246857	0.597804058344908	19.249715686424	0.000282817088785903	0.00941278762371366
jcf7180000370533_10201_10600	HELPU_023065	-3.83009476741099	0.976631171745694	33.0059034967614	1.26397498722948e-05	0.0016561599435827
jcf7180000392700_2301_3700	HELPU_023079	-2.81584224744846	1.1088495443824	21.6897272985164	0.000151132592577577	0.0065978440930068
jcf7180000369636_301_500	HELPU_023098	2.98750823704741	1.43732549777337	17.399577529762	0.000469829346847469	0.0124908087050624
jcf7180000366887_26001_26100	HELPU_023105	-6.86274582036599	-0.120081145345703	17.939116299319	0.000967582312815313	0.0190259731843793
jcf7180000418376_14701_14800	HELPU_023138	3.26797384152838	0.164248986028467	14.3839884037403	0.00113915970290179	0.020900144473597
jcf7180000386766_11601_12100	HELPU_023144	-5.0257528486037	1.4055289077841	65.0546884935066	1.01435690382657e-07	0.000128136115929316
jcf7180000419195_10001_10400	HELPU_023145	1.83941754866603	1.92693122511848	11.0190612416639	0.0034138127246348	0.0397757855948815
jcf7180000359798_10201_10300	HELPU_023157	4.12183969480773	0.47833516350536	12.5421795190304	0.00204414291778784	0.0292266621830588
jcf7180000351156_2901_3900	HELPU_023166	-4.2472124900978	0.803118054476843	24.567216776815	7.55925115629712e-05	0.00448841992872681
jcf7180000413430_301_500	HELPU_023173	1.48574662734927	1.32113810448693	12.9514983409252	0.00178869192829018	0.0270601417073032
jcf7180000394300_30801_31100	HELPU_023190	-2.20730958888042	0.0646537974523031	14.217320024433	0.00119760267001941	0.0215144091799831
jcf7180000392454_12901_13300	HELPU_023206	-2.0825187223455	2.47528690105332	28.8868798531011	2.90153308965009e-05	0.00262169532577036
jcf7180000381441_10101_10200	HELPU_023210	3.33116700753576	0.648554797536759	27.1717464480631	4.20101012564189e-05	0.00320533491544281
jcf7180000367311_8401_8800	HELPU_023218	1.42729699609075	1.92949608339077	20.6097823451642	0.000198179508014305	0.00769882078556581
jcf7180000373246_11501_12100	HELPU_023245	-1.40617915903811	2.14466392835967	13.1268493119217	0.00169025821422566	0.0262888569464604
jcf7180000362698_1501_1600	HELPU_023275	6.34327716026986	-0.0991127745919234	42.1159935694839	7.33844991649668e-06	0.0012327601583395
jcf7180000394309_9901_10300	HELPU_023282	3.58768498568141	0.426907629294762	24.0808715146355	8.46952255877783e-05	0.00476320427634608
jcf7180000362828_20701_21200	HELPU_023313	1.49818501534175	3.64145672546659	10.3385911833767	0.00433421233234268	0.0458365386437995
jcf7180000413520_38801_39200	HELPU_023320	2.58118547457014	0.773869884101564	26.0484451683051	5.38913966505101e-05	0.00367995894602857
jcf7180000360037_11701_11800	HELPU_023381	-4.34348044211636	1.08858786569036	26.1176830090977	5.30606374354728e-05	0.00365336519200244
jcf7180000348595_1701_2300	HELPU_023414	-1.51222675510565	1.28898853029285	12.1503800296715	0.00232440865441252	0.0315522831986621
jcf7180000393636_35201_35500	HELPU_023423	-1.82680003272647	3.37349508445479	14.1398947438949	0.00122841254676905	0.0218228940354412
jcf7180000373153_2901_3600	HELPU_023462	-1.98753813341968	2.22030790243523	15.4122390310942	0.000834405232613834	0.0173979899222452
jcf7180000364617_15301_16200	HELPU_023463	-2.08856511470371	0.767217016754933	16.1401902941151	0.000672854207886383	0.0154178889761818
jcf7180000349937_3401_3500	HELPU_023466	-1.41594694912319	1.79832201901024	18.7555939080545	0.000322886754845131	0.0101407329528538
jcf7180000389439_4501_4600	HELPU_023473	6.42266455390085	1.15590863386031	31.5751877682673	1.67456655906025e-05	0.00194276353214788
jcf7180000370324_1101_1300	HELPU_023489	-3.71074777264427	0.423858508787888	28.3220118452646	3.27611429808772e-05	0.00278757851199028
jcf7180000419191_8101_8300	HELPU_023527	3.16029018627736	1.39516404892426	10.570084207012	0.00399333953492816	0.0436431724271546
jcf7180000351208_3701_4300	HELPU_023531	-1.61996178418305	0.939282303292448	11.8108456057474	0.00260377213658007	0.0338380508967431
jcf7180000352917_10001_10100	HELPU_023551	1.93879154177568	0.270705973370498	10.5330462335191	0.00404581882222428	0.0439884507968886
jcf7180000359541_7901_8000	HELPU_023553	-7.22510392581797	-0.454023481659415	19.1962452849537	0.00136315723254445	0.0231841955136874
jcf7180000361484_24401_25200	HELPU_023554	1.17583827698545	1.97716328767519	11.3814646024489	0.00301062707613713	0.0368735517633084
jcf7180000359200_3401_4400	HELPU_023555	1.11534173482748	3.26874857781769	16.9473796195475	0.000532881194569486	0.0133958999647277
jcf7180000420494_13601_14200	HELPU_023562	-3.04975907181475	3.38960459883839	84.2855575808529	1.27413573946937e-08	4.34460568391657e-05
jcf7180000352298_33701_34300	HELPU_023644	-1.64218378203371	2.27406409124965	22.4376175396266	0.000125314940925079	0.00592205619276482
jcf7180000348827_2201_2400	HELPU_023663	2.79802553777577	1.06473625665887	17.4687731420541	0.000460806667268437	0.0123508890659527
jcf7180000417395_13601_14600	HELPU_023666	1.84866472690201	2.07824538602572	10.9098604879333	0.00354564275916171	0.040651982170299
jcf7180000353708_5301_5600	HELPU_023669	-3.14721850810452	0.46041048938017	14.7668088492586	0.00109421039013735	0.0204243336211059
jcf7180000351395_13201_13300	HELPU_023683	2.21581281199792	0.236081919395729	10.2160954031042	0.00499414168526283	0.0498608184490494
jcf7180000372416_4401_5000	HELPU_023714	-1.98753884950773	2.21243578258389	15.1092463873028	0.000913607867372491	0.0183804144572523
jcf7180000363662_5901_6400	HELPU_023783	-2.38125965928054	3.26958035274263	24.2558566521109	8.12879269470167e-05	0.00465938645988459
jcf7180000365490_9901_10000	HELPU_023789	-3.01675613973522	1.01698466015935	15.6776203494413	0.000771237931683573	0.0166430623866745
jcf7180000393898_21201_21400	HELPU_023801	4.19512803698683	0.524661199466878	14.8745524402227	0.000980675960894896	0.0191698273728701
jcf7180000368711_26301_26600	HELPU_023837	-2.23031631953852	0.25718559649569	10.5616314645521	0.00400524939150128	0.0437316192375838
jcf7180000350370_5301_5500	HELPU_023852	2.89488549096762	0.0744112865782095	16.7533223926775	0.000564187903692171	0.0138973726084312
jcf7180000364393_3701_3900	HELPU_023856	-7.12819622652396	0.989347797470912	31.277773125192	2.60450533236453e-05	0.00247429734273027
jcf7180000363647_1801_2100	HELPU_023913	3.96930832528889	-0.0183662104815105	17.0508549489896	0.000518372099589363	0.0132123878231212
jcf7180000384030_5801_6000	HELPU_023933	-4.26757426749249	0.135603850957726	22.2112776217293	0.000132805382776087	0.00613335172080077
